Time,LiveTraffic,JamsDelay,JamsLength,JamsCount
2020-04-13 07:31:30.001,3,0.0,0.0,0
2020-04-13 07:46:30.000,2,0.0,0.0,0
2020-04-13 08:01:30.000,2,0.0,0.0,0
2020-04-13 08:16:30.000,2,0.0,0.0,0
2020-04-13 08:31:30.000,3,0.0,0.0,0
2020-04-13 08:46:30.000,4,0.0,0.0,0
2020-04-13 09:01:30.000,4,0.0,0.0,0
2020-04-13 09:16:30.000,6,0.0,0.0,0
2020-04-13 09:31:30.000,6,0.0,0.0,0
2020-04-13 09:46:30.000,5,0.0,0.0,0
2020-04-13 10:01:30.000,5,0.0,0.0,0
2020-04-13 10:16:30.000,4,0.0,0.0,0
2020-04-13 10:31:30.000,4,0.0,0.0,0
2020-04-13 10:46:30.000,5,0.0,0.0,0
2020-04-13 11:01:30.000,5,0.0,0.0,0
2020-04-13 11:16:30.000,5,0.0,0.0,0
2020-04-13 11:31:30.000,3,0.0,0.0,0
2020-04-13 11:46:30.000,3,0.0,0.0,0
2020-04-13 12:01:30.000,2,0.0,0.0,0
2020-04-13 12:16:30.000,4,0.0,0.0,0
2020-04-13 12:31:30.001,4,0.0,0.0,0
2020-04-13 12:46:30.000,4,0.0,0.0,0
2020-04-13 13:01:30.000,5,0.0,0.0,0
2020-04-13 13:16:30.000,4,0.0,0.0,0
2020-04-13 13:31:30.000,7,0.0,0.0,0
2020-04-13 13:46:30.000,5,0.0,0.0,0
2020-04-13 14:01:30.001,5,0.0,0.0,0
2020-04-13 14:16:30.000,6,0.0,0.0,0
2020-04-13 14:31:30.000,7,0.0,0.0,0
2020-04-13 14:46:30.000,6,0.0,0.0,0
2020-04-13 15:01:30.001,8,0.0,0.0,0
2020-04-13 15:16:30.000,9,0.0,0.0,0
2020-04-13 15:31:30.000,9,0.0,0.0,0
2020-04-13 15:46:30.000,7,0.0,0.0,0
2020-04-13 16:01:30.000,7,0.0,0.0,0
2020-04-13 16:16:30.000,6,3.6,0.2,1
2020-04-13 16:31:30.000,7,0.0,0.0,0
2020-04-13 16:46:30.000,6,0.0,0.0,0
2020-04-13 17:01:30.000,6,0.0,0.0,0
2020-04-13 17:16:30.000,6,0.0,0.0,0
2020-04-13 17:31:30.001,5,0.0,0.0,0
2020-04-13 17:46:30.000,3,0.0,0.0,0
2020-04-13 18:01:30.000,2,0.0,0.0,0
2020-04-13 18:16:30.000,2,0.0,0.0,0
2020-04-13 18:31:30.000,1,0.0,0.0,0
2020-04-13 18:46:30.000,2,0.0,0.0,0
2020-04-13 19:01:30.000,2,0.0,0.0,0
2020-04-13 19:16:30.000,3,0.0,0.0,0
2020-04-13 19:31:30.000,2,0.0,0.0,0
2020-04-13 19:46:30.000,1,0.0,0.0,0
2020-04-13 20:01:30.000,0,0.0,0.0,0
2020-04-13 20:16:30.001,0,0.0,0.0,0
2020-04-13 20:31:30.000,0,0.0,0.0,0
2020-04-13 20:46:30.000,0,0.0,0.0,0
2020-04-13 21:01:30.000,0,0.0,0.0,0
2020-04-13 21:16:30.000,0,0.0,0.0,0
2020-04-13 21:31:30.000,0,0.0,0.0,0
2020-04-13 21:46:30.000,0,0.0,0.0,0
2020-04-13 22:01:30.001,0,0.0,0.0,0
2020-04-13 22:16:30.000,0,0.0,0.0,0
2020-04-13 22:31:30.001,0,0.0,0.0,0
2020-04-13 22:46:30.000,0,0.0,0.0,0
2020-04-13 23:01:30.000,0,0.0,0.0,0
2020-04-13 23:16:30.000,0,0.0,0.0,0
2020-04-13 23:31:30.000,0,0.0,0.0,0
2020-04-13 23:46:30.000,0,0.0,0.0,0
2020-04-14 00:01:30.000,0,0.0,0.0,0
2020-04-14 00:16:30.001,1,0.0,0.0,0
2020-04-14 00:31:30.000,2,0.0,0.0,0
2020-04-14 00:46:30.000,2,0.0,0.0,0
2020-04-14 01:01:30.000,2,0.0,0.0,0
2020-04-14 01:16:30.000,2,0.0,0.0,0
2020-04-14 01:31:30.000,3,0.7,1.5,1
2020-04-14 01:46:30.000,3,0.0,0.0,0
2020-04-14 02:01:30.000,3,0.0,0.0,0
2020-04-14 02:16:30.000,2,0.0,0.0,0
2020-04-14 02:31:30.000,2,0.0,0.0,0
2020-04-14 02:46:30.000,2,0.5,1.1,1
2020-04-14 03:01:30.000,3,0.8,1.7,1
2020-04-14 03:16:30.000,2,0.0,0.0,0
2020-04-14 03:31:30.000,1,0.6,1.5,1
2020-04-14 03:46:30.001,1,0.0,0.0,0
2020-04-14 04:01:30.000,1,0.5,1.2,1
2020-04-14 04:16:30.000,2,0.0,0.0,0
2020-04-14 04:31:30.000,3,0.0,0.0,0
2020-04-14 04:46:30.000,3,0.0,0.0,0
2020-04-14 05:01:30.000,4,0.0,0.0,0
2020-04-14 05:16:30.000,6,0.9,0.6,1
2020-04-14 05:31:30.000,8,0.0,0.0,0
2020-04-14 05:46:30.000,10,0.0,0.0,0
2020-04-14 06:01:30.000,12,2.8,0.2,1
2020-04-14 06:16:30.000,12,0.0,0.0,0
2020-04-14 06:31:30.001,12,0.0,0.0,0
2020-04-14 06:46:30.000,11,0.0,0.0,0
2020-04-14 07:01:30.000,11,0.0,0.0,0
2020-04-14 07:16:30.001,11,0.0,0.0,0
2020-04-14 07:31:30.000,12,0.0,0.0,0
2020-04-14 07:46:30.000,11,0.0,0.0,0
2020-04-14 08:01:30.000,11,0.0,0.0,0
2020-04-14 08:16:30.000,13,0.0,0.0,0
2020-04-14 08:31:30.000,12,8.8,1.0,2
2020-04-14 08:46:30.000,14,10.6,1.0,2
2020-04-14 09:01:30.001,13,0.0,0.0,0
2020-04-14 09:16:30.000,13,0.0,0.0,0
2020-04-14 09:31:30.000,14,0.0,0.0,0
2020-04-14 09:46:30.000,14,0.0,0.0,0
2020-04-14 10:01:30.000,12,0.0,0.0,0
2020-04-14 10:16:30.000,12,1.5,0.1,1
2020-04-14 10:31:30.000,11,0.0,0.0,0
2020-04-14 10:46:30.000,11,0.0,0.0,0
2020-04-14 11:01:30.000,11,0.0,0.0,0
2020-04-14 11:16:30.000,10,0.0,0.0,0
2020-04-14 11:31:30.000,10,0.0,0.0,0
2020-04-14 11:46:30.000,10,4.1,0.1,1
2020-04-14 12:01:30.000,13,0.6,1.1,1
2020-04-14 12:16:30.000,13,0.0,0.0,0
2020-04-14 12:31:30.000,12,0.0,0.0,0
2020-04-14 12:46:30.000,14,0.0,0.0,0
2020-04-14 13:01:30.000,13,0.0,0.0,0
2020-04-14 13:16:30.000,16,2.6,0.2,1
2020-04-14 13:31:30.000,15,0.0,0.0,0
2020-04-14 13:46:30.000,16,0.0,0.0,0
2020-04-14 14:01:30.000,16,0.0,0.0,0
2020-04-14 14:16:30.000,17,2.6,0.2,1
2020-04-14 14:31:30.003,17,0.0,0.0,0
2020-04-14 14:46:30.000,17,0.0,0.0,0
2020-04-14 15:01:30.000,16,0.0,0.0,0
2020-04-14 15:16:30.000,15,0.0,0.0,0
2020-04-14 15:31:30.000,15,0.0,0.0,0
2020-04-14 15:46:30.000,15,0.0,0.0,0
2020-04-14 16:01:30.001,14,0.0,0.0,0
2020-04-14 16:16:30.007,15,0.0,0.0,0
2020-04-14 16:31:30.000,13,0.0,0.0,0
2020-04-14 16:46:30.001,12,0.0,0.0,0
2020-04-14 17:01:30.000,10,0.0,0.0,0
2020-04-14 17:16:30.000,9,3.8,0.3,1
2020-04-14 17:31:30.000,7,0.0,0.0,0
2020-04-14 17:46:30.000,5,3.0,0.3,1
2020-04-14 18:01:30.000,4,3.0,0.3,1
2020-04-14 18:16:30.000,3,0.0,0.0,0
2020-04-14 18:31:30.001,3,0.0,0.0,0
2020-04-14 18:46:30.001,2,0.0,0.0,0
2020-04-14 19:01:30.000,2,0.0,0.0,0
2020-04-14 19:16:30.000,3,0.0,0.0,0
2020-04-14 19:31:30.000,3,0.0,0.0,0
2020-04-14 19:46:30.001,1,0.0,0.0,0
2020-04-14 20:01:30.000,0,0.0,0.0,0
2020-04-14 20:16:30.000,0,0.0,0.0,0
2020-04-14 20:31:30.000,0,0.0,0.0,0
2020-04-14 20:46:30.000,0,0.0,0.0,0
2020-04-14 21:01:30.000,0,0.0,0.0,0
2020-04-14 21:16:30.000,0,0.0,0.0,0
2020-04-14 21:31:30.000,1,0.5,1.7,1
2020-04-14 21:46:30.000,1,0.0,0.0,0
2020-04-14 22:01:30.000,1,0.0,0.0,0
2020-04-14 22:16:30.000,1,0.0,0.0,0
2020-04-14 22:31:30.000,1,0.0,0.0,0
2020-04-14 22:46:30.000,0,0.0,0.0,0
2020-04-14 23:01:30.000,0,0.0,0.0,0
2020-04-14 23:16:30.000,0,0.0,0.0,0
2020-04-14 23:31:30.000,0,0.0,0.0,0
2020-04-14 23:46:30.000,0,0.0,0.0,0
2020-04-15 00:01:30.000,1,0.0,0.0,0
2020-04-15 00:16:30.000,1,0.0,0.0,0
2020-04-15 00:31:30.000,0,0.0,0.0,0
2020-04-15 00:46:30.000,0,0.0,0.0,0
2020-04-15 01:01:30.000,1,0.0,0.0,0
2020-04-15 01:16:30.000,1,0.0,0.0,0
2020-04-15 01:31:30.000,1,0.0,0.0,0
2020-04-15 01:46:30.000,2,0.0,0.0,0
2020-04-15 02:01:30.000,1,0.0,0.0,0
2020-04-15 02:16:30.000,1,0.0,0.0,0
2020-04-15 02:31:30.000,2,0.0,0.0,0
2020-04-15 02:46:30.001,2,0.0,0.0,0
2020-04-15 03:01:30.000,1,0.0,0.0,0
2020-04-15 03:16:30.000,0,0.0,0.0,0
2020-04-15 03:31:30.000,2,0.0,0.0,0
2020-04-15 03:46:30.000,2,0.0,0.0,0
2020-04-15 04:01:30.000,2,0.0,0.0,0
2020-04-15 04:16:30.000,3,2.3,0.6,1
2020-04-15 04:31:30.001,3,2.3,0.6,1
2020-04-15 04:46:30.000,4,0.0,0.0,0
2020-04-15 05:01:30.000,3,0.0,0.0,0
2020-04-15 05:16:30.000,5,0.0,0.0,0
2020-04-15 05:31:30.000,6,0.0,0.0,0
2020-04-15 05:46:30.000,7,0.0,0.0,0
2020-04-15 06:01:30.000,11,0.0,0.0,0
2020-04-15 06:16:30.000,11,9.2,0.9,1
2020-04-15 06:31:30.000,10,7.4,0.4,1
2020-04-15 06:46:30.000,10,0.0,0.0,0
2020-04-15 07:01:30.000,10,0.0,0.0,0
2020-04-15 07:16:30.000,11,0.0,0.0,0
2020-04-15 07:31:30.000,10,0.0,0.0,0
2020-04-15 07:46:30.000,11,0.0,0.0,0
2020-04-15 08:01:30.000,10,0.0,0.0,0
2020-04-15 08:16:30.000,12,0.0,0.0,0
2020-04-15 08:31:30.000,13,0.0,0.0,0
2020-04-15 08:46:30.001,13,0.0,0.0,0
2020-04-15 09:01:30.000,13,0.0,0.0,0
2020-04-15 09:16:30.000,12,0.0,0.0,0
2020-04-15 09:31:30.000,12,0.0,0.0,0
2020-04-15 09:46:30.000,12,0.0,0.0,0
2020-04-15 10:01:30.000,13,0.0,0.0,0
2020-04-15 10:16:30.000,13,0.0,0.0,0
2020-04-15 10:31:30.000,13,0.0,0.0,0
2020-04-15 10:46:30.000,13,0.0,0.0,0
2020-04-15 11:01:30.000,11,0.0,0.0,0
2020-04-15 11:16:30.000,11,0.0,0.0,0
2020-04-15 11:31:30.000,12,0.0,0.0,0
2020-04-15 11:46:30.001,11,0.0,0.0,0
2020-04-15 12:01:30.000,11,0.0,0.0,0
2020-04-15 12:16:30.000,15,0.0,0.0,0
2020-04-15 12:31:30.000,12,0.0,0.0,0
2020-04-15 12:46:30.000,14,0.0,0.0,0
2020-04-15 13:01:30.001,13,0.0,0.0,0
2020-04-15 13:16:30.000,12,3.3,0.6,1
2020-04-15 13:31:30.000,13,0.0,0.0,0
2020-04-15 13:46:30.000,14,0.0,0.0,0
2020-04-15 14:01:30.000,15,0.0,0.0,0
2020-04-15 14:16:30.000,14,0.0,0.0,0
2020-04-15 14:31:30.000,17,0.0,0.0,0
2020-04-15 14:46:30.000,16,6.0,0.7,1
2020-04-15 15:01:30.001,15,0.0,0.0,0
2020-04-15 15:16:30.000,15,0.0,0.0,0
2020-04-15 15:31:30.000,14,0.0,0.0,0
2020-04-15 15:46:30.000,15,0.0,0.0,0
2020-04-15 16:01:30.000,12,0.0,0.0,0
2020-04-15 16:16:30.000,11,0.0,0.0,0
2020-04-15 16:31:30.000,10,0.0,0.0,0
2020-04-15 16:46:30.000,10,0.0,0.0,0
2020-04-15 17:01:30.000,9,0.0,0.0,0
2020-04-15 17:16:30.000,8,0.0,0.0,0
2020-04-15 17:31:30.000,7,0.0,0.0,0
2020-04-15 17:46:30.000,6,0.0,0.0,0
2020-04-15 18:01:30.000,4,0.0,0.0,0
2020-04-15 18:16:30.000,5,0.0,0.0,0
2020-04-15 18:31:30.000,5,0.0,0.0,0
2020-04-15 18:46:30.000,3,0.0,0.0,0
2020-04-15 19:01:30.000,5,0.0,0.0,0
2020-04-15 19:16:30.000,4,0.0,0.0,0
2020-04-15 19:31:30.000,4,0.0,0.0,0
2020-04-15 19:46:30.000,2,0.0,0.0,0
2020-04-15 20:01:30.000,1,0.0,0.0,0
2020-04-15 20:16:30.000,0,0.0,0.0,0
2020-04-15 20:31:30.000,0,0.0,0.0,0
2020-04-15 20:46:30.001,0,0.0,0.0,0
2020-04-15 21:01:30.000,0,0.0,0.0,0
2020-04-15 21:16:30.000,0,0.0,0.0,0
2020-04-15 21:31:30.000,1,0.0,0.0,0
2020-04-15 21:46:30.000,0,0.0,0.0,0
2020-04-15 22:01:30.000,0,0.0,0.0,0
2020-04-15 22:16:30.000,0,0.0,0.0,0
2020-04-15 22:31:30.000,1,0.0,0.0,0
2020-04-15 22:46:30.001,2,0.0,0.0,0
2020-04-15 23:01:30.000,5,0.0,0.0,0
2020-04-15 23:16:30.000,3,0.0,0.0,0
2020-04-15 23:31:30.000,3,0.0,0.0,0
2020-04-15 23:46:30.000,4,0.0,0.0,0
2020-04-16 00:01:30.001,4,0.8,0.7,1
2020-04-16 00:16:30.000,4,0.0,0.0,0
2020-04-16 00:31:30.000,5,0.0,0.0,0
2020-04-16 00:46:30.001,5,0.0,0.0,0
2020-04-16 01:01:30.000,5,0.0,0.0,0
2020-04-16 01:16:30.000,5,0.0,0.0,0
2020-04-16 01:31:30.000,4,0.0,0.0,0
2020-04-16 01:46:30.000,3,0.0,0.0,0
2020-04-16 02:01:30.001,4,0.0,0.0,0
2020-04-16 02:16:30.000,4,0.0,0.0,0
2020-04-16 02:31:30.000,8,0.0,0.0,0
2020-04-16 02:46:30.000,5,0.0,0.0,0
2020-04-16 03:01:30.000,5,0.0,0.0,0
2020-04-16 03:16:30.000,4,0.0,0.0,0
2020-04-16 03:31:30.000,1,0.0,0.0,0
2020-04-16 03:46:30.000,0,0.0,0.0,0
2020-04-16 04:01:30.001,1,0.0,0.0,0
2020-04-16 04:16:30.000,2,0.0,0.0,0
2020-04-16 04:31:30.000,1,0.0,0.0,0
2020-04-16 04:46:30.000,3,0.0,0.0,0
2020-04-16 05:01:30.000,4,0.0,0.0,0
2020-04-16 05:16:30.001,6,0.0,0.0,0
2020-04-16 05:31:30.000,7,0.0,0.0,0
2020-04-16 05:46:30.000,9,0.0,0.0,0
2020-04-16 06:01:30.000,11,0.0,0.0,0
2020-04-16 06:16:30.000,11,2.6,0.3,1
2020-04-16 06:31:30.000,12,0.0,0.0,0
2020-04-16 06:46:30.001,12,0.0,0.0,0
2020-04-16 07:01:30.001,12,0.0,0.0,0
2020-04-16 07:16:30.000,12,0.0,0.0,0
2020-04-16 07:31:30.000,11,0.0,0.0,0
2020-04-16 07:46:30.000,11,0.0,0.0,0
2020-04-16 08:01:30.000,12,0.0,0.0,0
2020-04-16 08:16:30.000,12,0.0,0.0,0
2020-04-16 08:31:30.000,11,0.0,0.0,0
2020-04-16 08:46:30.004,12,0.0,0.0,0
2020-04-16 09:01:30.000,13,0.0,0.0,0
2020-04-16 09:16:30.000,13,0.0,0.0,0
2020-04-16 09:31:30.000,13,0.0,0.0,0
2020-04-16 09:46:30.000,13,0.0,0.0,0
2020-04-16 10:01:30.000,12,0.0,0.0,0
2020-04-16 10:16:30.000,11,0.0,0.0,0
2020-04-16 10:31:30.001,12,2.6,0.3,1
2020-04-16 10:46:30.000,11,0.0,0.0,0
2020-04-16 11:01:30.000,12,0.0,0.0,0
2020-04-16 11:16:30.001,11,0.0,0.0,0
2020-04-16 11:31:30.000,11,0.0,0.0,0
2020-04-16 11:46:30.000,12,0.0,0.0,0
2020-04-16 12:01:30.000,12,0.0,0.0,0
2020-04-16 12:16:30.000,14,0.0,0.0,0
2020-04-16 12:31:30.000,13,0.0,0.0,0
2020-04-16 12:46:30.000,13,2.7,0.2,1
2020-04-16 13:01:30.000,13,3.4,0.2,1
2020-04-16 13:16:30.001,14,1.3,0.1,1
2020-04-16 13:31:30.000,14,0.0,0.0,0
2020-04-16 13:46:30.001,14,0.0,0.0,0
2020-04-16 14:01:30.000,15,2.8,0.7,1
2020-04-16 14:16:30.000,15,0.0,0.0,0
2020-04-16 14:31:30.000,15,0.0,0.0,0
2020-04-16 14:46:30.000,17,0.0,0.0,0
2020-04-16 15:01:30.000,16,2.0,0.2,1
2020-04-16 15:16:30.000,17,0.0,0.0,0
2020-04-16 15:31:30.000,16,0.0,0.0,0
2020-04-16 15:46:30.000,15,4.9,0.4,2
2020-04-16 16:01:30.000,14,2.9,0.7,1
2020-04-16 16:16:30.000,13,0.0,0.0,0
2020-04-16 16:31:30.000,12,0.0,0.0,0
2020-04-16 16:46:30.000,11,0.0,0.0,0
2020-04-16 17:01:30.000,10,2.2,0.3,1
2020-04-16 17:16:30.000,7,2.2,0.3,1
2020-04-16 17:31:30.000,7,0.0,0.0,0
2020-04-16 17:46:30.000,6,0.0,0.0,0
2020-04-16 18:01:30.000,5,0.0,0.0,0
2020-04-16 18:16:30.000,5,2.5,0.4,1
2020-04-16 18:31:30.000,3,0.0,0.0,0
2020-04-16 18:46:30.000,5,2.8,0.3,1
2020-04-16 19:01:30.000,4,0.0,0.0,0
2020-04-16 19:16:30.000,4,0.0,0.0,0
2020-04-16 19:31:30.000,2,0.0,0.0,0
2020-04-16 19:46:30.000,1,0.0,0.0,0
2020-04-16 20:01:30.000,1,0.0,0.0,0
2020-04-16 20:16:30.000,1,0.0,0.0,0
2020-04-16 20:31:30.000,1,0.0,0.0,0
2020-04-16 20:46:30.000,1,0.0,0.0,0
2020-04-16 21:01:30.000,1,0.0,0.0,0
2020-04-16 21:16:30.000,0,0.0,0.0,0
2020-04-16 21:31:30.000,0,0.0,0.0,0
2020-04-16 21:46:30.000,0,0.7,1.9,1
2020-04-16 22:01:30.000,0,0.8,1.9,1
2020-04-16 22:16:30.000,3,0.0,0.0,0
2020-04-16 22:31:30.000,3,0.0,0.0,0
2020-04-16 22:46:30.000,3,0.0,0.0,0
2020-04-16 23:01:30.001,2,0.0,0.0,0
2020-04-16 23:16:30.001,1,0.0,0.0,0
2020-04-16 23:31:30.000,1,0.0,0.0,0
2020-04-16 23:46:30.000,1,0.0,0.0,0
2020-04-17 00:01:30.000,1,0.0,0.0,0
2020-04-17 00:16:30.000,1,0.9,1.6,1
2020-04-17 00:31:30.000,1,1.0,1.8,1
2020-04-17 00:46:30.000,2,0.0,0.0,0
2020-04-17 01:01:30.000,2,0.0,0.0,0
2020-04-17 01:16:30.000,2,0.0,0.0,0
2020-04-17 01:31:30.000,2,0.0,0.0,0
2020-04-17 01:46:30.000,1,0.0,0.0,0
2020-04-17 02:01:30.000,0,0.0,0.0,0
2020-04-17 02:16:30.001,0,0.0,0.0,0
2020-04-17 02:31:30.000,0,0.0,0.0,0
2020-04-17 02:46:30.001,1,0.0,0.0,0
2020-04-17 03:01:30.000,2,0.0,0.0,0
2020-04-17 03:16:30.000,1,0.0,0.0,0
2020-04-17 03:31:30.000,0,0.0,0.0,0
2020-04-17 03:46:30.000,0,0.0,0.0,0
2020-04-17 04:01:30.000,0,0.0,0.0,0
2020-04-17 04:16:30.000,0,0.0,0.0,0
2020-04-17 04:31:30.000,0,0.0,0.0,0
2020-04-17 04:46:30.000,3,0.0,0.0,0
2020-04-17 05:01:30.000,3,0.0,0.0,0
2020-04-17 05:16:30.000,4,0.0,0.0,0
2020-04-17 05:31:30.000,5,0.0,0.0,0
2020-04-17 05:46:30.000,9,2.7,0.4,1
2020-04-17 06:01:30.000,11,0.0,0.0,0
2020-04-17 06:16:30.000,11,0.0,0.0,0
2020-04-17 06:31:30.098,10,0.0,0.0,0
2020-04-17 06:46:30.000,12,0.0,0.0,0
2020-04-17 07:01:30.000,10,0.0,0.0,0
2020-04-17 07:16:30.000,10,0.0,0.0,0
2020-04-17 07:31:30.001,12,0.0,0.0,0
2020-04-17 07:46:30.001,12,0.0,0.0,0
2020-04-17 08:01:30.001,12,0.0,0.0,0
2020-04-17 08:16:30.000,12,0.0,0.0,0
2020-04-17 08:31:30.000,13,0.0,0.0,0
2020-04-17 08:46:30.000,14,0.0,0.0,0
2020-04-17 09:01:30.000,14,0.0,0.0,0
2020-04-17 09:16:30.000,16,3.1,0.3,1
2020-04-17 09:31:30.000,16,0.0,0.0,0
2020-04-17 09:46:30.000,16,0.0,0.0,0
2020-04-17 10:01:30.000,16,0.0,0.0,0
2020-04-17 10:16:30.000,14,0.0,0.0,0
2020-04-17 10:31:30.000,14,0.0,0.0,0
2020-04-17 10:46:30.000,14,0.0,0.0,0
2020-04-17 11:01:30.000,12,0.0,0.0,0
2020-04-17 11:16:30.000,11,0.0,0.0,0
2020-04-17 11:31:30.000,11,0.0,0.0,0
2020-04-17 11:46:30.000,13,4.6,0.3,1
2020-04-17 12:01:30.000,13,3.2,0.3,1
2020-04-17 12:16:30.000,14,2.6,0.4,1
2020-04-17 12:31:30.000,15,0.0,0.0,0
2020-04-17 12:46:30.000,14,2.0,0.2,1
2020-04-17 13:01:30.000,14,0.0,0.0,0
2020-04-17 13:16:30.001,15,0.0,0.0,0
2020-04-17 13:31:30.000,15,0.0,0.0,0
2020-04-17 13:46:30.000,15,0.0,0.0,0
2020-04-17 14:01:30.000,14,0.0,0.0,0
2020-04-17 14:16:30.000,17,0.0,0.0,0
2020-04-17 14:31:30.000,17,3.0,0.6,1
2020-04-17 14:46:30.000,19,7.8,1.0,2
2020-04-17 15:01:30.000,22,8.8,1.3,2
2020-04-17 15:16:30.000,22,17.6,1.5,3
2020-04-17 15:31:30.000,21,11.5,2.1,3
2020-04-17 15:46:30.000,19,6.1,0.7,2
2020-04-17 16:01:30.000,17,0.0,0.0,0
2020-04-17 16:16:30.000,14,0.0,0.0,0
2020-04-17 16:31:30.001,12,0.0,0.0,0
2020-04-17 16:46:30.000,12,0.0,0.0,0
2020-04-17 17:01:30.000,10,0.0,0.0,0
2020-04-17 17:16:30.000,9,0.0,0.0,0
2020-04-17 17:31:30.000,7,0.0,0.0,0
2020-04-17 17:46:30.000,7,0.0,0.0,0
2020-04-17 18:01:30.000,6,0.0,0.0,0
2020-04-17 18:16:30.000,6,0.0,0.0,0
2020-04-17 18:31:30.000,5,0.0,0.0,0
2020-04-17 18:46:30.000,3,0.0,0.0,0
2020-04-17 19:01:30.000,6,2.8,0.2,1
2020-04-17 19:16:30.000,4,2.8,0.2,1
2020-04-17 19:31:30.000,2,0.0,0.0,0
2020-04-17 19:46:30.000,2,0.0,0.0,0
2020-04-17 20:01:30.000,4,0.0,0.0,0
2020-04-17 20:16:30.001,1,0.0,0.0,0
2020-04-17 20:31:30.000,0,0.0,0.0,0
2020-04-17 20:46:30.000,0,0.0,0.0,0
2020-04-17 21:01:30.000,0,0.0,0.0,0
2020-04-17 21:16:30.000,0,0.0,0.0,0
2020-04-17 21:31:30.000,0,0.0,0.0,0
2020-04-17 21:46:30.000,0,0.0,0.0,0
2020-04-17 22:01:30.000,1,0.0,0.0,0
2020-04-17 22:16:30.000,1,0.0,0.0,0
2020-04-17 22:31:30.001,0,0.0,0.0,0
2020-04-17 22:46:30.000,1,0.0,0.0,0
2020-04-17 23:01:30.000,1,0.0,0.0,0
2020-04-17 23:16:30.000,0,0.0,0.0,0
2020-04-17 23:31:30.001,0,0.0,0.0,0
2020-04-17 23:46:30.000,0,0.0,0.0,0
2020-04-18 00:01:30.000,0,0.0,0.0,0
2020-04-18 00:16:30.000,1,0.5,1.1,1
2020-04-18 00:31:30.000,4,0.0,0.0,0
2020-04-18 00:46:30.001,4,0.0,0.0,0
2020-04-18 01:01:30.001,4,0.0,0.0,0
2020-04-18 01:16:30.000,4,0.0,0.0,0
2020-04-18 01:31:30.000,3,0.0,0.0,0
2020-04-18 01:46:30.000,3,0.0,0.0,0
2020-04-18 02:01:30.000,4,0.0,0.0,0
2020-04-18 02:16:30.000,5,0.8,1.6,1
2020-04-18 02:31:30.000,5,0.0,0.0,0
2020-04-18 02:46:30.000,5,0.0,0.0,0
2020-04-18 03:01:30.001,4,0.0,0.0,0
2020-04-18 03:16:30.000,3,0.0,0.0,0
2020-04-18 03:31:30.000,2,0.0,0.0,0
2020-04-18 03:46:30.000,0,0.0,0.0,0
2020-04-18 04:01:30.000,0,0.0,0.0,0
2020-04-18 04:16:30.000,0,0.0,0.0,0
2020-04-18 04:31:30.000,2,2.9,0.2,1
2020-04-18 04:46:30.000,1,2.9,0.2,1
2020-04-18 05:01:30.000,0,0.0,0.0,0
2020-04-18 05:16:30.000,1,0.0,0.0,0
2020-04-18 05:31:30.000,2,0.0,0.0,0
2020-04-18 05:46:30.000,2,0.0,0.0,0
2020-04-18 06:01:30.001,2,0.0,0.0,0
2020-04-18 06:16:30.000,3,0.0,0.0,0
2020-04-18 06:31:30.000,4,0.0,0.0,0
2020-04-18 06:46:30.000,5,0.0,0.0,0
2020-04-18 07:01:30.001,7,0.0,0.0,0
2020-04-18 07:16:30.001,6,0.0,0.0,0
2020-04-18 07:31:30.000,6,0.0,0.0,0
2020-04-18 07:46:30.000,7,0.0,0.0,0
2020-04-18 08:01:30.000,8,0.0,0.0,0
2020-04-18 08:16:30.001,9,0.0,0.0,0
2020-04-18 08:31:30.000,10,0.0,0.0,0
2020-04-18 08:46:30.001,11,0.0,0.0,0
2020-04-18 09:01:30.000,11,0.0,0.0,0
2020-04-18 09:16:30.000,12,0.0,0.0,0
2020-04-18 09:31:30.000,12,0.0,0.0,0
2020-04-18 09:46:30.000,13,0.0,0.0,0
2020-04-18 10:01:30.000,12,0.0,0.0,0
2020-04-18 10:16:30.000,13,0.0,0.0,0
2020-04-18 10:31:30.000,11,0.0,0.0,0
2020-04-18 10:46:30.000,11,0.0,0.0,0
2020-04-18 11:01:30.001,11,0.0,0.0,0
2020-04-18 11:16:30.000,10,0.0,0.0,0
2020-04-18 11:31:30.000,11,0.0,0.0,0
2020-04-18 11:46:30.000,12,0.0,0.0,0
2020-04-18 12:01:30.001,12,0.0,0.0,0
2020-04-18 12:16:30.000,11,0.0,0.0,0
2020-04-18 12:31:30.000,11,0.0,0.0,0
2020-04-18 12:46:30.000,12,0.0,0.0,0
2020-04-18 13:01:30.001,12,0.0,0.0,0
2020-04-18 13:16:30.000,11,0.0,0.0,0
2020-04-18 13:31:30.000,11,0.0,0.0,0
2020-04-18 13:46:30.000,11,0.0,0.0,0
2020-04-18 14:01:30.000,11,0.0,0.0,0
2020-04-18 14:16:30.001,12,0.0,0.0,0
2020-04-18 14:31:30.000,12,0.0,0.0,0
2020-04-18 14:46:30.000,11,0.0,0.0,0
2020-04-18 15:01:30.000,11,0.0,0.0,0
2020-04-18 15:16:30.000,12,0.0,0.0,0
2020-04-18 15:31:30.000,11,0.0,0.0,0
2020-04-18 15:46:30.000,10,0.0,0.0,0
2020-04-18 16:01:30.001,9,0.0,0.0,0
2020-04-18 16:16:30.000,10,0.0,0.0,0
2020-04-18 16:31:30.000,9,0.0,0.0,0
2020-04-18 16:46:30.000,9,0.0,0.0,0
2020-04-18 17:01:30.000,7,0.0,0.0,0
2020-04-18 17:16:30.000,8,0.0,0.0,0
2020-04-18 17:31:30.000,7,0.0,0.0,0
2020-04-18 17:46:30.000,6,0.0,0.0,0
2020-04-18 18:01:30.000,4,0.0,0.0,0
2020-04-18 18:16:30.000,6,0.0,0.0,0
2020-04-18 18:31:30.001,6,0.0,0.0,0
2020-04-18 18:46:30.000,6,0.0,0.0,0
2020-04-18 19:01:30.000,6,0.0,0.0,0
2020-04-18 19:16:30.000,5,0.0,0.0,0
2020-04-18 19:31:30.001,3,0.0,0.0,0
2020-04-18 19:46:30.000,2,0.0,0.0,0
2020-04-18 20:01:30.000,0,0.0,0.0,0
2020-04-18 20:16:30.000,0,0.0,0.0,0
2020-04-18 20:31:30.000,0,0.0,0.0,0
2020-04-18 20:46:30.000,0,0.0,0.0,0
2020-04-18 21:01:30.000,0,0.0,0.0,0
2020-04-18 21:16:30.000,0,0.0,0.0,0
2020-04-18 21:31:30.000,0,0.0,0.0,0
2020-04-18 21:46:30.000,0,0.0,0.0,0
2020-04-18 22:01:30.000,0,0.0,0.0,0
2020-04-18 22:16:30.000,0,0.0,0.0,0
2020-04-18 22:31:30.000,0,0.0,0.0,0
2020-04-18 22:46:30.000,0,0.0,0.0,0
2020-04-18 23:01:30.001,0,0.0,0.0,0
2020-04-18 23:16:30.000,0,0.0,0.0,0
2020-04-18 23:31:30.000,0,0.0,0.0,0
2020-04-18 23:46:30.000,0,0.0,0.0,0
2020-04-19 00:01:30.001,0,0.0,0.0,0
2020-04-19 00:16:30.001,0,0.0,0.0,0
2020-04-19 00:31:30.000,0,0.0,0.0,0
2020-04-19 00:46:30.000,0,0.0,0.0,0
2020-04-19 01:01:30.001,0,0.0,0.0,0
2020-04-19 01:16:30.000,0,0.0,0.0,0
2020-04-19 01:31:30.000,0,0.0,0.0,0
2020-04-19 01:46:30.000,0,0.0,0.0,0
2020-04-19 02:01:30.000,0,0.0,0.0,0
2020-04-19 02:16:30.000,0,0.0,0.0,0
2020-04-19 02:31:30.000,0,0.0,0.0,0
2020-04-19 02:46:30.000,0,0.0,0.0,0
2020-04-19 03:01:30.000,0,0.0,0.0,0
2020-04-19 03:16:30.000,0,0.0,0.0,0
2020-04-19 03:31:30.000,0,0.0,0.0,0
2020-04-19 03:46:30.000,0,0.0,0.0,0
2020-04-19 04:01:30.000,0,0.0,0.0,0
2020-04-19 04:16:30.000,0,0.0,0.0,0
2020-04-19 04:31:30.000,0,0.0,0.0,0
2020-04-19 04:46:30.000,0,0.0,0.0,0
2020-04-19 05:01:30.000,0,0.0,0.0,0
2020-04-19 05:16:30.000,0,0.0,0.0,0
2020-04-19 05:31:30.000,0,0.0,0.0,0
2020-04-19 05:46:30.000,0,0.0,0.0,0
2020-04-19 06:01:30.000,2,0.0,0.0,0
2020-04-19 06:16:30.000,3,0.0,0.0,0
2020-04-19 06:31:30.000,3,0.0,0.0,0
2020-04-19 06:46:30.000,2,0.0,0.0,0
2020-04-19 07:01:30.000,3,0.0,0.0,0
2020-04-19 07:16:30.000,3,0.0,0.0,0
2020-04-19 07:31:30.000,4,0.0,0.0,0
2020-04-19 07:46:30.001,5,0.0,0.0,0
2020-04-19 08:01:30.001,5,0.0,0.0,0
2020-04-19 08:16:30.001,5,0.0,0.0,0
2020-04-19 08:31:30.000,5,0.0,0.0,0
2020-04-19 08:46:30.000,5,0.0,0.0,0
2020-04-19 09:01:30.000,5,0.0,0.0,0
2020-04-19 09:16:30.000,7,0.0,0.0,0
2020-04-19 09:31:30.000,6,0.0,0.0,0
2020-04-19 09:46:30.000,6,0.0,0.0,0
2020-04-19 10:01:30.001,6,0.0,0.0,0
2020-04-19 10:16:30.000,5,0.0,0.0,0
2020-04-19 10:31:30.000,6,0.0,0.0,0
2020-04-19 10:46:30.000,6,0.0,0.0,0
2020-04-19 11:01:30.000,5,0.0,0.0,0
2020-04-19 11:16:30.000,5,0.0,0.0,0
2020-04-19 11:31:30.000,5,0.0,0.0,0
2020-04-19 11:46:30.000,5,0.0,0.0,0
2020-04-19 12:01:30.000,5,0.0,0.0,0
2020-04-19 12:16:30.001,4,0.0,0.0,0
2020-04-19 12:31:30.000,6,0.0,0.0,0
2020-04-19 12:46:30.000,7,0.0,0.0,0
2020-04-19 13:01:30.000,6,0.0,0.0,0
2020-04-19 13:16:30.000,7,0.0,0.0,0
2020-04-19 13:31:30.000,6,0.0,0.0,0
2020-04-19 13:46:30.000,6,0.0,0.0,0
2020-04-19 14:01:30.000,8,0.0,0.0,0
2020-04-19 14:16:30.000,8,0.0,0.0,0
2020-04-19 14:31:30.000,8,3.6,0.4,1
2020-04-19 14:46:30.000,8,0.0,0.0,0
2020-04-19 15:01:30.001,7,0.0,0.0,0
2020-04-19 15:16:30.000,7,0.0,0.0,0
2020-04-19 15:31:30.000,6,0.0,0.0,0
2020-04-19 15:46:30.000,5,0.0,0.0,0
2020-04-19 16:01:30.000,6,0.0,0.0,0
2020-04-19 16:16:30.000,7,0.0,0.0,0
2020-04-19 16:31:30.000,7,0.0,0.0,0
2020-04-19 16:46:30.000,6,0.0,0.0,0
2020-04-19 17:01:30.001,5,0.0,0.0,0
2020-04-19 17:16:30.001,6,0.0,0.0,0
2020-04-19 17:31:30.000,6,0.0,0.0,0
2020-04-19 17:46:30.000,5,0.0,0.0,0
2020-04-19 18:16:30.000,5,0.0,0.0,0
2020-04-19 18:31:30.001,4,0.0,0.0,0
2020-04-19 18:46:30.000,2,0.0,0.0,0
2020-04-19 19:01:30.000,2,0.0,0.0,0
2020-04-19 19:16:30.000,1,0.0,0.0,0
2020-04-19 19:31:30.000,1,0.0,0.0,0
2020-04-19 19:46:30.000,1,3.1,0.2,1
2020-04-19 20:01:30.000,1,0.0,0.0,0
2020-04-19 20:16:30.000,1,0.0,0.0,0
2020-04-19 20:31:30.000,0,0.0,0.0,0
2020-04-19 20:46:30.001,0,0.0,0.0,0
2020-04-19 21:01:30.001,0,0.0,0.0,0
2020-04-19 21:16:30.000,0,0.0,0.0,0
2020-04-19 21:31:30.000,0,0.0,0.0,0
2020-04-19 21:46:30.000,0,0.0,0.0,0
2020-04-19 22:01:30.000,0,0.0,0.0,0
2020-04-19 22:16:30.000,0,0.0,0.0,0
2020-04-19 22:31:30.000,0,0.0,0.0,0
2020-04-19 22:46:30.000,0,0.0,0.0,0
2020-04-19 23:01:30.000,0,0.0,0.0,0
2020-04-19 23:16:30.001,2,1.7,2.6,1
2020-04-19 23:31:30.000,4,0.0,0.0,0
2020-04-19 23:46:30.000,3,0.0,0.0,0
2020-04-20 00:01:30.000,4,0.0,0.0,0
2020-04-20 00:16:30.000,5,0.0,0.0,0
2020-04-20 00:31:30.001,5,0.0,0.0,0
2020-04-20 00:46:30.000,5,0.0,0.0,0
2020-04-20 01:01:30.000,5,0.0,0.0,0
2020-04-20 01:16:30.000,5,0.5,0.9,1
2020-04-20 01:31:30.000,4,0.0,0.0,0
2020-04-20 01:46:30.000,4,0.0,0.0,0
2020-04-20 02:01:30.000,3,0.0,0.0,0
2020-04-20 02:16:30.000,2,0.0,0.0,0
2020-04-20 02:31:30.000,3,0.0,0.0,0
2020-04-20 02:46:30.000,6,0.8,1.7,1
2020-04-20 03:01:30.000,3,0.0,0.0,0
2020-04-20 03:16:30.000,3,0.0,0.0,0
2020-04-20 03:31:30.000,1,0.0,0.0,0
2020-04-20 03:46:30.000,2,0.0,0.0,0
2020-04-20 04:01:30.000,3,0.0,0.0,0
2020-04-20 04:16:30.000,3,0.0,0.0,0
2020-04-20 04:31:30.000,3,0.0,0.0,0
2020-04-20 04:46:30.000,4,0.0,0.0,0
2020-04-20 05:01:30.000,5,0.0,0.0,0
2020-04-20 05:16:30.000,5,0.0,0.0,0
2020-04-20 05:31:30.000,6,0.0,0.0,0
2020-04-20 05:46:30.000,8,0.0,0.0,0
2020-04-20 06:01:30.000,10,0.0,0.0,0
2020-04-20 06:16:30.001,11,0.0,0.0,0
2020-04-20 06:31:30.000,10,0.0,0.0,0
2020-04-20 06:46:30.000,10,0.0,0.0,0
2020-04-20 07:01:30.000,12,0.0,0.0,0
2020-04-20 07:16:30.000,12,0.0,0.0,0
2020-04-20 07:31:30.000,13,2.5,0.2,1
2020-04-20 07:46:30.001,11,0.0,0.0,0
2020-04-20 08:01:30.000,11,0.0,0.0,0
2020-04-20 08:16:30.000,13,2.8,0.2,1
2020-04-20 08:31:30.000,14,0.0,0.0,0
2020-04-20 08:46:30.000,13,2.2,0.4,1
2020-04-20 09:01:30.000,13,0.6,1.3,1
2020-04-20 09:16:30.001,13,0.0,0.0,0
2020-04-20 09:31:30.000,13,0.0,0.0,0
2020-04-20 09:46:30.000,13,0.0,0.0,0
2020-04-20 10:01:30.000,13,0.0,0.0,0
2020-04-20 10:16:30.000,13,0.0,0.0,0
2020-04-20 10:31:30.000,12,0.0,0.0,0
2020-04-20 10:46:30.000,10,0.0,0.0,0
2020-04-20 11:01:30.000,11,0.0,0.0,0
2020-04-20 11:16:30.001,10,0.0,0.0,0
2020-04-20 11:31:30.000,11,0.0,0.0,0
2020-04-20 11:46:30.000,11,0.0,0.0,0
2020-04-20 12:01:30.000,11,0.0,0.0,0
2020-04-20 12:16:30.000,13,3.5,0.3,1
2020-04-20 12:31:30.000,14,0.0,0.0,0
2020-04-20 12:46:30.000,13,0.0,0.0,0
2020-04-20 13:01:30.000,13,0.0,0.0,0
2020-04-20 13:16:30.000,12,0.0,0.0,0
2020-04-20 13:31:30.001,14,0.0,0.0,0
2020-04-20 13:46:30.000,16,3.0,0.2,1
2020-04-20 14:01:30.000,15,0.0,0.0,0
2020-04-20 14:16:30.001,14,0.0,0.0,0
2020-04-20 14:31:30.000,15,0.0,0.0,0
2020-04-20 14:46:30.000,17,0.0,0.0,0
2020-04-20 15:01:30.000,16,0.0,0.0,0
2020-04-20 15:16:30.000,16,0.0,0.0,0
2020-04-20 15:31:30.000,15,0.0,0.0,0
2020-04-20 15:46:30.000,16,0.0,0.0,0
2020-04-20 16:01:30.000,15,0.0,0.0,0
2020-04-20 16:16:30.000,13,0.0,0.0,0
2020-04-20 16:31:30.000,12,0.0,0.0,0
2020-04-20 16:46:30.000,10,0.0,0.0,0
2020-04-20 17:01:30.000,9,0.0,0.0,0
2020-04-20 17:16:30.000,8,3.7,0.2,1
2020-04-20 17:31:30.000,7,0.0,0.0,0
2020-04-20 17:46:30.000,5,0.0,0.0,0
2020-04-20 18:01:30.000,7,0.0,0.0,0
2020-04-20 18:16:30.001,5,0.0,0.0,0
2020-04-20 18:31:30.000,6,0.0,0.0,0
2020-04-20 18:46:30.000,4,0.0,0.0,0
2020-04-20 19:01:30.000,4,0.0,0.0,0
2020-04-20 19:16:30.000,3,0.0,0.0,0
2020-04-20 19:31:30.000,3,0.0,0.0,0
2020-04-20 19:46:30.001,2,0.0,0.0,0
2020-04-20 20:01:30.000,2,0.0,0.0,0
2020-04-20 20:16:30.000,1,0.0,0.0,0
2020-04-20 20:31:30.000,2,0.0,0.0,0
2020-04-20 20:46:30.001,2,0.0,0.0,0
2020-04-20 21:01:30.000,4,0.0,0.0,0
2020-04-20 21:16:30.000,5,0.0,0.0,0
2020-04-20 21:31:30.000,4,0.0,0.0,0
2020-04-20 21:46:30.000,4,0.0,0.0,0
2020-04-20 22:01:30.001,6,0.0,0.0,0
2020-04-20 22:16:30.000,4,0.0,0.0,0
2020-04-20 22:31:30.000,5,0.0,0.0,0
2020-04-20 22:46:30.000,7,0.0,0.0,0
2020-04-20 23:01:30.000,7,0.0,0.0,0
2020-04-20 23:16:30.000,5,0.0,0.0,0
2020-04-20 23:31:30.000,4,0.0,0.0,0
2020-04-20 23:46:30.000,1,0.0,0.0,0
2020-04-21 00:01:30.001,2,0.0,0.0,0
2020-04-21 00:16:30.000,2,0.0,0.0,0
2020-04-21 00:31:30.000,2,0.0,0.0,0
2020-04-21 00:46:30.000,2,0.0,0.0,0
2020-04-21 01:01:30.000,2,0.0,0.0,0
2020-04-21 01:16:30.000,2,0.0,0.0,0
2020-04-21 01:31:30.001,2,0.0,0.0,0
2020-04-21 01:46:30.000,2,0.0,0.0,0
2020-04-21 02:01:30.000,2,0.0,0.0,0
2020-04-21 02:16:30.001,2,0.0,0.0,0
2020-04-21 02:31:30.000,4,0.0,0.0,0
2020-04-21 02:46:30.000,5,0.0,0.0,0
2020-04-21 03:01:30.000,5,0.0,0.0,0
2020-04-21 03:16:30.001,3,0.0,0.0,0
2020-04-21 03:31:30.000,2,0.0,0.0,0
2020-04-21 03:46:30.000,0,0.0,0.0,0
2020-04-21 04:01:30.000,1,0.0,0.0,0
2020-04-21 04:16:30.000,2,0.0,0.0,0
2020-04-21 04:31:30.000,2,0.0,0.0,0
2020-04-21 04:46:30.000,2,0.0,0.0,0
2020-04-21 05:01:30.001,3,0.0,0.0,0
2020-04-21 05:16:30.001,5,0.0,0.0,0
2020-04-21 05:31:30.000,9,0.0,0.0,0
2020-04-21 05:46:30.001,11,0.0,0.0,0
2020-04-21 06:01:30.000,13,0.0,0.0,0
2020-04-21 06:16:30.001,13,0.0,0.0,0
2020-04-21 06:31:30.000,13,0.0,0.0,0
2020-04-21 06:46:30.000,13,0.0,0.0,0
2020-04-21 07:01:30.000,14,0.0,0.0,0
2020-04-21 07:16:30.000,12,0.0,0.0,0
2020-04-21 07:31:30.000,14,0.0,0.0,0
2020-04-21 07:46:30.000,13,0.0,0.0,0
2020-04-21 08:01:30.000,12,0.0,0.0,0
2020-04-21 08:16:30.000,12,0.0,0.0,0
2020-04-21 08:31:30.000,15,2.6,1.2,1
2020-04-21 08:46:30.000,14,0.0,0.0,0
2020-04-21 09:01:30.000,13,0.0,0.0,0
2020-04-21 09:16:30.001,15,0.0,0.0,0
2020-04-21 09:31:30.000,16,0.0,0.0,0
2020-04-21 09:46:30.000,16,0.0,0.0,0
2020-04-21 10:01:30.000,16,0.0,0.0,0
2020-04-21 10:16:30.000,15,2.6,0.3,1
2020-04-21 10:31:30.001,13,0.0,0.0,0
2020-04-21 10:46:30.000,12,0.0,0.0,0
2020-04-21 11:01:30.001,11,0.0,0.0,0
2020-04-21 11:16:30.000,11,0.0,0.0,0
2020-04-21 11:31:30.000,12,0.0,0.0,0
2020-04-21 11:46:30.001,12,0.0,0.0,0
2020-04-21 12:01:30.000,13,0.0,0.0,0
2020-04-21 12:16:30.000,14,0.0,0.0,0
2020-04-21 12:31:30.000,14,0.0,0.0,0
2020-04-21 12:46:30.001,14,0.0,0.0,0
2020-04-21 13:01:30.000,13,0.0,0.0,0
2020-04-21 13:16:30.000,15,0.0,0.0,0
2020-04-21 13:31:30.001,14,0.0,0.0,0
2020-04-21 13:46:30.000,16,3.6,0.9,1
2020-04-21 14:01:30.000,16,0.0,0.0,0
2020-04-21 14:16:30.000,18,0.0,0.0,0
2020-04-21 14:31:30.000,18,2.2,0.4,1
2020-04-21 14:46:30.000,17,0.0,0.0,0
2020-04-21 15:01:30.000,16,0.0,0.0,0
2020-04-21 15:16:30.000,16,0.0,0.0,0
2020-04-21 15:31:30.000,15,0.0,0.0,0
2020-04-21 15:46:30.000,15,0.0,0.0,0
2020-04-21 16:01:30.000,14,0.0,0.0,0
2020-04-21 16:16:30.001,13,0.0,0.0,0
2020-04-21 16:31:30.000,12,0.0,0.0,0
2020-04-21 16:46:30.000,10,0.0,0.0,0
2020-04-21 17:01:30.000,8,0.0,0.0,0
2020-04-21 17:16:30.000,8,0.0,0.0,0
2020-04-21 17:31:30.000,8,3.1,0.3,1
2020-04-21 17:46:30.000,7,0.0,0.0,0
2020-04-21 18:01:30.000,5,0.0,0.0,0
2020-04-21 18:16:30.000,5,0.0,0.0,0
2020-04-21 18:31:30.000,6,0.0,0.0,0
2020-04-21 18:46:30.000,4,0.0,0.0,0
2020-04-21 19:01:30.000,4,0.0,0.0,0
2020-04-21 19:16:30.001,4,3.1,0.2,1
2020-04-21 19:31:30.000,3,0.0,0.0,0
2020-04-21 19:46:30.000,2,0.0,0.0,0
2020-04-21 20:01:30.001,0,0.0,0.0,0
2020-04-21 20:16:30.000,0,0.0,0.0,0
2020-04-21 20:31:30.000,0,0.0,0.0,0
2020-04-21 20:46:30.000,0,0.0,0.0,0
2020-04-21 21:01:30.000,0,0.0,0.0,0
2020-04-21 21:16:30.000,1,0.0,0.0,0
2020-04-21 21:31:30.000,1,0.0,0.0,0
2020-04-21 21:46:30.000,1,0.0,0.0,0
2020-04-21 22:01:30.000,2,0.0,0.0,0
2020-04-21 22:16:30.000,3,0.0,0.0,0
2020-04-21 22:31:30.000,2,0.0,0.0,0
2020-04-21 22:46:30.000,4,0.0,0.0,0
2020-04-21 23:01:30.000,6,0.0,0.0,0
2020-04-21 23:16:30.000,5,0.0,0.0,0
2020-04-21 23:31:30.000,4,0.0,0.0,0
2020-04-21 23:46:30.001,3,0.0,0.0,0
2020-04-22 00:01:30.000,3,0.0,0.0,0
2020-04-22 00:16:30.000,5,0.0,0.0,0
2020-04-22 00:31:30.000,7,0.0,0.0,0
2020-04-22 00:46:30.001,8,0.0,0.0,0
2020-04-22 01:01:30.001,9,0.0,0.0,0
2020-04-22 01:16:30.000,8,0.0,0.0,0
2020-04-22 01:31:30.000,8,0.0,0.0,0
2020-04-22 01:46:30.000,6,0.0,0.0,0
2020-04-22 02:01:30.000,5,0.0,0.0,0
2020-04-22 02:16:30.000,4,0.0,0.0,0
2020-04-22 02:31:30.001,6,0.0,0.0,0
2020-04-22 02:46:30.000,5,0.8,1.5,1
2020-04-22 03:01:30.000,5,0.0,0.0,0
2020-04-22 03:16:30.000,3,0.0,0.0,0
2020-04-22 03:31:30.000,1,0.0,0.0,0
2020-04-22 03:46:30.000,1,0.0,0.0,0
2020-04-22 04:01:30.001,1,0.0,0.0,0
2020-04-22 04:16:30.000,3,0.4,1.3,1
2020-04-22 04:31:30.001,3,0.0,0.0,0
2020-04-22 04:46:30.000,3,0.0,0.0,0
2020-04-22 05:01:30.000,3,0.0,0.0,0
2020-04-22 05:16:30.000,5,0.0,0.0,0
2020-04-22 05:31:30.000,7,0.0,0.0,0
2020-04-22 05:46:30.000,9,0.0,0.0,0
2020-04-22 06:01:30.000,10,0.0,0.0,0
2020-04-22 06:16:30.000,10,0.0,0.0,0
2020-04-22 06:31:30.000,11,0.0,0.0,0
2020-04-22 06:46:30.001,12,0.0,0.0,0
2020-04-22 07:01:30.000,13,0.0,0.0,0
2020-04-22 07:16:30.000,14,0.0,0.0,0
2020-04-22 07:31:30.000,14,0.0,0.0,0
2020-04-22 07:46:30.000,15,0.6,1.6,1
2020-04-22 08:01:30.000,16,0.8,1.9,1
2020-04-22 08:16:30.000,16,2.8,2.5,2
2020-04-22 08:31:30.000,15,0.0,0.0,0
2020-04-22 08:46:30.000,15,0.0,0.0,0
2020-04-22 09:01:30.000,16,0.0,0.0,0
2020-04-22 09:16:30.000,16,0.0,0.0,0
2020-04-22 09:31:30.000,18,0.0,0.0,0
2020-04-22 09:46:30.000,18,0.0,0.0,0
2020-04-22 10:01:30.000,18,0.0,0.0,0
2020-04-22 10:16:30.000,17,2.5,0.7,1
2020-04-22 10:31:30.001,16,0.0,0.0,0
2020-04-22 10:46:30.000,16,5.9,0.7,1
2020-04-22 11:01:30.000,19,7.9,1.0,1
2020-04-22 11:16:30.000,19,2.3,0.7,1
2020-04-22 11:31:30.000,17,0.0,0.0,0
2020-04-22 11:46:30.000,17,2.4,0.4,1
2020-04-22 12:01:30.000,16,4.3,1.2,2
2020-04-22 12:16:30.000,16,0.0,0.0,0
2020-04-22 12:31:30.001,16,0.0,0.0,0
2020-04-22 12:46:30.000,16,0.0,0.0,0
2020-04-22 13:01:30.000,19,2.9,0.6,1
2020-04-22 13:16:30.000,17,0.0,0.0,0
2020-04-22 13:31:30.001,16,0.0,0.0,0
2020-04-22 13:46:30.000,16,0.0,0.0,0
2020-04-22 14:01:30.000,16,0.0,0.0,0
2020-04-22 14:16:30.001,16,0.0,0.0,0
2020-04-22 14:31:30.000,15,0.0,0.0,0
2020-04-22 14:46:30.001,16,2.6,0.1,1
2020-04-22 15:01:30.000,16,2.4,0.1,1
2020-04-22 15:16:30.000,16,0.0,0.0,0
2020-04-22 15:31:30.001,14,0.0,0.0,0
2020-04-22 15:46:30.000,15,0.0,0.0,0
2020-04-22 16:01:30.000,14,0.0,0.0,0
2020-04-22 16:16:30.000,13,0.0,0.0,0
2020-04-22 16:31:30.001,13,0.0,0.0,0
2020-04-22 16:46:30.000,11,0.0,0.0,0
2020-04-22 17:01:30.000,9,0.0,0.0,0
2020-04-22 17:16:30.000,8,0.0,0.0,0
2020-04-22 17:31:30.000,6,0.0,0.0,0
2020-04-22 17:46:30.000,6,0.0,0.0,0
2020-04-22 18:01:30.000,7,0.0,0.0,0
2020-04-22 18:16:30.000,5,0.0,0.0,0
2020-04-22 18:31:30.000,4,0.0,0.0,0
2020-04-22 18:46:30.000,4,0.0,0.0,0
2020-04-22 19:01:30.001,5,0.0,0.0,0
2020-04-22 19:16:30.000,5,0.0,0.0,0
2020-04-22 19:31:30.000,5,0.0,0.0,0
2020-04-22 19:46:30.000,4,0.0,0.0,0
2020-04-22 20:01:30.000,1,0.0,0.0,0
2020-04-22 20:16:30.000,0,0.0,0.0,0
2020-04-22 20:31:30.000,0,0.0,0.0,0
2020-04-22 20:46:30.000,0,0.0,0.0,0
2020-04-22 21:01:30.000,0,0.0,0.0,0
2020-04-22 21:16:30.000,0,0.0,0.0,0
2020-04-22 21:31:30.000,0,0.0,0.0,0
2020-04-22 21:46:30.001,0,0.0,0.0,0
2020-04-22 22:01:30.000,0,0.0,0.0,0
2020-04-22 22:16:30.000,0,0.0,0.0,0
2020-04-22 22:31:30.000,1,0.0,0.0,0
2020-04-22 22:46:30.000,1,0.0,0.0,0
2020-04-22 23:01:30.000,1,0.0,0.0,0
2020-04-22 23:16:30.001,2,0.0,0.0,0
2020-04-22 23:31:30.000,2,0.0,0.0,0
2020-04-22 23:46:30.000,2,0.9,2.3,1
2020-04-23 00:01:30.000,3,0.0,0.0,0
2020-04-23 00:16:30.001,4,0.0,0.0,0
2020-04-23 00:31:30.000,5,0.0,0.0,0
2020-04-23 00:46:30.000,5,0.0,0.0,0
2020-04-23 01:01:30.000,6,0.5,1.4,1
2020-04-23 01:16:30.000,5,0.5,1.4,1
2020-04-23 01:31:30.000,5,0.0,0.0,0
2020-04-23 01:46:30.000,4,0.0,0.0,0
2020-04-23 02:01:30.000,3,0.0,0.0,0
2020-04-23 02:16:30.000,4,0.0,0.0,0
2020-04-23 02:31:30.000,3,0.0,0.0,0
2020-04-23 02:46:30.000,3,0.0,0.0,0
2020-04-23 03:01:30.000,1,0.0,0.0,0
2020-04-23 03:16:30.000,1,0.0,0.0,0
2020-04-23 03:31:30.000,0,0.0,0.0,0
2020-04-23 03:46:30.000,0,0.0,0.0,0
2020-04-23 04:01:30.001,1,0.6,1.4,1
2020-04-23 04:16:30.000,1,0.0,0.0,0
2020-04-23 04:31:30.000,2,0.0,0.0,0
2020-04-23 04:46:30.000,1,0.0,0.0,0
2020-04-23 05:01:30.000,3,0.0,0.0,0
2020-04-23 05:16:30.000,4,0.0,0.0,0
2020-04-23 05:31:30.000,7,0.0,0.0,0
2020-04-23 05:46:30.000,10,0.0,0.0,0
2020-04-23 06:01:30.000,12,0.0,0.0,0
2020-04-23 06:16:30.000,13,2.7,0.7,1
2020-04-23 06:31:30.001,15,0.0,0.0,0
2020-04-23 06:46:30.000,14,0.0,0.0,0
2020-04-23 07:01:30.000,15,0.0,0.0,0
2020-04-23 07:16:30.000,15,0.0,0.0,0
2020-04-23 07:31:30.000,15,2.2,0.3,1
2020-04-23 07:46:30.000,15,0.0,0.0,0
2020-04-23 08:01:30.000,15,0.0,0.0,0
2020-04-23 08:16:30.000,16,0.0,0.0,0
2020-04-23 08:31:30.000,16,0.0,0.0,0
2020-04-23 08:46:30.000,16,0.0,0.0,0
2020-04-23 09:01:30.000,16,3.0,0.8,1
2020-04-23 09:16:30.000,16,0.0,0.0,0
2020-04-23 09:31:30.000,18,2.8,0.2,1
2020-04-23 09:46:30.000,18,0.0,0.0,0
2020-04-23 10:01:30.001,16,0.0,0.0,0
2020-04-23 10:16:30.000,16,0.0,0.0,0
2020-04-23 10:31:30.000,16,0.0,0.0,0
2020-04-23 10:46:30.000,16,0.5,1.3,1
2020-04-23 11:01:30.000,15,0.0,0.0,0
2020-04-23 11:16:30.000,14,0.7,1.7,1
2020-04-23 11:31:30.000,13,0.0,0.0,0
2020-04-23 11:46:30.000,15,2.9,0.3,1
2020-04-23 12:01:30.000,15,0.0,0.0,0
2020-04-23 12:16:30.000,16,0.0,0.0,0
2020-04-23 12:31:30.001,17,1.2,0.1,1
2020-04-23 12:46:30.001,17,0.0,0.0,0
2020-04-23 13:01:30.000,16,3.5,0.2,1
2020-04-23 13:16:30.000,17,0.0,0.0,0
2020-04-23 13:31:30.000,18,0.0,0.0,0
2020-04-23 13:46:30.000,19,5.4,0.4,2
2020-04-23 14:01:30.000,18,4.1,0.3,1
2020-04-23 14:16:30.000,19,2.3,0.3,1
2020-04-23 14:31:30.000,18,5.9,1.3,2
2020-04-23 14:46:30.000,19,0.0,0.0,0
2020-04-23 15:01:30.000,18,0.0,0.0,0
2020-04-23 15:16:30.000,18,2.3,0.7,1
2020-04-23 15:31:30.000,18,0.0,0.0,0
2020-04-23 15:46:30.000,17,0.0,0.0,0
2020-04-23 16:01:30.000,15,0.0,0.0,0
2020-04-23 16:16:30.000,15,0.0,0.0,0
2020-04-23 16:31:30.270,13,0.0,0.0,0
2020-04-23 16:46:30.000,12,0.0,0.0,0
2020-04-23 17:01:30.001,11,0.0,0.0,0
2020-04-23 17:16:30.000,10,4.6,0.2,1
2020-04-23 17:31:30.001,9,4.7,0.2,1
2020-04-23 17:46:30.001,7,0.0,0.0,0
2020-04-23 18:01:30.000,7,0.0,0.0,0
2020-04-23 18:16:30.000,6,3.2,0.1,1
2020-04-23 18:31:30.000,4,0.0,0.0,0
2020-04-23 18:46:30.000,4,0.0,0.0,0
2020-04-23 19:01:30.000,3,0.0,0.0,0
2020-04-23 19:16:30.001,3,2.6,0.5,1
2020-04-23 19:31:30.000,2,0.0,0.0,0
2020-04-23 19:46:30.000,1,0.0,0.0,0
2020-04-23 20:01:30.000,0,0.0,0.0,0
2020-04-23 20:16:30.000,0,0.0,0.0,0
2020-04-23 20:31:30.000,0,0.0,0.0,0
2020-04-23 20:46:30.000,0,0.0,0.0,0
2020-04-23 21:01:30.001,0,0.0,0.0,0
2020-04-23 21:16:30.000,0,0.0,0.0,0
2020-04-23 21:31:30.001,0,0.0,0.0,0
2020-04-23 21:46:30.000,0,0.0,0.0,0
2020-04-23 22:01:30.000,0,0.0,0.0,0
2020-04-23 22:16:30.000,0,0.0,0.0,0
2020-04-23 22:31:30.000,0,0.0,0.0,0
2020-04-23 22:46:30.000,0,0.0,0.0,0
2020-04-23 23:01:30.000,1,0.0,0.0,0
2020-04-23 23:16:30.000,1,0.0,0.0,0
2020-04-23 23:31:30.000,1,0.0,0.0,0
2020-04-23 23:46:30.000,2,0.0,0.0,0
2020-04-24 00:01:30.000,3,0.5,1.1,1
2020-04-24 00:16:30.000,4,0.0,0.0,0
2020-04-24 00:31:30.000,5,0.0,0.0,0
2020-04-24 00:46:30.000,6,0.5,1.4,1
2020-04-24 01:01:30.000,5,0.4,1.4,1
2020-04-24 01:16:30.000,5,0.0,0.0,0
2020-04-24 01:31:30.000,5,0.5,1.2,1
2020-04-24 01:46:30.000,4,0.0,0.0,0
2020-04-24 02:01:30.000,3,0.0,0.0,0
2020-04-24 02:16:30.000,3,0.0,0.0,0
2020-04-24 02:31:30.000,3,0.0,0.0,0
2020-04-24 02:46:30.000,2,0.0,0.0,0
2020-04-24 03:01:30.000,1,0.0,0.0,0
2020-04-24 03:16:30.000,0,0.0,0.0,0
2020-04-24 03:31:30.000,0,0.0,0.0,0
2020-04-24 03:46:30.000,0,0.0,0.0,0
2020-04-24 04:01:30.000,0,0.0,0.0,0
2020-04-24 04:16:30.000,1,0.0,0.0,0
2020-04-24 04:31:30.000,1,0.0,0.0,0
2020-04-24 04:46:30.001,2,0.0,0.0,0
2020-04-24 05:01:30.000,3,0.0,0.0,0
2020-04-24 05:16:30.000,5,0.0,0.0,0
2020-04-24 05:31:30.000,7,0.0,0.0,0
2020-04-24 05:46:30.002,9,0.0,0.0,0
2020-04-24 06:01:30.000,12,0.0,0.0,0
2020-04-24 06:16:30.001,13,0.0,0.0,0
2020-04-24 06:31:30.000,12,0.0,0.0,0
2020-04-24 06:46:30.001,13,0.0,0.0,0
2020-04-24 07:01:30.000,15,3.1,0.3,1
2020-04-24 07:16:30.001,14,0.0,0.0,0
2020-04-24 07:31:30.000,15,0.0,0.0,0
2020-04-24 07:46:30.001,14,0.0,0.0,0
2020-04-24 08:01:30.001,15,0.0,0.0,0
2020-04-24 08:16:30.000,16,0.0,0.0,0
2020-04-24 08:31:30.001,17,0.0,0.0,0
2020-04-24 08:46:30.000,17,0.0,0.0,0
2020-04-24 09:01:30.000,19,0.0,0.0,0
2020-04-24 09:16:30.000,17,0.0,0.0,0
2020-04-24 09:31:30.000,16,0.0,0.0,0
2020-04-24 09:46:30.000,17,0.0,0.0,0
2020-04-24 10:01:30.001,17,0.0,0.0,0
2020-04-24 10:16:30.000,17,0.0,0.0,0
2020-04-24 10:31:30.000,16,4.1,0.8,1
2020-04-24 10:46:30.000,14,0.0,0.0,0
2020-04-24 11:01:30.000,14,0.0,0.0,0
2020-04-24 11:16:30.001,13,0.0,0.0,0
2020-04-24 11:31:30.001,14,0.0,0.0,0
2020-04-24 11:46:30.000,14,0.0,0.0,0
2020-04-24 12:01:30.000,15,0.0,0.0,0
2020-04-24 12:16:30.000,16,0.0,0.0,0
2020-04-24 12:31:30.000,16,0.0,0.0,0
2020-04-24 12:46:30.000,16,0.0,0.0,0
2020-04-24 13:01:30.000,15,0.0,0.0,0
2020-04-24 13:16:30.000,17,0.0,0.0,0
2020-04-24 13:31:30.000,17,0.0,0.0,0
2020-04-24 13:46:30.001,18,0.0,0.0,0
2020-04-24 14:01:30.001,18,0.0,0.0,0
2020-04-24 14:16:30.000,18,0.0,0.0,0
2020-04-24 14:31:30.000,17,0.0,0.0,0
2020-04-24 14:46:30.000,18,0.0,0.0,0
2020-04-24 15:01:30.000,17,0.0,0.0,0
2020-04-24 15:16:30.001,17,0.0,0.0,0
2020-04-24 15:31:30.001,17,0.0,0.0,0
2020-04-24 15:46:30.000,16,0.0,0.0,0
2020-04-24 16:01:30.000,15,0.0,0.0,0
2020-04-24 16:16:30.000,15,7.6,0.7,2
2020-04-24 16:31:30.000,15,0.0,0.0,0
2020-04-24 16:46:30.000,13,0.0,0.0,0
2020-04-24 17:01:30.001,12,0.0,0.0,0
2020-04-24 17:16:30.000,10,0.0,0.0,0
2020-04-24 17:31:30.001,8,0.0,0.0,0
2020-04-24 17:46:30.000,8,0.0,0.0,0
2020-04-24 18:01:30.000,7,0.0,0.0,0
2020-04-24 18:16:30.000,7,0.0,0.0,0
2020-04-24 18:31:30.000,5,0.0,0.0,0
2020-04-24 18:46:30.000,5,0.0,0.0,0
2020-04-24 19:01:30.000,5,0.0,0.0,0
2020-04-24 19:16:30.000,5,3.4,0.5,1
2020-04-24 19:31:30.000,3,0.0,0.0,0
2020-04-24 19:46:30.000,3,0.0,0.0,0
2020-04-24 20:01:30.000,2,0.0,0.0,0
2020-04-24 20:16:30.000,1,0.0,0.0,0
2020-04-24 20:31:30.000,1,0.0,0.0,0
2020-04-24 20:46:30.001,2,0.0,0.0,0
2020-04-24 21:01:30.002,1,0.0,0.0,0
2020-04-24 21:16:30.000,0,0.0,0.0,0
2020-04-24 21:31:30.000,0,0.0,0.0,0
2020-04-24 21:46:30.000,0,0.0,0.0,0
2020-04-24 22:01:30.000,1,0.0,0.0,0
2020-04-24 22:16:30.000,1,0.0,0.0,0
2020-04-24 22:31:30.000,1,0.0,0.0,0
2020-04-24 22:46:30.000,2,0.0,0.0,0
2020-04-24 23:01:30.000,2,0.0,0.0,0
2020-04-24 23:16:30.000,2,0.0,0.0,0
2020-04-24 23:31:30.000,1,0.0,0.0,0
2020-04-24 23:46:30.000,2,0.0,0.0,0
2020-04-25 00:01:30.001,2,0.0,0.0,0
2020-04-25 00:16:30.000,2,0.0,0.0,0
2020-04-25 00:31:30.000,2,0.0,0.0,0
2020-04-25 00:46:30.001,2,0.0,0.0,0
2020-04-25 01:01:30.000,2,0.0,0.0,0
2020-04-25 01:16:30.000,2,0.0,0.0,0
2020-04-25 01:31:30.000,1,0.0,0.0,0
2020-04-25 01:46:30.001,1,0.0,0.0,0
2020-04-25 02:01:30.000,3,0.0,0.0,0
2020-04-25 02:16:30.001,3,0.0,0.0,0
2020-04-25 02:31:30.000,3,0.0,0.0,0
2020-04-25 02:46:30.000,3,0.7,1.5,1
2020-04-25 03:01:30.000,3,0.0,0.0,0
2020-04-25 03:16:30.000,5,0.0,0.0,0
2020-04-25 03:31:30.000,3,6.1,2.2,1
2020-04-25 03:46:30.000,1,0.0,0.0,0
2020-04-25 04:01:30.000,2,0.0,0.0,0
2020-04-25 04:16:30.000,2,0.0,0.0,0
2020-04-25 04:31:30.000,3,0.0,0.0,0
2020-04-25 04:46:30.000,2,0.0,0.0,0
2020-04-25 05:01:30.000,1,0.0,0.0,0
2020-04-25 05:16:30.000,1,0.0,0.0,0
2020-04-25 05:31:30.000,2,0.0,0.0,0
2020-04-25 05:46:30.000,3,0.0,0.0,0
2020-04-25 06:01:30.000,4,0.0,0.0,0
2020-04-25 06:16:30.000,4,0.0,0.0,0
2020-04-25 06:31:30.000,5,0.0,0.0,0
2020-04-25 06:46:30.000,4,0.0,0.0,0
2020-04-25 07:01:30.000,5,0.0,0.0,0
2020-04-25 07:16:30.000,6,0.0,0.0,0
2020-04-25 07:31:30.000,7,0.0,0.0,0
2020-04-25 07:46:30.000,8,0.0,0.0,0
2020-04-25 08:01:30.000,9,0.0,0.0,0
2020-04-25 08:16:30.000,10,0.0,0.0,0
2020-04-25 08:31:30.000,9,0.0,0.0,0
2020-04-25 08:46:30.000,10,0.0,0.0,0
2020-04-25 09:01:30.000,11,0.0,0.0,0
2020-04-25 09:16:30.000,13,0.0,0.0,0
2020-04-25 09:31:30.001,13,0.0,0.0,0
2020-04-25 09:46:30.000,13,0.0,0.0,0
2020-04-25 10:01:30.000,13,1.2,0.0,1
2020-04-25 10:16:30.000,13,0.0,0.0,0
2020-04-25 10:31:30.000,12,0.0,0.0,0
2020-04-25 10:46:30.001,14,0.0,0.0,0
2020-04-25 11:01:30.001,12,0.0,0.0,0
2020-04-25 11:16:30.000,11,0.0,0.0,0
2020-04-25 11:31:30.000,13,0.0,0.0,0
2020-04-25 11:46:30.000,12,0.0,0.0,0
2020-04-25 12:01:30.001,12,0.0,0.0,0
2020-04-25 12:16:30.000,11,0.0,0.0,0
2020-04-25 12:31:30.000,12,0.0,0.0,0
2020-04-25 12:46:30.000,11,0.0,0.0,0
2020-04-25 13:01:30.000,13,0.0,0.0,0
2020-04-25 13:16:30.000,14,0.0,0.0,0
2020-04-25 13:31:30.000,14,0.0,0.0,0
2020-04-25 13:46:30.000,14,0.9,0.1,1
2020-04-25 14:01:30.000,13,0.0,0.0,0
2020-04-25 14:16:30.000,14,0.0,0.0,0
2020-04-25 14:31:30.001,13,0.0,0.0,0
2020-04-25 14:46:30.000,13,0.0,0.0,0
2020-04-25 15:01:30.000,13,0.0,0.0,0
2020-04-25 15:16:30.000,13,0.0,0.0,0
2020-04-25 15:31:30.000,12,0.0,0.0,0
2020-04-25 15:46:30.000,13,0.0,0.0,0
2020-04-25 16:01:30.000,11,0.0,0.0,0
2020-04-25 16:16:30.000,11,0.0,0.0,0
2020-04-25 16:31:30.000,11,0.0,0.0,0
2020-04-25 16:46:30.000,9,3.6,0.2,1
2020-04-25 17:01:30.001,9,0.0,0.0,0
2020-04-25 17:16:30.000,9,0.0,0.0,0
2020-04-25 17:31:30.000,8,0.0,0.0,0
2020-04-25 17:46:30.000,7,0.0,0.0,0
2020-04-25 18:01:30.000,5,0.0,0.0,0
2020-04-25 18:16:30.000,4,0.0,0.0,0
2020-04-25 18:31:30.000,4,2.5,0.2,1
2020-04-25 18:46:30.000,4,0.0,0.0,0
2020-04-25 19:01:30.000,3,0.0,0.0,0
2020-04-25 19:16:30.000,4,0.0,0.0,0
2020-04-25 19:31:30.000,2,0.0,0.0,0
2020-04-25 19:46:30.000,3,0.0,0.0,0
2020-04-25 20:01:30.000,2,0.0,0.0,0
2020-04-25 20:16:30.000,1,0.0,0.0,0
2020-04-25 20:31:30.000,0,0.0,0.0,0
2020-04-25 20:46:30.000,0,0.0,0.0,0
2020-04-25 21:01:30.000,0,0.0,0.0,0
2020-04-25 21:16:30.000,0,0.0,0.0,0
2020-04-25 21:31:30.000,0,0.0,0.0,0
2020-04-25 21:46:30.001,0,0.0,0.0,0
2020-04-25 22:01:30.000,0,0.0,0.0,0
2020-04-25 22:16:30.001,0,0.0,0.0,0
2020-04-25 22:31:30.000,0,0.0,0.0,0
2020-04-25 22:46:30.000,0,0.0,0.0,0
2020-04-25 23:01:30.000,0,0.0,0.0,0
2020-04-25 23:16:30.000,0,0.0,0.0,0
2020-04-25 23:31:30.000,0,0.0,0.0,0
2020-04-25 23:46:30.000,0,0.0,0.0,0
2020-04-26 00:01:30.000,0,0.0,0.0,0
2020-04-26 00:16:30.000,0,0.0,0.0,0
2020-04-26 00:31:30.000,0,0.0,0.0,0
2020-04-26 00:46:30.000,0,0.0,0.0,0
2020-04-26 01:01:30.000,0,0.0,0.0,0
2020-04-26 01:16:30.000,0,0.0,0.0,0
2020-04-26 01:31:30.000,0,0.0,0.0,0
2020-04-26 01:46:30.000,0,0.0,0.0,0
2020-04-26 02:01:30.000,1,0.0,0.0,0
2020-04-26 02:16:30.000,1,0.0,0.0,0
2020-04-26 02:31:30.000,0,0.0,0.0,0
2020-04-26 02:46:30.000,0,0.0,0.0,0
2020-04-26 03:01:30.000,0,0.0,0.0,0
2020-04-26 03:16:30.000,0,0.0,0.0,0
2020-04-26 03:31:30.000,0,0.0,0.0,0
2020-04-26 03:46:30.000,0,0.0,0.0,0
2020-04-26 04:01:30.000,0,0.0,0.0,0
2020-04-26 04:16:30.000,0,0.0,0.0,0
2020-04-26 04:31:30.000,0,0.0,0.0,0
2020-04-26 04:46:30.001,0,0.0,0.0,0
2020-04-26 05:01:30.000,0,0.0,0.0,0
2020-04-26 05:16:30.000,0,0.0,0.0,0
2020-04-26 05:31:30.000,0,0.0,0.0,0
2020-04-26 05:46:30.000,0,0.0,0.0,0
2020-04-26 06:01:30.000,2,0.0,0.0,0
2020-04-26 06:16:30.000,2,0.0,0.0,0
2020-04-26 06:31:30.000,3,0.0,0.0,0
2020-04-26 06:46:30.000,3,0.0,0.0,0
2020-04-26 07:01:30.001,3,0.0,0.0,0
2020-04-26 07:16:30.000,3,0.0,0.0,0
2020-04-26 07:31:30.000,4,0.0,0.0,0
2020-04-26 07:46:30.000,4,0.0,0.0,0
2020-04-26 08:01:30.000,4,0.0,0.0,0
2020-04-26 08:16:30.000,5,0.0,0.0,0
2020-04-26 08:31:30.000,5,0.0,0.0,0
2020-04-26 08:46:30.000,7,0.0,0.0,0
2020-04-26 09:01:30.000,7,0.0,0.0,0
2020-04-26 09:16:30.000,8,0.0,0.0,0
2020-04-26 09:31:30.000,10,0.0,0.0,0
2020-04-26 09:46:30.001,10,0.0,0.0,0
2020-04-26 10:01:30.001,9,0.0,0.0,0
2020-04-26 10:16:30.000,8,0.0,0.0,0
2020-04-26 10:31:30.000,7,0.0,0.0,0
2020-04-26 10:46:30.000,7,0.0,0.0,0
2020-04-26 11:01:30.000,6,0.0,0.0,0
2020-04-26 11:16:30.000,5,0.0,0.0,0
2020-04-26 11:31:30.000,6,0.0,0.0,0
2020-04-26 11:46:30.000,5,0.0,0.0,0
2020-04-26 12:01:30.001,5,0.0,0.0,0
2020-04-26 12:16:30.000,7,0.0,0.0,0
2020-04-26 12:31:30.000,6,0.0,0.0,0
2020-04-26 12:46:30.000,7,0.0,0.0,0
2020-04-26 13:01:30.000,7,0.0,0.0,0
2020-04-26 13:16:30.001,8,0.0,0.0,0
2020-04-26 13:31:30.000,9,0.0,0.0,0
2020-04-26 13:46:30.001,8,0.0,0.0,0
2020-04-26 14:01:30.000,7,0.0,0.0,0
2020-04-26 14:16:30.000,9,0.0,0.0,0
2020-04-26 14:31:30.000,8,0.0,0.0,0
2020-04-26 14:46:30.000,7,0.0,0.0,0
2020-04-26 15:01:30.000,8,0.0,0.0,0
2020-04-26 15:16:30.000,8,0.0,0.0,0
2020-04-26 15:31:30.000,9,0.0,0.0,0
2020-04-26 15:46:30.001,9,0.0,0.0,0
2020-04-26 16:01:30.000,9,0.0,0.0,0
2020-04-26 16:16:30.000,7,0.0,0.0,0
2020-04-26 16:31:30.000,8,0.0,0.0,0
2020-04-26 16:46:30.000,8,0.0,0.0,0
2020-04-26 17:01:30.000,6,0.0,0.0,0
2020-04-26 17:16:30.000,6,0.0,0.0,0
2020-04-26 17:31:30.000,6,0.0,0.0,0
2020-04-26 17:46:30.000,5,0.0,0.0,0
2020-04-26 18:01:30.000,5,0.0,0.0,0
2020-04-26 18:16:30.000,5,0.0,0.0,0
2020-04-26 18:31:30.000,2,0.0,0.0,0
2020-04-26 18:46:30.001,1,0.0,0.0,0
2020-04-26 19:01:30.001,0,0.0,0.0,0
2020-04-26 19:16:30.000,0,0.0,0.0,0
2020-04-26 19:31:30.000,1,0.0,0.0,0
2020-04-26 19:46:30.000,0,0.0,0.0,0
2020-04-26 20:01:30.000,0,0.0,0.0,0
2020-04-26 20:16:30.000,0,0.0,0.0,0
2020-04-26 20:31:30.000,0,0.0,0.0,0
2020-04-26 20:46:30.001,0,0.0,0.0,0
2020-04-26 21:01:30.000,0,0.0,0.0,0
2020-04-26 21:16:30.000,0,0.0,0.0,0
2020-04-26 21:31:30.000,0,0.0,0.0,0
2020-04-26 21:46:30.000,0,0.0,0.0,0
2020-04-26 22:01:30.000,0,0.0,0.0,0
2020-04-26 22:16:30.000,0,0.0,0.0,0
2020-04-26 22:31:30.000,0,0.0,0.0,0
2020-04-26 22:46:30.000,0,0.5,1.3,1
2020-04-26 23:01:30.000,0,0.0,0.0,0
2020-04-26 23:16:30.000,1,0.0,0.0,0
2020-04-26 23:31:30.000,0,0.0,0.0,0
2020-04-26 23:46:30.000,1,0.0,0.0,0
2020-04-27 00:01:30.000,1,0.0,0.0,0
2020-04-27 00:16:30.000,0,0.0,0.0,0
2020-04-27 00:31:30.000,0,0.0,0.0,0
2020-04-27 00:46:30.000,0,0.0,0.0,0
2020-04-27 01:01:30.000,0,0.0,0.0,0
2020-04-27 01:16:30.000,1,0.6,1.5,1
2020-04-27 01:31:30.000,0,0.6,1.5,1
2020-04-27 01:46:30.000,0,0.0,0.0,0
2020-04-27 02:01:30.000,0,0.0,0.0,0
2020-04-27 02:16:30.000,1,0.0,0.0,0
2020-04-27 02:31:30.000,5,0.0,0.0,0
2020-04-27 02:46:30.000,4,0.0,0.0,0
2020-04-27 03:01:30.000,3,0.0,0.0,0
2020-04-27 03:16:30.000,1,0.0,0.0,0
2020-04-27 03:31:30.000,0,0.0,0.0,0
2020-04-27 03:46:30.000,0,0.0,0.0,0
2020-04-27 04:01:30.001,0,0.0,0.0,0
2020-04-27 04:16:30.000,0,0.0,0.0,0
2020-04-27 04:31:30.000,2,0.0,0.0,0
2020-04-27 04:46:30.001,2,0.0,0.0,0
2020-04-27 05:01:30.000,5,0.0,0.0,0
2020-04-27 05:16:30.000,6,0.0,0.0,0
2020-04-27 05:31:30.000,6,0.0,0.0,0
2020-04-27 05:46:30.000,9,0.0,0.0,0
2020-04-27 06:01:30.000,12,0.0,0.0,0
2020-04-27 06:16:30.001,13,0.0,0.0,0
2020-04-27 06:31:30.000,14,0.0,0.0,0
2020-04-27 06:46:30.000,14,0.0,0.0,0
2020-04-27 07:01:30.000,13,0.0,0.0,0
2020-04-27 07:16:30.000,13,0.0,0.0,0
2020-04-27 07:31:30.000,14,0.0,0.0,0
2020-04-27 07:46:30.000,13,0.0,0.0,0
2020-04-27 08:01:30.000,13,0.0,0.0,0
2020-04-27 08:16:30.000,13,0.0,0.0,0
2020-04-27 08:31:30.000,13,0.0,0.0,0
2020-04-27 08:46:30.000,14,2.1,0.2,1
2020-04-27 09:01:30.000,14,0.0,0.0,0
2020-04-27 09:16:30.000,13,0.0,0.0,0
2020-04-27 09:31:30.000,15,0.0,0.0,0
2020-04-27 09:46:30.000,14,0.0,0.0,0
2020-04-27 10:01:30.000,14,0.0,0.0,0
2020-04-27 10:16:30.000,13,2.9,0.2,1
2020-04-27 10:31:30.000,12,0.0,0.0,0
2020-04-27 10:46:30.000,12,0.0,0.0,0
2020-04-27 11:01:30.000,12,0.0,0.0,0
2020-04-27 11:16:30.000,13,0.0,0.0,0
2020-04-27 11:31:30.000,11,0.0,0.0,0
2020-04-27 11:46:30.000,11,0.0,0.0,0
2020-04-27 12:01:30.000,13,0.0,0.0,0
2020-04-27 12:16:30.000,14,0.0,0.0,0
2020-04-27 12:31:30.001,14,0.0,0.0,0
2020-04-27 12:46:30.000,15,0.0,0.0,0
2020-04-27 13:01:30.000,15,0.0,0.0,0
2020-04-27 13:16:30.000,16,0.0,0.0,0
2020-04-27 13:31:30.000,15,0.0,0.0,0
2020-04-27 13:46:30.000,16,0.0,0.0,0
2020-04-27 14:01:30.000,15,0.0,0.0,0
2020-04-27 14:16:30.000,16,0.0,0.0,0
2020-04-27 14:31:30.001,17,2.5,0.3,1
2020-04-27 14:46:30.000,18,0.0,0.0,0
2020-04-27 15:01:30.000,17,0.0,0.0,0
2020-04-27 15:16:30.000,16,0.0,0.0,0
2020-04-27 15:31:30.000,16,0.0,0.0,0
2020-04-27 15:46:30.000,16,0.0,0.0,0
2020-04-27 16:01:30.000,14,0.0,0.0,0
2020-04-27 16:16:30.000,13,0.0,0.0,0
2020-04-27 16:31:30.000,12,0.0,0.0,0
2020-04-27 16:46:30.000,10,0.0,0.0,0
2020-04-27 17:01:30.001,8,0.0,0.0,0
2020-04-27 17:16:30.000,8,0.0,0.0,0
2020-04-27 17:31:30.001,7,0.0,0.0,0
2020-04-27 17:46:30.000,7,2.9,0.3,1
2020-04-27 18:01:30.001,6,2.9,0.3,1
2020-04-27 18:16:30.000,5,0.0,0.0,0
2020-04-27 18:31:30.000,3,0.0,0.0,0
2020-04-27 18:46:30.000,3,0.0,0.0,0
2020-04-27 19:01:30.000,2,0.0,0.0,0
2020-04-27 19:16:30.000,1,0.0,0.0,0
2020-04-27 19:31:30.000,2,0.0,0.0,0
2020-04-27 19:46:30.001,2,0.0,0.0,0
2020-04-27 20:01:30.000,1,0.0,0.0,0
2020-04-27 20:16:30.000,0,0.0,0.0,0
2020-04-27 20:31:30.000,1,0.0,0.0,0
2020-04-27 20:46:30.000,0,0.0,0.0,0
2020-04-27 21:01:30.000,1,0.0,0.0,0
2020-04-27 21:16:30.000,2,0.0,0.0,0
2020-04-27 21:31:30.000,0,0.0,0.0,0
2020-04-27 21:46:30.000,0,0.0,0.0,0
2020-04-27 22:01:30.000,0,0.0,0.0,0
2020-04-27 22:16:30.000,0,0.0,0.0,0
2020-04-27 22:31:30.001,0,0.0,0.0,0
2020-04-27 22:46:30.000,0,0.0,0.0,0
2020-04-27 23:01:30.000,0,0.0,0.0,0
2020-04-27 23:16:30.001,0,0.0,0.0,0
2020-04-27 23:31:30.000,0,0.6,1.3,1
2020-04-27 23:46:30.000,0,0.0,0.0,0
2020-04-28 00:01:30.001,0,0.0,0.0,0
2020-04-28 00:16:30.000,0,0.0,0.0,0
2020-04-28 00:31:30.000,0,0.0,0.0,0
2020-04-28 00:46:30.001,0,0.0,0.0,0
2020-04-28 01:01:30.000,0,0.0,0.0,0
2020-04-28 01:16:30.001,0,0.0,0.0,0
2020-04-28 01:31:30.000,0,0.0,0.0,0
2020-04-28 01:46:30.000,0,0.0,0.0,0
2020-04-28 02:01:30.000,0,0.0,0.0,0
2020-04-28 02:16:30.000,0,0.0,0.0,0
2020-04-28 02:31:30.000,0,0.0,0.0,0
2020-04-28 02:46:30.000,1,0.0,0.0,0
2020-04-28 03:01:30.000,0,0.0,0.0,0
2020-04-28 03:16:30.000,2,0.0,0.0,0
2020-04-28 03:31:30.000,2,0.0,0.0,0
2020-04-28 03:46:30.001,0,0.0,0.0,0
2020-04-28 04:01:30.000,0,0.0,0.0,0
2020-04-28 04:16:30.000,1,0.0,0.0,0
2020-04-28 04:31:30.000,1,0.0,0.0,0
2020-04-28 04:46:30.000,3,0.0,0.0,0
2020-04-28 05:01:30.000,4,0.0,0.0,0
2020-04-28 05:16:30.000,6,0.0,0.0,0
2020-04-28 05:31:30.000,8,0.0,0.0,0
2020-04-28 05:46:30.000,10,0.0,0.0,0
2020-04-28 06:01:30.000,11,0.0,0.0,0
2020-04-28 06:16:30.000,12,0.0,0.0,0
2020-04-28 06:31:30.000,13,0.0,0.0,0
2020-04-28 06:46:30.000,15,0.0,0.0,0
2020-04-28 07:01:30.001,14,0.0,0.0,0
2020-04-28 07:16:30.000,14,2.6,0.3,1
2020-04-28 07:31:30.000,14,3.0,0.4,1
2020-04-28 07:46:30.000,13,3.0,0.4,1
2020-04-28 08:01:30.000,14,3.5,0.7,1
2020-04-28 08:16:30.000,15,5.5,0.9,2
2020-04-28 08:31:30.000,14,0.0,0.0,0
2020-04-28 08:46:30.000,14,0.0,0.0,0
2020-04-28 09:01:30.000,13,0.0,0.0,0
2020-04-28 09:16:30.000,14,0.0,0.0,0
2020-04-28 09:31:30.001,16,0.0,0.0,0
2020-04-28 09:46:30.000,15,0.0,0.0,0
2020-04-28 10:01:30.001,16,0.0,0.0,0
2020-04-28 10:16:30.000,16,0.0,0.0,0
2020-04-28 10:31:30.001,14,0.0,0.0,0
2020-04-28 10:46:30.001,13,0.0,0.0,0
2020-04-28 11:01:30.000,13,0.0,0.0,0
2020-04-28 11:16:30.000,12,0.0,0.0,0
2020-04-28 11:31:30.000,12,0.0,0.0,0
2020-04-28 11:46:30.001,13,0.0,0.0,0
2020-04-28 12:01:30.000,12,0.0,0.0,0
2020-04-28 12:16:30.000,13,0.0,0.0,0
2020-04-28 12:31:30.000,14,0.0,0.0,0
2020-04-28 12:46:30.000,14,0.0,0.0,0
2020-04-28 13:01:30.000,14,0.0,0.0,0
2020-04-28 13:16:30.000,15,0.0,0.0,0
2020-04-28 13:31:30.000,16,0.0,0.0,0
2020-04-28 13:46:30.000,16,0.0,0.0,0
2020-04-28 14:01:30.000,17,0.0,0.0,0
2020-04-28 14:16:30.000,19,7.0,1.3,1
2020-04-28 14:31:30.000,22,14.3,2.3,2
2020-04-28 14:46:30.000,36,16.8,3.6,1
2020-04-28 15:01:30.000,36,7.1,2.5,2
2020-04-28 15:16:30.000,24,0.0,0.0,0
2020-04-28 15:31:30.000,18,0.0,0.0,0
2020-04-28 15:46:30.000,18,4.6,0.7,1
2020-04-28 16:01:30.000,16,6.5,0.8,2
2020-04-28 16:16:30.000,14,0.0,0.0,0
2020-04-28 16:31:30.000,13,0.0,0.0,0
2020-04-28 16:46:30.000,11,0.0,0.0,0
2020-04-28 17:01:30.000,10,0.0,0.0,0
2020-04-28 17:16:30.000,10,0.0,0.0,0
2020-04-28 17:31:30.000,8,0.0,0.0,0
2020-04-28 17:46:30.000,6,0.0,0.0,0
2020-04-28 18:01:30.000,4,0.0,0.0,0
2020-04-28 18:16:30.000,4,0.0,0.0,0
2020-04-28 18:31:30.000,5,0.0,0.0,0
2020-04-28 18:46:30.000,4,0.0,0.0,0
2020-04-28 19:01:30.000,4,0.0,0.0,0
2020-04-28 19:16:30.000,4,0.0,0.0,0
2020-04-28 19:31:30.001,6,0.0,0.0,0
2020-04-28 19:46:30.000,4,0.0,0.0,0
2020-04-28 20:01:30.000,3,0.0,0.0,0
2020-04-28 20:16:30.001,1,0.0,0.0,0
2020-04-28 20:31:30.000,1,0.0,0.0,0
2020-04-28 20:46:30.000,1,0.0,0.0,0
2020-04-28 21:01:30.001,1,0.0,0.0,0
2020-04-28 21:16:30.000,2,0.0,0.0,0
2020-04-28 21:31:30.000,1,0.0,0.0,0
2020-04-28 21:46:30.000,1,0.0,0.0,0
2020-04-28 22:01:30.001,2,0.0,0.0,0
2020-04-28 22:16:30.000,1,0.0,0.0,0
2020-04-28 22:31:30.000,1,0.0,0.0,0
2020-04-28 22:46:30.000,1,0.0,0.0,0
2020-04-28 23:01:30.000,3,0.0,0.0,0
2020-04-28 23:16:30.000,3,0.0,0.0,0
2020-04-28 23:31:30.001,2,0.0,0.0,0
2020-04-28 23:46:30.000,3,0.0,0.0,0
2020-04-29 00:01:30.000,3,0.0,0.0,0
2020-04-29 00:16:30.000,3,0.0,0.0,0
2020-04-29 00:31:30.000,3,0.0,0.0,0
2020-04-29 00:46:30.000,4,0.0,0.0,0
2020-04-29 01:01:30.000,2,0.5,1.2,1
2020-04-29 01:16:30.000,1,0.0,0.0,0
2020-04-29 01:31:30.000,2,0.8,1.8,1
2020-04-29 01:46:30.000,5,0.9,1.7,1
2020-04-29 02:01:30.001,5,0.0,0.0,0
2020-04-29 02:16:30.000,5,0.0,0.0,0
2020-04-29 02:31:30.000,4,0.0,0.0,0
2020-04-29 02:46:30.000,3,0.0,0.0,0
2020-04-29 03:01:30.000,3,0.0,0.0,0
2020-04-29 03:16:30.000,2,0.0,0.0,0
2020-04-29 03:31:30.001,1,0.0,0.0,0
2020-04-29 03:46:30.000,0,0.0,0.0,0
2020-04-29 04:01:30.000,0,0.0,0.0,0
2020-04-29 04:16:30.001,1,0.0,0.0,0
2020-04-29 04:31:30.000,3,0.0,0.0,0
2020-04-29 04:46:30.000,4,0.0,0.0,0
2020-04-29 05:01:30.001,4,0.0,0.0,0
2020-04-29 05:16:30.000,6,0.0,0.0,0
2020-04-29 05:46:30.000,9,0.0,0.0,0
2020-04-29 06:01:30.000,11,2.2,0.3,1
2020-04-29 06:16:30.000,11,2.8,1.0,1
2020-04-29 06:31:30.000,12,0.0,0.0,0
2020-04-29 06:46:30.000,11,0.0,0.0,0
2020-04-29 07:01:30.000,12,0.0,0.0,0
2020-04-29 07:16:30.000,13,3.7,0.7,1
2020-04-29 07:31:30.000,14,6.8,0.5,2
2020-04-29 07:46:30.000,13,2.1,0.3,1
2020-04-29 08:01:30.001,14,7.5,0.5,2
2020-04-29 08:16:30.000,13,5.9,0.2,1
2020-04-29 08:31:30.000,13,3.2,0.2,1
2020-04-29 08:46:30.000,13,0.0,0.0,0
2020-04-29 09:01:30.000,14,0.0,0.0,0
2020-04-29 09:16:30.000,16,0.0,0.0,0
2020-04-29 09:31:30.000,16,0.0,0.0,0
2020-04-29 09:46:30.001,15,0.0,0.0,0
2020-04-29 10:01:30.000,15,0.0,0.0,0
2020-04-29 10:16:30.001,15,0.0,0.0,0
2020-04-29 10:31:30.000,14,0.0,0.0,0
2020-04-29 10:46:30.000,13,0.0,0.0,0
2020-04-29 11:01:30.000,12,0.0,0.0,0
2020-04-29 11:40:30.000,13,0.0,0.0,0
2020-04-29 11:46:30.001,14,0.0,0.0,0
2020-04-29 12:01:30.000,14,0.0,0.0,0
2020-04-29 12:16:30.000,15,0.0,0.0,0
2020-04-29 12:31:30.000,15,0.0,0.0,0
2020-04-29 12:46:30.000,15,0.0,0.0,0
2020-04-29 13:01:30.001,14,3.7,0.7,1
2020-04-29 13:16:30.000,15,0.0,0.0,0
2020-04-29 13:31:30.000,16,1.9,0.3,1
2020-04-29 13:46:30.000,16,0.0,0.0,0
2020-04-29 14:01:30.000,16,0.0,0.0,0
2020-04-29 14:16:30.000,17,0.0,0.0,0
2020-04-29 14:31:30.000,16,0.0,0.0,0
2020-04-29 14:46:30.001,16,0.0,0.0,0
2020-04-29 15:01:30.000,17,0.0,0.0,0
2020-04-29 15:16:30.000,16,0.0,0.0,0
2020-04-29 15:31:30.000,15,0.0,0.0,0
2020-04-29 15:46:30.001,15,0.0,0.0,0
2020-04-29 16:01:30.000,13,2.2,0.2,1
2020-04-29 16:16:30.000,12,0.0,0.0,0
2020-04-29 16:31:30.000,12,3.8,0.1,1
2020-04-29 16:46:30.000,9,0.0,0.0,0
2020-04-29 17:01:30.001,9,0.0,0.0,0
2020-04-29 17:16:30.000,7,0.0,0.0,0
2020-04-29 17:31:30.000,6,0.0,0.0,0
2020-04-29 17:46:30.000,8,0.0,0.0,0
2020-04-29 18:01:30.000,6,0.0,0.0,0
2020-04-29 18:16:30.000,6,0.0,0.0,0
2020-04-29 18:31:30.000,5,0.0,0.0,0
2020-04-29 18:46:30.000,3,0.0,0.0,0
2020-04-29 19:01:30.001,3,0.0,0.0,0
2020-04-29 19:16:30.000,3,0.0,0.0,0
2020-04-29 19:31:30.000,4,0.0,0.0,0
2020-04-29 19:46:30.000,5,0.0,0.0,0
2020-04-29 20:01:30.000,3,0.0,0.0,0
2020-04-29 20:16:30.000,1,0.0,0.0,0
2020-04-29 20:31:30.000,1,0.0,0.0,0
2020-04-29 20:46:30.000,1,0.0,0.0,0
2020-04-29 21:01:30.001,1,0.0,0.0,0
2020-04-29 21:16:30.000,1,0.0,0.0,0
2020-04-29 21:31:30.000,2,0.0,0.0,0
2020-04-29 21:46:30.000,1,0.0,0.0,0
2020-04-29 22:01:30.000,2,0.0,0.0,0
2020-04-29 22:16:30.001,3,0.0,0.0,0
2020-04-29 22:31:30.000,3,0.0,0.0,0
2020-04-29 22:46:30.000,1,0.0,0.0,0
2020-04-29 23:01:30.000,0,0.0,0.0,0
2020-04-29 23:16:30.000,0,0.0,0.0,0
2020-04-29 23:31:30.000,2,0.0,0.0,0
2020-04-29 23:46:30.000,2,0.0,0.0,0
2020-04-30 00:01:30.000,2,0.0,0.0,0
2020-04-30 00:16:30.000,2,0.0,0.0,0
2020-04-30 00:31:30.001,2,0.0,0.0,0
2020-04-30 00:46:30.001,2,0.0,0.0,0
2020-04-30 01:01:30.000,4,0.0,0.0,0
2020-04-30 01:16:30.000,5,0.0,0.0,0
2020-04-30 01:31:30.000,7,0.0,0.0,0
2020-04-30 01:46:30.000,9,0.7,1.8,1
2020-04-30 02:01:30.001,10,0.0,0.0,0
2020-04-30 02:16:30.000,9,0.0,0.0,0
2020-04-30 02:31:30.000,8,0.0,0.0,0
2020-04-30 02:46:30.000,6,0.0,0.0,0
2020-04-30 03:01:30.000,4,0.0,0.0,0
2020-04-30 03:16:30.000,2,0.0,0.0,0
2020-04-30 03:31:30.000,0,0.0,0.0,0
2020-04-30 03:46:30.000,1,0.0,0.0,0
2020-04-30 04:01:30.000,0,0.0,0.0,0
2020-04-30 04:16:30.000,0,0.0,0.0,0
2020-04-30 04:31:30.000,2,0.0,0.0,0
2020-04-30 04:46:30.000,2,0.0,0.0,0
2020-04-30 05:01:30.000,5,0.0,0.0,0
2020-04-30 05:16:30.001,7,0.0,0.0,0
2020-04-30 05:31:30.000,9,0.0,0.0,0
2020-04-30 05:46:30.001,11,0.0,0.0,0
2020-04-30 06:01:30.001,12,0.0,0.0,0
2020-04-30 06:16:30.001,12,0.0,0.0,0
2020-04-30 06:31:30.000,14,0.0,0.0,0
2020-04-30 06:46:30.001,14,0.0,0.0,0
2020-04-30 07:01:30.000,14,0.0,0.0,0
2020-04-30 07:16:30.000,15,0.0,0.0,0
2020-04-30 07:31:30.001,14,0.0,0.0,0
2020-04-30 07:46:30.000,15,0.0,0.0,0
2020-04-30 08:01:30.000,13,0.0,0.0,0
2020-04-30 08:16:30.000,15,2.7,0.5,1
2020-04-30 08:31:30.000,15,0.0,0.0,0
2020-04-30 08:46:30.001,17,2.3,0.3,1
2020-04-30 09:01:30.000,17,0.0,0.0,0
2020-04-30 09:16:30.000,16,0.0,0.0,0
2020-04-30 09:31:30.000,17,0.0,0.0,0
2020-04-30 09:46:30.000,15,1.0,0.1,1
2020-04-30 10:01:30.000,15,0.0,0.0,0
2020-04-30 10:16:30.000,15,0.0,0.0,0
2020-04-30 10:31:30.001,14,0.0,0.0,0
2020-04-30 10:46:30.000,14,0.0,0.0,0
2020-04-30 11:01:30.000,13,0.0,0.0,0
2020-04-30 11:16:30.000,13,0.0,0.0,0
2020-04-30 11:31:30.000,13,0.0,0.0,0
2020-04-30 11:46:30.000,13,0.0,0.0,0
2020-04-30 12:01:30.000,14,0.0,0.0,0
2020-04-30 12:16:30.000,15,0.0,0.0,0
2020-04-30 12:31:30.000,17,2.7,0.1,1
2020-04-30 12:46:30.000,17,4.4,0.5,1
2020-04-30 13:01:30.000,17,0.0,0.0,0
2020-04-30 13:16:30.000,18,0.0,0.0,0
2020-04-30 13:31:30.000,17,0.0,0.0,0
2020-04-30 13:46:30.000,18,0.0,0.0,0
2020-04-30 14:01:30.000,18,2.7,0.4,1
2020-04-30 14:16:30.000,16,0.0,0.0,0
2020-04-30 14:31:30.000,18,0.0,0.0,0
2020-04-30 14:46:30.001,18,0.0,0.0,0
2020-04-30 15:01:30.000,18,0.0,0.0,0
2020-04-30 15:16:30.000,18,0.0,0.0,0
2020-04-30 15:31:30.000,20,0.0,0.0,0
2020-04-30 15:46:30.000,18,0.0,0.0,0
2020-04-30 16:01:30.000,17,0.0,0.0,0
2020-04-30 16:16:30.000,15,0.0,0.0,0
2020-04-30 16:31:30.000,13,0.0,0.0,0
2020-04-30 16:46:30.000,11,0.0,0.0,0
2020-04-30 17:01:30.000,10,0.0,0.0,0
2020-04-30 17:16:30.000,10,0.0,0.0,0
2020-04-30 17:31:30.000,9,0.0,0.0,0
2020-04-30 17:46:30.000,7,0.0,0.0,0
2020-04-30 18:01:30.000,6,0.0,0.0,0
2020-04-30 18:16:30.000,5,0.0,0.0,0
2020-04-30 18:31:30.000,3,0.0,0.0,0
2020-04-30 18:46:30.000,3,0.0,0.0,0
2020-04-30 19:01:30.000,4,0.0,0.0,0
2020-04-30 19:16:30.000,4,0.0,0.0,0
2020-04-30 19:31:30.000,3,0.0,0.0,0
2020-04-30 19:46:30.000,5,0.0,0.0,0
2020-04-30 20:01:30.000,5,0.0,0.0,0
2020-04-30 20:16:30.000,3,0.0,0.0,0
2020-04-30 20:31:30.000,2,0.0,0.0,0
2020-04-30 20:46:30.000,2,0.0,0.0,0
2020-04-30 21:01:30.001,3,0.0,0.0,0
2020-04-30 21:16:30.000,0,0.0,0.0,0
2020-04-30 21:31:30.000,0,0.0,0.0,0
2020-04-30 21:46:30.001,1,0.0,0.0,0
2020-04-30 22:01:30.001,1,0.0,0.0,0
2020-04-30 22:16:30.001,1,0.0,0.0,0
2020-04-30 22:31:30.000,1,0.0,0.0,0
2020-04-30 22:46:30.000,1,0.0,0.0,0
2020-04-30 23:01:30.000,1,0.0,0.0,0
2020-04-30 23:16:30.000,1,0.0,0.0,0
2020-04-30 23:31:30.000,1,0.0,0.0,0
2020-04-30 23:46:30.001,0,0.0,0.0,0
2020-05-01 00:01:30.000,0,0.0,0.0,0
2020-05-01 00:16:30.000,0,0.0,0.0,0
2020-05-01 00:31:30.000,0,0.0,0.0,0
2020-05-01 00:46:30.000,0,0.0,0.0,0
2020-05-01 01:01:30.000,0,0.0,0.0,0
2020-05-01 01:16:30.000,0,0.0,0.0,0
2020-05-01 01:31:30.000,0,0.0,0.0,0
2020-05-01 01:46:30.000,0,0.0,0.0,0
2020-05-01 02:01:30.000,0,0.0,0.0,0
2020-05-01 02:16:30.000,0,0.0,0.0,0
2020-05-01 02:31:30.001,0,0.0,0.0,0
2020-05-01 02:46:30.000,0,0.0,0.0,0
2020-05-01 03:01:30.000,0,0.0,0.0,0
2020-05-01 03:16:30.001,0,0.0,0.0,0
2020-05-01 03:31:30.000,0,0.0,0.0,0
2020-05-01 03:46:30.000,0,0.0,0.0,0
2020-05-01 04:01:30.001,0,0.0,0.0,0
2020-05-01 04:16:30.000,0,0.0,0.0,0
2020-05-01 04:31:30.000,0,0.0,0.0,0
2020-05-01 04:46:30.001,0,0.0,0.0,0
2020-05-01 05:01:30.000,0,0.0,0.0,0
2020-05-01 05:16:30.000,1,0.0,0.0,0
2020-05-01 05:31:30.001,0,0.0,0.0,0
2020-05-01 05:46:30.000,0,0.0,0.0,0
2020-05-01 06:01:30.000,1,0.0,0.0,0
2020-05-01 06:16:30.000,1,0.0,0.0,0
2020-05-01 06:31:30.000,1,0.0,0.0,0
2020-05-01 06:46:30.000,1,0.0,0.0,0
2020-05-01 07:01:30.000,2,0.0,0.0,0
2020-05-01 07:16:30.000,2,0.0,0.0,0
2020-05-01 07:31:30.000,3,0.0,0.0,0
2020-05-01 07:46:30.000,3,0.0,0.0,0
2020-05-01 08:01:30.000,3,0.0,0.0,0
2020-05-01 08:16:30.001,4,0.0,0.0,0
2020-05-01 08:31:30.000,5,0.0,0.0,0
2020-05-01 08:46:30.000,7,0.0,0.0,0
2020-05-01 09:01:30.000,7,0.0,0.0,0
2020-05-01 09:16:30.000,6,0.0,0.0,0
2020-05-01 09:31:30.000,7,0.0,0.0,0
2020-05-01 09:46:30.000,8,0.0,0.0,0
2020-05-01 10:01:30.001,7,0.0,0.0,0
2020-05-01 10:16:30.000,5,0.0,0.0,0
2020-05-01 10:31:30.000,6,0.0,0.0,0
2020-05-01 10:46:30.001,6,0.0,0.0,0
2020-05-01 11:01:30.000,6,0.0,0.0,0
2020-05-01 11:16:30.000,6,0.0,0.0,0
2020-05-01 11:31:30.000,6,0.0,0.0,0
2020-05-01 11:46:30.000,7,0.0,0.0,0
2020-05-01 12:01:30.000,7,0.0,0.0,0
2020-05-01 12:16:30.000,7,0.0,0.0,0
2020-05-01 12:31:30.000,7,0.0,0.0,0
2020-05-01 12:46:30.000,6,0.0,0.0,0
2020-05-01 13:01:30.000,6,0.0,0.0,0
2020-05-01 13:16:30.000,7,0.0,0.0,0
2020-05-01 13:31:30.001,7,0.0,0.0,0
2020-05-01 13:46:30.000,7,0.0,0.0,0
2020-05-01 14:01:30.001,7,0.0,0.0,0
2020-05-01 14:16:30.000,8,0.0,0.0,0
2020-05-01 14:31:30.000,7,0.0,0.0,0
2020-05-01 14:46:30.001,8,0.0,0.0,0
2020-05-01 15:01:30.000,7,0.0,0.0,0
2020-05-01 15:16:30.000,7,0.0,0.0,0
2020-05-01 15:31:30.000,9,0.0,0.0,0
2020-05-01 15:46:30.000,8,0.0,0.0,0
2020-05-01 16:01:30.000,7,0.0,0.0,0
2020-05-01 16:16:30.000,7,0.0,0.0,0
2020-05-01 16:31:30.000,7,0.0,0.0,0
2020-05-01 16:46:30.000,7,0.0,0.0,0
2020-05-01 17:01:30.000,7,3.0,0.1,1
2020-05-01 17:16:30.000,6,0.0,0.0,0
2020-05-01 17:31:30.001,5,0.0,0.0,0
2020-05-01 17:46:30.001,3,0.0,0.0,0
2020-05-01 18:01:30.000,3,0.0,0.0,0
2020-05-01 18:16:30.000,3,0.0,0.0,0
2020-05-01 18:31:30.000,3,0.7,1.3,1
2020-05-01 18:46:30.000,3,0.0,0.0,0
2020-05-01 19:01:30.000,2,0.0,0.0,0
2020-05-01 19:16:30.000,2,0.0,0.0,0
2020-05-01 19:31:30.000,3,0.0,0.0,0
2020-05-01 19:46:30.001,4,0.0,0.0,0
2020-05-01 20:01:30.000,2,0.0,0.0,0
2020-05-01 20:16:30.000,1,0.0,0.0,0
2020-05-01 20:31:30.001,0,0.0,0.0,0
2020-05-01 20:46:30.000,1,0.0,0.0,0
2020-05-01 21:01:30.000,1,0.0,0.0,0
2020-05-01 21:16:30.000,0,0.0,0.0,0
2020-05-01 21:31:30.000,0,0.0,0.0,0
2020-05-01 21:46:30.000,0,0.0,0.0,0
2020-05-01 22:01:30.000,0,0.0,0.0,0
2020-05-01 22:16:30.000,0,0.0,0.0,0
2020-05-01 22:31:30.000,0,0.0,0.0,0
2020-05-01 22:46:30.000,0,0.0,0.0,0
2020-05-01 23:01:30.000,0,0.0,0.0,0
2020-05-01 23:16:30.000,1,0.0,0.0,0
2020-05-01 23:31:30.001,0,0.0,0.0,0
2020-05-01 23:46:30.001,0,0.0,0.0,0
2020-05-02 00:01:30.000,0,0.0,0.0,0
2020-05-02 00:16:30.000,0,0.0,0.0,0
2020-05-02 00:31:30.000,0,0.0,0.0,0
2020-05-02 00:46:30.000,0,0.7,1.7,1
2020-05-02 01:01:30.000,1,0.8,1.7,1
2020-05-02 01:16:30.001,0,0.0,0.0,0
2020-05-02 01:31:30.001,0,0.0,0.0,0
2020-05-02 01:46:30.000,0,0.0,0.0,0
2020-05-02 02:01:30.000,1,0.0,0.0,0
2020-05-02 02:16:30.000,1,0.0,0.0,0
2020-05-02 02:31:30.001,0,0.0,0.0,0
2020-05-02 02:46:30.000,0,0.0,0.0,0
2020-05-02 03:01:30.000,1,0.8,1.5,1
2020-05-02 03:16:30.000,2,0.0,0.0,0
2020-05-02 03:31:30.000,3,0.0,0.0,0
2020-05-02 03:46:30.000,2,0.0,0.0,0
2020-05-02 04:01:30.000,1,0.0,0.0,0
2020-05-02 04:16:30.000,0,0.6,1.6,1
2020-05-02 04:31:30.000,0,0.0,0.0,0
2020-05-02 04:46:30.000,2,0.0,0.0,0
2020-05-02 05:01:30.000,1,0.0,0.0,0
2020-05-02 05:16:30.001,2,0.0,0.0,0
2020-05-02 05:31:30.000,2,0.0,0.0,0
2020-05-02 05:46:30.001,1,0.0,0.0,0
2020-05-02 06:01:30.000,2,0.0,0.0,0
2020-05-02 06:16:30.000,2,0.0,0.0,0
2020-05-02 06:31:30.000,3,0.0,0.0,0
2020-05-02 06:46:30.000,5,0.0,0.0,0
2020-05-02 07:01:30.000,6,0.0,0.0,0
2020-05-02 07:16:30.000,8,0.0,0.0,0
2020-05-02 07:31:30.000,8,0.0,0.0,0
2020-05-02 07:46:30.000,9,0.0,0.0,0
2020-05-02 08:01:30.000,10,0.0,0.0,0
2020-05-02 08:16:30.000,11,0.0,0.0,0
2020-05-02 08:31:30.000,12,0.0,0.0,0
2020-05-02 08:46:30.000,12,0.0,0.0,0
2020-05-02 09:01:30.000,13,0.0,0.0,0
2020-05-02 09:16:30.000,13,3.3,0.2,1
2020-05-02 09:31:30.000,13,0.0,0.0,0
2020-05-02 09:46:30.000,13,0.0,0.0,0
2020-05-02 10:01:30.000,14,0.0,0.0,0
2020-05-02 10:16:30.000,14,0.0,0.0,0
2020-05-02 10:31:30.000,14,0.0,0.0,0
2020-05-02 10:46:30.000,14,0.0,0.0,0
2020-05-02 11:01:30.000,13,0.0,0.0,0
2020-05-02 11:16:30.000,12,0.0,0.0,0
2020-05-02 11:31:30.000,13,0.5,0.7,1
2020-05-02 11:46:30.000,13,0.0,0.0,0
2020-05-02 12:01:30.000,13,0.0,0.0,0
2020-05-02 12:16:30.000,14,0.0,0.0,0
2020-05-02 12:31:30.000,13,0.0,0.0,0
2020-05-02 12:46:30.000,13,0.0,0.0,0
2020-05-02 13:01:30.000,13,0.0,0.0,0
2020-05-02 13:16:30.001,13,0.0,0.0,0
2020-05-02 13:31:30.000,15,0.0,0.0,0
2020-05-02 13:46:30.000,14,0.0,0.0,0
2020-05-02 14:01:30.000,15,0.0,0.0,0
2020-05-02 14:16:30.000,14,0.0,0.0,0
2020-05-02 14:31:30.000,13,0.0,0.0,0
2020-05-02 14:46:30.001,13,0.0,0.0,0
2020-05-02 15:01:30.000,13,0.0,0.0,0
2020-05-02 15:16:30.000,13,0.0,0.0,0
2020-05-02 15:31:30.000,12,0.0,0.0,0
2020-05-02 15:46:30.001,11,0.0,0.0,0
2020-05-02 16:01:30.001,10,0.0,0.0,0
2020-05-02 16:16:30.000,9,0.0,0.0,0
2020-05-02 16:31:30.000,10,0.0,0.0,0
2020-05-02 16:46:30.000,9,0.0,0.0,0
2020-05-02 17:01:30.001,10,0.0,0.0,0
2020-05-02 17:16:30.000,10,0.0,0.0,0
2020-05-02 17:31:30.000,9,0.0,0.0,0
2020-05-02 17:46:30.000,9,0.0,0.0,0
2020-05-02 18:01:30.000,7,0.0,0.0,0
2020-05-02 18:16:30.000,6,0.0,0.0,0
2020-05-02 18:31:30.000,5,0.0,0.0,0
2020-05-02 18:46:30.000,6,2.2,0.3,1
2020-05-02 19:01:30.000,5,2.3,0.3,1
2020-05-02 19:16:30.001,3,0.0,0.0,0
2020-05-02 19:31:30.000,2,0.0,0.0,0
2020-05-02 19:46:30.001,2,0.0,0.0,0
2020-05-02 20:01:30.000,1,0.0,0.0,0
2020-05-02 20:16:30.000,1,0.0,0.0,0
2020-05-02 20:31:30.000,0,0.0,0.0,0
2020-05-02 20:46:30.001,0,0.0,0.0,0
2020-05-02 21:01:30.000,0,0.0,0.0,0
2020-05-02 21:16:30.000,0,0.0,0.0,0
2020-05-02 21:31:30.000,0,0.0,0.0,0
2020-05-02 21:46:30.000,0,0.0,0.0,0
2020-05-02 22:01:30.000,0,0.0,0.0,0
2020-05-02 22:16:30.000,0,0.0,0.0,0
2020-05-02 22:31:30.000,0,0.0,0.0,0
2020-05-02 22:46:30.001,0,0.0,0.0,0
2020-05-02 23:01:30.000,0,0.0,0.0,0
2020-05-02 23:16:30.000,0,0.0,0.0,0
2020-05-02 23:31:30.000,0,0.0,0.0,0
2020-05-02 23:46:30.000,0,0.0,0.0,0
2020-05-03 00:01:30.000,0,0.0,0.0,0
2020-05-03 00:16:30.001,0,0.0,0.0,0
2020-05-03 00:31:30.000,1,0.0,0.0,0
2020-05-03 00:46:30.000,1,0.0,0.0,0
2020-05-03 01:01:30.000,1,0.0,0.0,0
2020-05-03 01:16:30.000,1,0.0,0.0,0
2020-05-03 01:31:30.000,1,0.0,0.0,0
2020-05-03 01:46:30.000,1,0.0,0.0,0
2020-05-03 02:01:30.000,1,0.0,0.0,0
2020-05-03 02:16:30.000,1,0.0,0.0,0
2020-05-03 02:31:30.001,2,0.0,0.0,0
2020-05-03 02:46:30.000,1,0.0,0.0,0
2020-05-03 03:01:30.000,2,0.0,0.0,0
2020-05-03 03:16:30.000,1,0.0,0.0,0
2020-05-03 03:31:30.001,1,0.0,0.0,0
2020-05-03 03:46:30.000,1,0.0,0.0,0
2020-05-03 04:01:30.000,1,0.0,0.0,0
2020-05-03 04:16:30.000,1,0.0,0.0,0
2020-05-03 04:31:30.001,0,0.0,0.0,0
2020-05-03 04:46:30.000,0,0.0,0.0,0
2020-05-03 05:01:30.000,0,0.0,0.0,0
2020-05-03 05:16:30.000,0,0.0,0.0,0
2020-05-03 05:31:30.000,0,0.0,0.0,0
2020-05-03 05:46:30.000,0,0.0,0.0,0
2020-05-03 06:01:30.001,0,0.0,0.0,0
2020-05-03 06:16:30.000,1,0.0,0.0,0
2020-05-03 06:31:30.000,2,0.0,0.0,0
2020-05-03 06:46:30.000,2,0.0,0.0,0
2020-05-03 07:01:30.000,2,0.0,0.0,0
2020-05-03 07:16:30.000,2,0.0,0.0,0
2020-05-03 07:31:30.000,4,0.0,0.0,0
2020-05-03 07:46:30.000,4,0.0,0.0,0
2020-05-03 08:01:30.000,5,0.0,0.0,0
2020-05-03 08:16:30.000,8,0.0,0.0,0
2020-05-03 08:31:30.000,7,0.0,0.0,0
2020-05-03 08:46:30.000,6,0.0,0.0,0
2020-05-03 09:01:30.000,6,0.0,0.0,0
2020-05-03 09:16:30.000,6,0.0,0.0,0
2020-05-03 09:31:30.000,8,0.0,0.0,0
2020-05-03 09:46:30.000,8,0.0,0.0,0
2020-05-03 10:01:30.001,10,0.0,0.0,0
2020-05-03 10:16:30.000,8,0.0,0.0,0
2020-05-03 10:31:30.000,9,0.0,0.0,0
2020-05-03 10:46:30.000,8,0.0,0.0,0
2020-05-03 11:01:30.001,7,0.0,0.0,0
2020-05-03 11:16:30.000,7,0.0,0.0,0
2020-05-03 11:31:30.001,5,0.0,0.0,0
2020-05-03 11:46:30.000,6,0.0,0.0,0
2020-05-03 12:01:30.000,6,0.0,0.0,0
2020-05-03 12:16:30.000,7,0.0,0.0,0
2020-05-03 12:31:30.000,6,0.0,0.0,0
2020-05-03 12:46:30.000,7,0.0,0.0,0
2020-05-03 13:01:30.000,6,0.0,0.0,0
2020-05-03 13:16:30.000,8,0.0,0.0,0
2020-05-03 13:31:30.000,10,0.0,0.0,0
2020-05-03 13:46:30.000,10,0.0,0.0,0
2020-05-03 14:01:30.000,9,0.0,0.0,0
2020-05-03 14:16:30.001,9,0.0,0.0,0
2020-05-03 14:31:30.000,9,0.0,0.0,0
2020-05-03 14:46:30.000,9,2.6,0.2,1
2020-05-03 15:01:30.000,9,0.0,0.0,0
2020-05-03 15:16:30.000,8,0.0,0.0,0
2020-05-03 15:31:30.001,8,0.0,0.0,0
2020-05-03 15:46:30.000,8,0.0,0.0,0
2020-05-03 16:01:30.000,7,0.0,0.0,0
2020-05-03 16:16:30.000,8,0.0,0.0,0
2020-05-03 16:31:30.000,6,0.0,0.0,0
2020-05-03 16:46:30.000,6,0.0,0.0,0
2020-05-03 17:01:30.000,6,0.0,0.0,0
2020-05-03 17:16:30.000,5,0.0,0.0,0
2020-05-03 17:31:30.000,5,0.0,0.0,0
2020-05-03 17:46:30.000,5,0.0,0.0,0
2020-05-03 18:01:30.000,4,0.0,0.0,0
2020-05-03 18:16:30.000,4,0.0,0.0,0
2020-05-03 18:31:30.000,4,0.0,0.0,0
2020-05-03 18:46:30.000,4,0.0,0.0,0
2020-05-03 19:01:30.000,6,0.0,0.0,0
2020-05-03 19:16:30.000,4,0.0,0.0,0
2020-05-03 19:31:30.000,3,0.6,1.5,1
2020-05-03 19:46:30.000,1,0.8,1.5,1
2020-05-03 20:01:30.000,0,0.0,0.0,0
2020-05-03 20:16:30.001,0,0.0,0.0,0
2020-05-03 20:31:30.000,0,0.0,0.0,0
2020-05-03 20:46:30.000,0,0.0,0.0,0
2020-05-03 21:01:30.001,1,0.0,0.0,0
2020-05-03 21:16:30.000,0,0.0,0.0,0
2020-05-03 21:31:30.001,0,0.0,0.0,0
2020-05-03 21:46:30.000,0,0.0,0.0,0
2020-05-03 22:01:30.000,0,0.0,0.0,0
2020-05-03 22:16:30.000,0,0.0,0.0,0
2020-05-03 22:31:30.000,0,0.0,0.0,0
2020-05-03 22:46:30.000,0,0.0,0.0,0
2020-05-03 23:01:30.000,0,0.0,0.0,0
2020-05-03 23:16:30.000,0,0.0,0.0,0
2020-05-03 23:31:30.001,0,0.0,0.0,0
2020-05-03 23:46:30.000,0,0.0,0.0,0
2020-05-04 00:01:30.000,0,0.0,0.0,0
2020-05-04 00:16:30.000,0,0.0,0.0,0
2020-05-04 00:31:30.000,0,0.0,0.0,0
2020-05-04 00:46:30.000,0,0.0,0.0,0
2020-05-04 01:01:30.000,0,0.0,0.0,0
2020-05-04 01:16:30.000,0,0.0,0.0,0
2020-05-04 01:31:30.000,0,0.7,1.5,1
2020-05-04 01:46:30.000,0,0.0,0.0,0
2020-05-04 02:01:30.000,0,0.0,0.0,0
2020-05-04 02:16:30.001,0,0.0,0.0,0
2020-05-04 02:31:30.001,0,0.0,0.0,0
2020-05-04 02:46:30.000,0,0.0,0.0,0
2020-05-04 03:01:30.000,3,0.0,0.0,0
2020-05-04 03:16:30.000,2,0.0,0.0,0
2020-05-04 03:31:30.000,1,0.0,0.0,0
2020-05-04 03:46:30.000,1,0.0,0.0,0
2020-05-04 04:01:30.000,1,0.0,0.0,0
2020-05-04 04:16:30.000,1,0.0,0.0,0
2020-05-04 04:31:30.000,1,0.0,0.0,0
2020-05-04 04:46:30.000,2,0.0,0.0,0
2020-05-04 05:01:30.001,4,0.0,0.0,0
2020-05-04 05:16:30.000,5,0.0,0.0,0
2020-05-04 05:31:30.000,7,0.0,0.0,0
2020-05-04 05:46:30.001,9,0.0,0.0,0
2020-05-04 06:01:30.000,11,2.3,0.6,1
2020-05-04 06:16:30.000,12,2.0,1.8,1
2020-05-04 06:31:30.000,12,0.0,0.0,0
2020-05-04 06:46:30.001,13,0.0,0.0,0
2020-05-04 07:01:30.000,15,0.0,0.0,0
2020-05-04 07:16:30.001,15,2.3,0.6,1
2020-05-04 07:31:30.000,13,0.0,0.0,0
2020-05-04 07:46:30.000,14,0.0,0.0,0
2020-05-04 08:01:30.000,14,4.9,0.6,2
2020-05-04 08:16:30.000,14,0.0,0.0,0
2020-05-04 08:31:30.000,14,4.5,0.5,1
2020-05-04 08:46:30.000,14,0.0,0.0,0
2020-05-04 09:01:30.000,15,0.0,0.0,0
2020-05-04 09:16:30.000,15,0.0,0.0,0
2020-05-04 09:31:30.000,16,0.0,0.0,0
2020-05-04 09:46:30.000,16,3.2,0.5,1
2020-05-04 10:01:30.000,15,0.0,0.0,0
2020-05-04 10:16:30.000,14,0.0,0.0,0
2020-05-04 10:31:30.000,14,0.0,0.0,0
2020-05-04 10:46:30.000,13,0.0,0.0,0
2020-05-04 11:01:30.000,13,0.0,0.0,0
2020-05-04 11:16:30.000,12,2.6,0.3,1
2020-05-04 11:31:30.000,13,2.6,0.3,1
2020-05-04 11:46:30.000,13,0.0,0.0,0
2020-05-04 12:01:30.000,13,0.0,0.0,0
2020-05-04 12:16:30.001,13,0.0,0.0,0
2020-05-04 12:31:30.001,14,0.0,0.0,0
2020-05-04 12:46:30.000,15,0.0,0.0,0
2020-05-04 13:01:30.000,15,0.0,0.0,0
2020-05-04 13:16:30.000,15,0.0,0.0,0
2020-05-04 13:31:30.000,16,0.0,0.0,0
2020-05-04 13:46:30.000,15,0.0,0.0,0
2020-05-04 14:01:30.000,15,0.0,0.0,0
2020-05-04 14:16:30.000,17,0.0,0.0,0
2020-05-04 14:31:30.000,17,0.0,0.0,0
2020-05-04 14:46:30.000,17,0.0,0.0,0
2020-05-04 15:01:30.000,18,0.0,0.0,0
2020-05-04 15:16:30.000,18,0.0,0.0,0
2020-05-04 15:31:30.000,17,0.0,0.0,0
2020-05-04 15:46:30.000,16,4.0,0.2,1
2020-05-04 16:01:30.000,15,0.0,0.0,0
2020-05-04 16:16:30.000,14,0.0,0.0,0
2020-05-04 16:31:30.000,11,0.0,0.0,0
2020-05-04 16:46:30.000,11,0.0,0.0,0
2020-05-04 17:01:30.000,9,0.0,0.0,0
2020-05-04 17:16:30.000,7,0.0,0.0,0
2020-05-04 17:31:30.000,6,0.0,0.0,0
2020-05-04 17:46:30.000,6,0.0,0.0,0
2020-05-04 18:01:30.001,5,0.0,0.0,0
2020-05-04 18:16:30.000,6,0.0,0.0,0
2020-05-04 18:31:30.000,5,0.0,0.0,0
2020-05-04 18:46:30.000,4,0.0,0.0,0
2020-05-04 19:01:30.001,3,0.0,0.0,0
2020-05-04 19:16:30.001,1,0.0,0.0,0
2020-05-04 19:31:30.000,2,0.0,0.0,0
2020-05-04 19:46:30.000,1,0.0,0.0,0
2020-05-04 20:01:30.000,1,0.0,0.0,0
2020-05-04 20:16:30.000,1,0.0,0.0,0
2020-05-04 20:31:30.000,0,0.0,0.0,0
2020-05-04 20:46:30.000,0,0.0,0.0,0
2020-05-04 21:01:30.000,0,0.0,0.0,0
2020-05-04 21:16:30.000,8,11.5,0.6,1
2020-05-04 21:31:30.000,5,11.5,0.6,1
2020-05-04 21:46:30.000,3,0.0,0.0,0
2020-05-04 22:01:30.000,5,0.0,0.0,0
2020-05-04 22:16:30.000,2,0.0,0.0,0
2020-05-04 22:31:30.000,1,0.0,0.0,0
2020-05-04 22:46:30.000,2,0.0,0.0,0
2020-05-04 23:01:30.000,2,0.0,0.0,0
2020-05-04 23:16:30.000,2,0.0,0.0,0
2020-05-04 23:31:30.000,3,0.0,0.0,0
2020-05-04 23:46:30.000,2,0.0,0.0,0
2020-05-05 00:01:30.000,1,0.0,0.0,0
2020-05-05 00:16:30.001,2,0.0,0.0,0
2020-05-05 00:31:30.001,2,0.0,0.0,0
2020-05-05 00:46:30.000,5,0.0,0.0,0
2020-05-05 01:01:30.000,6,0.0,0.0,0
2020-05-05 01:16:30.000,4,0.0,0.0,0
2020-05-05 01:31:30.000,4,0.0,0.0,0
2020-05-05 01:46:30.001,3,0.0,0.0,0
2020-05-05 02:01:30.000,3,0.0,0.0,0
2020-05-05 02:16:30.000,3,0.0,0.0,0
2020-05-05 02:31:30.000,2,0.0,0.0,0
2020-05-05 02:46:30.001,2,0.0,0.0,0
2020-05-05 03:01:30.001,1,0.0,0.0,0
2020-05-05 03:16:30.000,1,0.0,0.0,0
2020-05-05 03:46:30.000,1,0.0,0.0,0
2020-05-05 04:01:30.000,0,0.0,0.0,0
2020-05-05 04:16:30.000,1,0.0,0.0,0
2020-05-05 04:31:30.000,1,0.0,0.0,0
2020-05-05 04:46:30.001,2,0.0,0.0,0
2020-05-05 05:01:30.000,3,0.0,0.0,0
2020-05-05 05:16:30.000,5,0.0,0.0,0
2020-05-05 05:31:30.000,8,0.0,0.0,0
2020-05-05 05:46:30.000,10,0.0,0.0,0
2020-05-05 06:01:30.001,13,0.0,0.0,0
2020-05-05 06:16:30.000,13,0.0,0.0,0
2020-05-05 06:31:30.000,13,0.0,0.0,0
2020-05-05 06:46:30.001,14,0.0,0.0,0
2020-05-05 07:01:30.000,13,0.0,0.0,0
2020-05-05 07:16:30.000,13,0.0,0.0,0
2020-05-05 07:31:30.000,13,0.0,0.0,0
2020-05-05 07:46:30.000,14,0.0,0.0,0
2020-05-05 08:01:30.001,13,0.0,0.0,0
2020-05-05 08:16:30.000,14,0.0,0.0,0
2020-05-05 08:31:30.000,13,0.0,0.0,0
2020-05-05 08:46:30.000,14,0.0,0.0,0
2020-05-05 09:01:30.000,14,0.0,0.0,0
2020-05-05 09:16:30.000,15,2.1,0.5,1
2020-05-05 09:31:30.000,15,1.8,0.8,1
2020-05-05 09:46:34.434,14,0.0,0.0,0
2020-05-05 10:01:30.000,16,2.8,0.5,2
2020-05-05 10:16:30.000,15,1.9,0.5,1
2020-05-05 10:31:30.000,15,0.0,0.0,0
2020-05-05 10:46:30.000,14,0.0,0.0,0
2020-05-05 11:01:30.000,13,2.5,0.1,1
2020-05-05 11:16:30.000,13,0.0,0.0,0
2020-05-05 11:31:30.000,14,0.0,0.0,0
2020-05-05 11:46:30.001,14,0.0,0.0,0
2020-05-05 12:01:30.000,14,0.0,0.0,0
2020-05-05 12:16:30.000,14,0.0,0.0,0
2020-05-05 12:31:30.001,15,0.0,0.0,0
2020-05-05 12:46:30.000,16,0.0,0.0,0
2020-05-05 13:01:30.000,16,2.0,0.1,1
2020-05-05 13:16:30.000,17,2.9,0.6,1
2020-05-05 13:31:30.000,16,2.0,0.5,1
2020-05-05 13:46:30.000,17,0.0,0.0,0
2020-05-05 14:01:30.000,18,0.0,0.0,0
2020-05-05 14:16:30.001,17,0.0,0.0,0
2020-05-05 14:31:30.000,18,0.0,0.0,0
2020-05-05 14:46:30.000,19,0.0,0.0,0
2020-05-05 15:01:30.000,19,0.0,0.0,0
2020-05-05 15:16:30.000,18,0.0,0.0,0
2020-05-05 15:31:30.001,18,0.0,0.0,0
2020-05-05 15:46:30.000,17,0.0,0.0,0
2020-05-05 16:01:30.001,16,0.0,0.0,0
2020-05-05 16:16:30.001,15,2.4,0.3,1
2020-05-05 16:31:30.000,14,0.0,0.0,0
2020-05-05 16:46:30.001,13,0.0,0.0,0
2020-05-05 17:01:30.000,10,0.0,0.0,0
2020-05-05 17:16:30.000,8,0.0,0.0,0
2020-05-05 17:31:30.000,7,0.0,0.0,0
2020-05-05 17:46:30.001,7,0.0,0.0,0
2020-05-05 18:01:30.000,7,0.0,0.0,0
2020-05-05 18:16:30.000,6,0.0,0.0,0
2020-05-05 18:31:30.000,5,0.0,0.0,0
2020-05-05 18:46:30.001,5,0.0,0.0,0
2020-05-05 19:01:30.001,3,0.0,0.0,0
2020-05-05 19:16:30.000,3,0.0,0.0,0
2020-05-05 19:31:30.000,3,0.0,0.0,0
2020-05-05 19:46:30.000,2,0.0,0.0,0
2020-05-05 20:01:30.000,0,0.0,0.0,0
2020-05-05 20:16:30.000,2,0.0,0.0,0
2020-05-05 20:31:30.000,0,0.0,0.0,0
2020-05-05 20:46:30.001,0,0.0,0.0,0
2020-05-05 21:01:30.000,0,0.0,0.0,0
2020-05-05 21:16:30.000,0,0.0,0.0,0
2020-05-05 21:31:30.000,0,0.0,0.0,0
2020-05-05 21:46:30.002,1,0.0,0.0,0
2020-05-05 22:01:30.000,0,0.0,0.0,0
2020-05-05 22:16:30.000,0,0.0,0.0,0
2020-05-05 22:31:30.000,1,0.0,0.0,0
2020-05-05 22:46:30.000,1,0.5,1.5,1
2020-05-05 23:01:30.000,3,0.0,0.0,0
2020-05-05 23:16:30.000,2,0.0,0.0,0
2020-05-05 23:31:30.000,3,0.0,0.0,0
2020-05-05 23:46:30.000,3,0.0,0.0,0
2020-05-06 00:01:30.000,3,0.0,0.0,0
2020-05-06 00:16:30.000,2,0.0,0.0,0
2020-05-06 00:31:30.000,2,0.0,0.0,0
2020-05-06 00:46:30.001,2,0.0,0.0,0
2020-05-06 01:01:30.001,3,0.0,0.0,0
2020-05-06 01:16:30.000,3,0.0,0.0,0
2020-05-06 01:31:30.000,3,0.0,0.0,0
2020-05-06 01:46:30.000,2,0.0,0.0,0
2020-05-06 02:01:30.000,3,0.0,0.0,0
2020-05-06 02:16:30.001,3,0.0,0.0,0
2020-05-06 02:31:30.000,3,0.0,0.0,0
2020-05-06 02:46:30.000,4,0.6,1.4,1
2020-05-06 03:01:30.001,3,0.0,0.0,0
2020-05-06 03:16:30.000,2,0.0,0.0,0
2020-05-06 03:31:30.000,0,0.0,0.0,0
2020-05-06 03:46:30.001,0,0.0,0.0,0
2020-05-06 04:01:30.000,0,0.0,0.0,0
2020-05-06 04:16:30.001,0,0.0,0.0,0
2020-05-06 04:31:30.001,0,0.0,0.0,0
2020-05-06 04:46:30.001,1,0.0,0.0,0
2020-05-06 05:01:30.000,2,0.0,0.0,0
2020-05-06 05:16:30.000,3,0.0,0.0,0
2020-05-06 05:31:30.000,6,4.0,0.8,1
2020-05-06 05:46:30.000,8,0.0,0.0,0
2020-05-06 06:01:30.001,10,0.0,0.0,0
2020-05-06 06:16:30.000,11,0.0,0.0,0
2020-05-06 06:31:30.000,12,0.0,0.0,0
2020-05-06 06:46:30.000,12,0.0,0.0,0
2020-05-06 07:01:30.000,13,0.0,0.0,0
2020-05-06 07:16:30.000,13,0.0,0.0,0
2020-05-06 07:31:30.000,13,0.0,0.0,0
2020-05-06 07:46:30.000,14,2.9,0.2,1
2020-05-06 08:01:30.000,15,2.9,0.2,1
2020-05-06 08:16:30.000,16,0.0,0.0,0
2020-05-06 08:31:30.000,15,0.0,0.0,0
2020-05-06 08:46:30.000,16,0.0,0.0,0
2020-05-06 09:01:30.000,15,0.0,0.0,0
2020-05-06 09:16:30.000,16,0.0,0.0,0
2020-05-06 09:31:30.000,16,0.0,0.0,0
2020-05-06 09:46:30.000,17,0.0,0.0,0
2020-05-06 10:01:30.000,17,3.4,0.4,1
2020-05-06 10:16:30.000,16,0.0,0.0,0
2020-05-06 10:31:30.000,16,0.0,0.0,0
2020-05-06 10:46:30.001,16,0.0,0.0,0
2020-05-06 11:01:30.000,14,0.0,0.0,0
2020-05-06 11:16:30.000,13,0.0,0.0,0
2020-05-06 11:31:30.000,14,0.0,0.0,0
2020-05-06 11:46:30.000,15,0.0,0.0,0
2020-05-06 12:01:30.000,16,0.0,0.0,0
2020-05-06 12:16:30.000,15,0.0,0.0,0
2020-05-06 12:31:30.000,16,0.0,0.0,0
2020-05-06 12:46:30.000,17,0.0,0.0,0
2020-05-06 13:01:30.000,16,0.0,0.0,0
2020-05-06 13:16:30.000,16,0.0,0.0,0
2020-05-06 13:31:30.001,16,3.5,0.3,2
2020-05-06 13:46:30.000,17,2.7,0.6,1
2020-05-06 14:01:30.000,18,7.4,0.8,2
2020-05-06 14:16:30.000,18,11.6,1.7,4
2020-05-06 14:31:30.000,18,2.6,0.4,1
2020-05-06 14:46:30.000,18,4.1,0.2,1
2020-05-06 15:01:30.000,18,4.2,0.4,1
2020-05-06 15:16:30.001,17,0.0,0.0,0
2020-05-06 15:31:30.000,16,0.0,0.0,0
2020-05-06 15:46:30.000,15,0.0,0.0,0
2020-05-06 16:01:30.000,14,0.0,0.0,0
2020-05-06 16:16:30.000,13,0.0,0.0,0
2020-05-06 16:31:30.000,12,0.0,0.0,0
2020-05-06 16:46:30.000,12,0.0,0.0,0
2020-05-06 17:01:30.000,11,0.0,0.0,0
2020-05-06 17:16:30.000,10,0.0,0.0,0
2020-05-06 17:31:30.000,9,2.6,0.1,1
2020-05-06 17:46:30.000,7,2.6,0.1,1
2020-05-06 18:01:30.000,7,0.0,0.0,0
2020-05-06 18:16:30.000,5,0.0,0.0,0
2020-05-06 18:31:30.000,5,0.0,0.0,0
2020-05-06 18:46:30.000,4,0.0,0.0,0
2020-05-06 19:01:30.000,4,0.0,0.0,0
2020-05-06 19:16:30.000,4,0.0,0.0,0
2020-05-06 19:31:30.000,4,0.0,0.0,0
2020-05-06 19:46:30.000,3,0.0,0.0,0
2020-05-06 20:01:30.000,1,0.0,0.0,0
2020-05-06 20:16:30.000,0,0.0,0.0,0
2020-05-06 20:31:30.000,0,0.0,0.0,0
2020-05-06 20:46:30.001,0,0.0,0.0,0
2020-05-06 21:01:30.000,0,0.0,0.0,0
2020-05-06 21:16:30.001,2,0.0,0.0,0
2020-05-06 21:31:30.000,1,0.0,0.0,0
2020-05-06 21:46:30.000,1,0.0,0.0,0
2020-05-06 22:01:30.000,0,0.0,0.0,0
2020-05-06 22:16:30.000,0,0.0,0.0,0
2020-05-06 22:31:30.000,0,0.0,0.0,0
2020-05-06 22:46:30.001,0,0.6,1.6,1
2020-05-06 23:01:30.000,0,0.0,0.0,0
2020-05-06 23:16:30.000,0,0.0,0.0,0
2020-05-06 23:31:30.000,0,0.6,1.5,1
2020-05-06 23:46:30.000,1,0.0,0.0,0
2020-05-07 00:01:30.001,2,0.0,0.0,0
2020-05-07 00:16:30.000,5,0.0,0.0,0
2020-05-07 00:31:30.000,6,0.0,0.0,0
2020-05-07 00:46:30.000,6,0.0,0.0,0
2020-05-07 01:01:30.000,7,0.0,0.0,0
2020-05-07 01:16:30.000,7,0.0,0.0,0
2020-05-07 01:31:30.000,9,0.0,0.0,0
2020-05-07 01:46:30.000,10,0.7,1.6,1
2020-05-07 02:01:30.000,7,1.6,1.4,1
2020-05-07 02:16:30.000,6,0.0,0.0,0
2020-05-07 02:31:30.000,6,0.0,0.0,0
2020-05-07 02:46:30.000,4,0.0,0.0,0
2020-05-07 03:01:30.000,3,0.0,0.0,0
2020-05-07 03:16:30.000,2,0.0,0.0,0
2020-05-07 03:31:30.000,1,0.0,0.0,0
2020-05-07 03:46:30.000,0,0.0,0.0,0
2020-05-07 04:01:30.000,0,0.0,0.0,0
2020-05-07 04:16:30.001,0,0.0,0.0,0
2020-05-07 04:31:30.000,0,0.0,0.0,0
2020-05-07 04:46:30.001,2,0.0,0.0,0
2020-05-07 05:01:30.000,4,0.0,0.0,0
2020-05-07 05:16:30.000,6,2.9,0.3,1
2020-05-07 05:31:30.000,7,0.0,0.0,0
2020-05-07 05:46:30.000,10,0.0,0.0,0
2020-05-07 06:01:30.000,12,0.0,0.0,0
2020-05-07 06:16:30.000,13,0.0,0.0,0
2020-05-07 06:31:30.000,13,0.0,0.0,0
2020-05-07 06:46:30.001,15,2.2,0.6,1
2020-05-07 07:01:30.000,14,2.9,0.6,1
2020-05-07 09:16:30.000,15,0.0,0.0,0
2020-05-07 09:31:30.000,17,0.0,0.0,0
2020-05-07 10:01:30.000,16,0.0,0.0,0
2020-05-07 10:16:30.000,15,2.1,0.2,1
2020-05-07 10:31:30.000,14,0.0,0.0,0
2020-05-07 10:46:30.000,14,0.0,0.0,0
2020-05-07 11:01:30.000,14,0.0,0.0,0
2020-05-07 11:16:30.000,13,0.0,0.0,0
2020-05-07 11:31:30.000,14,0.0,0.0,0
2020-05-07 11:46:30.000,15,0.0,0.0,0
2020-05-07 12:01:30.000,15,0.0,0.0,0
2020-05-07 12:16:30.000,15,0.0,0.0,0
2020-05-07 12:31:30.001,15,0.0,0.0,0
2020-05-07 12:46:30.000,16,0.0,0.0,0
2020-05-07 13:01:30.000,17,0.0,0.0,0
2020-05-07 13:16:30.000,18,4.2,0.3,2
2020-05-07 13:31:30.000,17,2.9,0.2,1
2020-05-07 13:46:30.000,18,3.9,0.5,1
2020-05-07 14:01:30.000,18,0.0,0.0,0
2020-05-07 14:16:30.000,19,2.2,0.6,1
2020-05-07 14:31:30.000,20,0.0,0.0,0
2020-05-07 14:46:30.000,20,3.2,0.2,1
2020-05-07 15:01:30.000,19,0.0,0.0,0
2020-05-07 15:16:30.000,20,0.0,0.0,0
2020-05-07 15:31:30.000,19,0.0,0.0,0
2020-05-07 15:46:30.000,18,0.0,0.0,0
2020-05-07 16:01:30.000,17,4.9,0.3,1
2020-05-07 16:16:30.000,16,0.0,0.0,0
2020-05-07 16:31:30.000,14,0.0,0.0,0
2020-05-07 16:46:30.000,12,0.0,0.0,0
2020-05-07 17:01:30.001,10,0.0,0.0,0
2020-05-07 17:16:30.000,10,0.0,0.0,0
2020-05-07 17:31:30.000,9,0.0,0.0,0
2020-05-07 17:46:30.000,9,0.0,0.0,0
2020-05-07 18:01:30.001,7,0.0,0.0,0
2020-05-07 18:16:30.000,5,0.0,0.0,0
2020-05-07 18:31:30.000,6,2.6,0.3,1
2020-05-07 18:46:30.000,5,0.0,0.0,0
2020-05-07 19:01:30.000,4,0.0,0.0,0
2020-05-07 19:16:30.000,3,0.0,0.0,0
2020-05-07 19:31:30.000,2,0.0,0.0,0
2020-05-07 19:46:30.001,3,0.0,0.0,0
2020-05-07 20:01:30.000,3,2.9,0.1,1
2020-05-07 20:16:30.000,1,3.6,0.1,1
2020-05-07 20:31:30.000,0,0.0,0.0,0
2020-05-07 20:46:30.000,0,0.0,0.0,0
2020-05-07 21:01:30.001,0,0.0,0.0,0
2020-05-07 21:16:30.001,0,0.0,0.0,0
2020-05-07 21:31:30.000,0,0.0,0.0,0
2020-05-07 21:46:30.000,0,0.0,0.0,0
2020-05-07 22:01:30.000,0,0.0,0.0,0
2020-05-07 22:16:30.000,0,0.0,0.0,0
2020-05-07 22:31:30.000,0,0.0,0.0,0
2020-05-07 22:46:30.000,0,0.0,0.0,0
2020-05-07 23:01:30.000,1,0.0,0.0,0
2020-05-07 23:16:30.000,0,0.0,0.0,0
2020-05-07 23:31:30.000,0,0.0,0.0,0
2020-05-07 23:46:30.000,0,0.0,0.0,0
2020-05-08 00:01:30.000,0,0.0,0.0,0
2020-05-08 00:16:30.000,0,0.0,0.0,0
2020-05-08 00:31:30.001,0,0.5,1.2,1
2020-05-08 00:46:30.000,1,6.5,1.2,1
2020-05-08 01:01:30.000,1,0.6,1.2,1
2020-05-08 01:16:30.001,1,0.0,0.0,0
2020-05-08 01:31:30.000,0,0.0,0.0,0
2020-05-08 01:46:30.000,0,0.0,0.0,0
2020-05-08 02:01:30.000,0,0.0,0.0,0
2020-05-08 02:16:30.000,0,0.0,0.0,0
2020-05-08 02:31:30.000,0,0.0,0.0,0
2020-05-08 02:46:30.000,1,0.0,0.0,0
2020-05-08 03:01:30.000,0,0.0,0.0,0
2020-05-08 03:16:30.000,0,0.0,0.0,0
2020-05-08 03:31:30.000,0,0.0,0.0,0
2020-05-08 03:46:30.000,0,0.0,0.0,0
2020-05-08 04:01:30.000,0,0.0,0.0,0
2020-05-08 04:16:30.000,0,0.0,0.0,0
2020-05-08 04:31:30.000,1,0.0,0.0,0
2020-05-08 04:46:30.000,2,0.0,0.0,0
2020-05-08 05:01:30.000,4,0.0,0.0,0
2020-05-08 05:16:30.000,5,0.0,0.0,0
2020-05-08 05:31:30.000,8,5.9,0.6,2
2020-05-08 05:46:30.000,11,0.0,0.0,0
2020-05-08 06:01:30.000,11,0.0,0.0,0
2020-05-08 06:16:30.000,11,0.0,0.0,0
2020-05-08 06:31:30.001,12,0.0,0.0,0
2020-05-08 06:46:30.000,13,0.0,0.0,0
2020-05-08 07:01:30.000,13,0.0,0.0,0
2020-05-08 07:16:30.000,13,0.0,0.0,0
2020-05-08 07:31:30.000,14,0.0,0.0,0
2020-05-08 07:46:30.000,14,0.0,0.0,0
2020-05-08 08:01:30.001,15,0.9,0.0,1
2020-05-08 08:16:30.001,16,0.0,0.0,0
2020-05-08 08:31:30.000,17,0.0,0.0,0
2020-05-08 08:46:30.000,18,2.3,0.6,1
2020-05-08 09:01:30.000,18,2.4,0.6,1
2020-05-08 09:16:30.000,18,0.0,0.0,0
2020-05-08 09:31:30.000,17,0.0,0.0,0
2020-05-08 09:46:30.000,18,5.2,0.6,2
2020-05-08 10:01:30.000,18,2.7,0.5,1
2020-05-08 10:16:30.000,18,0.0,0.0,0
2020-05-08 10:46:30.000,14,0.0,0.0,0
2020-05-08 11:01:30.001,15,0.0,0.0,0
2020-05-08 11:16:30.000,15,0.0,0.0,0
2020-05-08 11:31:30.000,15,0.0,0.0,0
2020-05-08 11:46:30.000,15,0.0,0.0,0
2020-05-08 12:01:30.000,16,0.0,0.0,0
2020-05-08 12:16:30.000,18,0.0,0.0,0
2020-05-08 12:31:30.000,18,3.6,1.2,2
2020-05-08 12:46:30.000,19,5.8,1.5,2
2020-05-08 13:01:30.000,18,0.0,0.0,0
2020-05-08 13:16:30.000,18,0.0,0.0,0
2020-05-08 13:31:30.000,18,0.0,0.0,0
2020-05-08 13:46:30.000,19,0.0,0.0,0
2020-05-08 14:01:30.000,20,3.9,0.4,1
2020-05-08 14:16:30.000,20,0.0,0.0,0
2020-05-08 14:31:30.000,21,7.3,2.1,1
2020-05-08 14:46:30.000,20,0.0,0.0,0
2020-05-08 15:01:30.000,20,0.0,0.0,0
2020-05-08 15:16:30.000,20,2.3,0.6,1
2020-05-08 15:31:30.000,19,0.0,0.0,0
2020-05-08 15:46:30.000,19,0.0,0.0,0
2020-05-08 16:01:30.001,18,0.0,0.0,0
2020-05-08 16:16:30.000,17,0.0,0.0,0
2020-05-08 16:31:30.000,15,0.0,0.0,0
2020-05-08 16:46:30.000,14,0.0,0.0,0
2020-05-08 17:01:30.001,12,0.0,0.0,0
2020-05-08 17:16:30.001,11,0.0,0.0,0
2020-05-08 17:31:30.000,11,0.0,0.0,0
2020-05-08 17:46:30.000,9,0.0,0.0,0
2020-05-08 18:01:30.000,9,0.0,0.0,0
2020-05-08 18:16:30.000,7,0.0,0.0,0
2020-05-08 18:31:30.001,6,0.0,0.0,0
2020-05-08 18:46:30.001,8,0.0,0.0,0
2020-05-08 19:01:30.001,7,0.0,0.0,0
2020-05-08 19:16:30.000,4,0.0,0.0,0
2020-05-08 19:31:30.000,5,0.0,0.0,0
2020-05-08 19:46:30.001,3,0.0,0.0,0
2020-05-08 20:01:30.000,2,0.0,0.0,0
2020-05-08 20:16:30.000,1,0.0,0.0,0
2020-05-08 20:31:30.001,1,0.0,0.0,0
2020-05-08 20:46:30.000,0,0.0,0.0,0
2020-05-08 21:01:30.000,0,0.0,0.0,0
2020-05-08 21:16:30.000,0,0.0,0.0,0
2020-05-08 21:31:30.000,0,0.0,0.0,0
2020-05-08 21:46:30.000,0,0.0,0.0,0
2020-05-08 22:01:30.000,0,0.0,0.0,0
2020-05-08 22:16:30.000,0,0.0,0.0,0
2020-05-08 22:31:30.000,0,0.0,0.0,0
2020-05-08 22:46:30.000,0,0.0,0.0,0
2020-05-08 23:01:30.000,0,0.0,0.0,0
2020-05-08 23:16:30.000,0,0.0,0.0,0
2020-05-08 23:31:30.000,0,0.0,0.0,0
2020-05-08 23:46:30.000,1,0.0,0.0,0
2020-05-09 00:01:30.000,1,0.0,0.0,0
2020-05-09 00:16:30.000,1,0.0,0.0,0
2020-05-09 00:31:30.000,2,0.0,0.0,0
2020-05-09 00:46:30.000,3,0.0,0.0,0
2020-05-09 01:01:30.000,2,0.0,0.0,0
2020-05-09 01:16:30.000,1,0.0,0.0,0
2020-05-09 01:31:30.001,1,0.0,0.0,0
2020-05-09 01:46:30.000,1,0.0,0.0,0
2020-05-09 02:01:30.000,2,0.0,0.0,0
2020-05-09 02:16:30.000,1,0.0,0.0,0
2020-05-09 02:31:30.000,0,0.0,0.0,0
2020-05-09 02:46:30.000,1,0.0,0.0,0
2020-05-09 03:01:30.001,3,0.0,0.0,0
2020-05-09 03:16:30.000,2,0.0,0.0,0
2020-05-09 03:31:30.000,2,0.0,0.0,0
2020-05-09 03:46:30.001,1,0.7,1.6,1
2020-05-09 04:01:30.000,1,0.0,0.0,0
2020-05-09 04:16:30.000,0,0.0,0.0,0
2020-05-09 04:31:30.000,0,0.0,0.0,0
2020-05-09 04:46:30.001,0,0.0,0.0,0
2020-05-09 05:01:30.001,0,0.0,0.0,0
2020-05-09 05:16:30.000,0,0.0,0.0,0
2020-05-09 05:31:30.000,1,0.0,0.0,0
2020-05-09 05:46:30.000,1,0.0,0.0,0
2020-05-09 06:01:30.001,5,0.0,0.0,0
2020-05-09 06:16:30.000,4,0.0,0.0,0
2020-05-09 06:31:30.000,4,0.0,0.0,0
2020-05-09 06:46:30.000,5,0.0,0.0,0
2020-05-09 07:01:30.000,5,0.0,0.0,0
2020-05-09 07:16:30.001,5,0.0,0.0,0
2020-05-09 07:31:30.000,7,0.0,0.0,0
2020-05-09 07:46:30.000,7,0.0,0.0,0
2020-05-09 08:01:30.000,10,0.0,0.0,0
2020-05-09 08:16:30.000,10,0.0,0.0,0
2020-05-09 08:31:30.000,11,0.0,0.0,0
2020-05-09 08:46:30.000,12,0.0,0.0,0
2020-05-09 09:01:30.000,12,0.0,0.0,0
2020-05-09 09:16:30.000,13,0.0,0.0,0
2020-05-09 09:31:30.001,14,0.0,0.0,0
2020-05-09 09:46:30.000,14,0.0,0.0,0
2020-05-09 10:01:30.000,13,0.0,0.0,0
2020-05-09 10:16:30.000,13,0.0,0.0,0
2020-05-09 10:31:30.000,13,0.0,0.0,0
2020-05-09 10:46:30.000,12,0.0,0.0,0
2020-05-09 11:01:30.000,13,3.0,0.2,1
2020-05-09 11:16:30.000,12,0.0,0.0,0
2020-05-09 11:31:30.000,12,0.0,0.0,0
2020-05-09 11:46:30.000,12,0.0,0.0,0
2020-05-09 12:01:30.000,15,4.6,1.3,2
2020-05-09 12:16:30.000,14,0.0,0.0,0
2020-05-09 12:31:30.001,14,0.0,0.0,0
2020-05-09 12:46:30.000,14,0.0,0.0,0
2020-05-09 13:01:30.000,14,0.0,0.0,0
2020-05-09 13:16:30.000,15,0.0,0.0,0
2020-05-09 13:31:30.001,14,0.0,0.0,0
2020-05-09 13:46:30.000,15,0.0,0.0,0
2020-05-09 14:01:30.001,14,0.0,0.0,0
2020-05-09 14:16:30.001,14,0.0,0.0,0
2020-05-09 14:31:30.000,15,0.0,0.0,0
2020-05-09 14:46:30.000,14,0.0,0.0,0
2020-05-09 15:01:30.001,14,0.0,0.0,0
2020-05-09 15:16:30.000,14,0.0,0.0,0
2020-05-09 15:31:30.000,12,0.0,0.0,0
2020-05-09 15:46:30.001,13,0.0,0.0,0
2020-05-09 16:01:30.000,13,0.0,0.0,0
2020-05-09 16:16:30.000,12,0.0,0.0,0
2020-05-09 16:31:30.000,11,0.0,0.0,0
2020-05-09 16:46:30.000,10,0.0,0.0,0
2020-05-09 17:01:30.000,9,0.0,0.0,0
2020-05-09 17:16:30.001,8,3.3,0.9,1
2020-05-09 17:31:30.000,8,3.7,0.9,1
2020-05-09 17:46:30.001,6,0.0,0.0,0
2020-05-09 18:01:30.001,7,0.0,0.0,0
2020-05-09 18:16:30.000,5,0.0,0.0,0
2020-05-09 18:31:30.000,4,0.0,0.0,0
2020-05-09 18:46:30.000,3,0.0,0.0,0
2020-05-09 19:01:30.000,3,0.0,0.0,0
2020-05-09 19:16:30.000,2,0.0,0.0,0
2020-05-09 19:31:30.000,4,0.0,0.0,0
2020-05-09 19:46:30.000,4,0.0,0.0,0
2020-05-09 20:01:30.000,3,0.0,0.0,0
2020-05-09 20:16:30.000,1,0.0,0.0,0
2020-05-09 20:31:30.000,1,0.0,0.0,0
2020-05-09 20:46:30.000,1,0.0,0.0,0
2020-05-09 21:01:30.000,0,0.0,0.0,0
2020-05-09 21:16:30.000,0,0.0,0.0,0
2020-05-09 21:31:30.000,0,0.0,0.0,0
2020-05-09 21:46:30.000,0,0.0,0.0,0
2020-05-09 22:01:30.000,0,0.0,0.0,0
2020-05-09 22:16:30.000,0,0.0,0.0,0
2020-05-09 22:31:30.000,0,0.0,0.0,0
2020-05-09 22:46:30.000,0,0.0,0.0,0
2020-05-09 23:01:30.000,0,0.0,0.0,0
2020-05-09 23:16:30.001,0,0.0,0.0,0
2020-05-09 23:31:30.000,0,0.0,0.0,0
2020-05-09 23:46:30.001,0,0.0,0.0,0
2020-05-10 00:01:30.001,0,0.0,0.0,0
2020-05-10 00:16:30.001,0,0.0,0.0,0
2020-05-10 00:31:30.000,0,0.0,0.0,0
2020-05-10 00:46:30.000,0,0.0,0.0,0
2020-05-10 01:01:30.000,0,0.0,0.0,0
2020-05-10 01:16:30.000,0,0.0,0.0,0
2020-05-10 01:31:30.000,0,0.0,0.0,0
2020-05-10 01:46:30.000,0,0.0,0.0,0
2020-05-10 02:01:30.000,0,0.0,0.0,0
2020-05-10 02:16:30.000,0,0.0,0.0,0
2020-05-10 02:31:30.000,0,0.0,0.0,0
2020-05-10 02:46:30.000,0,0.0,0.0,0
2020-05-10 03:01:30.000,0,0.0,0.0,0
2020-05-10 03:16:30.000,0,0.0,0.0,0
2020-05-10 03:31:30.000,0,0.0,0.0,0
2020-05-10 03:46:30.000,0,0.0,0.0,0
2020-05-10 04:01:30.000,0,0.0,0.0,0
2020-05-10 04:16:30.001,0,0.0,0.0,0
2020-05-10 04:31:30.000,0,0.0,0.0,0
2020-05-10 04:46:30.000,0,0.0,0.0,0
2020-05-10 05:01:30.000,1,0.0,0.0,0
2020-05-10 05:16:30.000,2,0.0,0.0,0
2020-05-10 05:31:30.000,2,0.0,0.0,0
2020-05-10 05:46:30.001,2,0.0,0.0,0
2020-05-10 06:01:30.000,3,0.0,0.0,0
2020-05-10 06:16:30.000,2,0.0,0.0,0
2020-05-10 06:31:30.000,2,0.0,0.0,0
2020-05-10 06:46:30.000,2,0.0,0.0,0
2020-05-10 07:01:30.001,4,0.0,0.0,0
2020-05-10 07:16:30.000,3,0.0,0.0,0
2020-05-10 07:31:30.001,4,0.0,0.0,0
2020-05-10 07:46:30.000,5,0.0,0.0,0
2020-05-10 08:01:30.000,5,0.0,0.0,0
2020-05-10 08:16:30.000,6,0.0,0.0,0
2020-05-10 08:31:30.000,7,0.0,0.0,0
2020-05-10 08:46:30.000,6,0.0,0.0,0
2020-05-10 09:01:30.001,6,0.0,0.0,0
2020-05-10 09:16:30.000,8,0.0,0.0,0
2020-05-10 09:31:30.001,8,0.0,0.0,0
2020-05-10 09:46:30.000,8,0.0,0.0,0
2020-05-10 10:01:30.000,7,0.0,0.0,0
2020-05-10 10:16:30.000,7,0.0,0.0,0
2020-05-10 10:31:30.000,7,0.0,0.0,0
2020-05-10 10:46:30.000,7,0.0,0.0,0
2020-05-10 11:01:30.001,6,0.0,0.0,0
2020-05-10 11:16:30.001,6,0.0,0.0,0
2020-05-10 11:31:30.000,6,0.0,0.0,0
2020-05-10 11:46:30.001,6,0.0,0.0,0
2020-05-10 12:01:30.000,6,0.0,0.0,0
2020-05-10 12:16:30.000,6,0.0,0.0,0
2020-05-10 12:31:30.000,6,0.0,0.0,0
2020-05-10 12:46:30.000,7,0.0,0.0,0
2020-05-10 13:01:30.000,8,0.0,0.0,0
2020-05-10 13:16:30.000,8,0.0,0.0,0
2020-05-10 13:31:30.000,7,0.0,0.0,0
2020-05-10 13:46:30.000,7,2.6,0.3,1
2020-05-10 14:01:30.000,7,0.0,0.0,0
2020-05-10 14:16:30.000,8,0.0,0.0,0
2020-05-10 14:31:30.001,9,2.5,0.2,1
2020-05-10 14:46:30.000,9,0.0,0.0,0
2020-05-10 15:01:30.000,8,0.0,0.0,0
2020-05-10 15:16:30.000,8,3.5,0.2,1
2020-05-10 15:31:30.000,9,2.9,0.2,1
2020-05-10 15:46:30.000,9,5.7,0.4,2
2020-05-10 16:01:30.000,7,0.0,0.0,0
2020-05-10 16:16:30.000,7,0.0,0.0,0
2020-05-10 16:31:30.000,7,0.0,0.0,0
2020-05-10 16:46:30.000,7,0.0,0.0,0
2020-05-10 17:01:30.000,7,0.0,0.0,0
2020-05-10 17:16:30.000,7,0.0,0.0,0
2020-05-10 17:31:30.001,6,0.0,0.0,0
2020-05-10 17:46:30.000,5,0.0,0.0,0
2020-05-10 18:01:30.000,6,0.0,0.0,0
2020-05-10 18:16:30.000,4,0.0,0.0,0
2020-05-10 18:31:30.000,5,0.0,0.0,0
2020-05-10 18:46:30.000,4,0.0,0.0,0
2020-05-10 19:01:30.000,4,0.0,0.0,0
2020-05-10 19:16:30.000,3,0.0,0.0,0
2020-05-10 19:31:30.000,2,0.0,0.0,0
2020-05-10 19:46:30.000,2,2.9,0.1,1
2020-05-10 20:01:30.000,1,0.0,0.0,0
2020-05-10 20:16:30.000,2,0.0,0.0,0
2020-05-10 20:31:30.000,1,0.0,0.0,0
2020-05-10 20:46:30.000,0,0.0,0.0,0
2020-05-10 21:01:30.001,0,0.0,0.0,0
2020-05-10 21:16:30.000,0,0.0,0.0,0
2020-05-10 21:31:30.000,0,0.0,0.0,0
2020-05-10 21:46:30.000,0,0.0,0.0,0
2020-05-10 22:01:30.000,0,0.0,0.0,0
2020-05-10 22:16:30.000,1,2.5,0.2,1
2020-05-10 22:31:30.000,0,0.0,0.0,0
2020-05-10 22:46:30.000,0,0.0,0.0,0
2020-05-10 23:01:30.001,0,0.0,0.0,0
2020-05-10 23:16:30.000,0,0.0,0.0,0
2020-05-10 23:31:30.000,0,0.0,0.0,0
2020-05-10 23:46:30.000,1,0.0,0.0,0
2020-05-11 00:01:30.000,1,0.0,0.0,0
2020-05-11 00:16:30.000,1,0.0,0.0,0
2020-05-11 00:31:30.000,1,0.0,0.0,0
2020-05-11 00:46:30.000,1,0.0,0.0,0
2020-05-11 01:01:30.001,1,0.9,1.5,1
2020-05-11 01:16:30.000,1,0.0,0.0,0
2020-05-11 01:31:30.000,1,0.0,0.0,0
2020-05-11 01:46:30.000,1,0.6,1.5,1
2020-05-11 02:01:30.000,2,0.0,0.0,0
2020-05-11 02:16:30.000,3,0.0,0.0,0
2020-05-11 02:31:30.000,6,0.9,2.4,1
2020-05-11 02:46:30.000,5,0.0,0.0,0
2020-05-11 03:01:30.001,6,0.0,0.0,0
2020-05-11 03:16:30.000,4,0.0,0.0,0
2020-05-11 03:31:30.000,3,0.0,0.0,0
2020-05-11 03:46:30.000,4,2.2,1.3,1
2020-05-11 04:01:30.000,1,1.9,0.9,1
2020-05-11 04:16:30.000,1,0.0,0.0,0
2020-05-11 04:31:30.000,2,0.0,0.0,0
2020-05-11 04:46:30.000,2,0.0,0.0,0
2020-05-11 05:01:30.000,4,0.0,0.0,0
2020-05-11 05:16:30.000,7,0.0,0.0,0
2020-05-11 05:31:30.000,9,0.0,0.0,0
2020-05-11 05:46:30.000,12,2.4,0.5,1
2020-05-11 06:01:30.000,14,0.0,0.0,0
2020-05-11 06:16:30.001,15,5.1,0.5,1
2020-05-11 06:31:30.000,18,0.0,0.0,0
2020-05-11 06:46:30.000,16,0.0,0.0,0
2020-05-11 07:01:30.000,16,0.0,0.0,0
2020-05-11 07:16:30.000,15,0.0,0.0,0
2020-05-11 07:31:30.000,15,0.0,0.0,0
2020-05-11 07:46:30.000,15,0.0,0.0,0
2020-05-11 08:01:30.001,17,0.0,0.0,0
2020-05-11 08:16:30.000,16,0.0,0.0,0
2020-05-11 08:31:30.000,15,0.0,0.0,0
2020-05-11 08:46:30.001,16,0.0,0.0,0
2020-05-11 09:01:30.001,16,0.0,0.0,0
2020-05-11 09:16:30.000,17,0.0,0.0,0
2020-05-11 09:31:30.000,17,0.0,0.0,0
2020-05-11 09:46:30.000,16,2.3,1.2,1
2020-05-11 10:01:30.000,17,0.0,0.0,0
2020-05-11 10:16:30.000,16,0.0,0.0,0
2020-05-11 10:31:30.000,15,2.4,0.2,1
2020-05-11 10:46:30.000,16,0.0,0.0,0
2020-05-11 11:01:30.000,14,0.0,0.0,0
2020-05-11 11:16:30.000,14,0.0,0.0,0
2020-05-11 11:31:30.000,15,0.0,0.0,0
2020-05-11 11:46:30.000,15,0.0,0.0,0
2020-05-11 12:01:30.001,15,0.0,0.0,0
2020-05-11 12:16:30.000,18,0.0,0.0,0
2020-05-11 12:31:30.000,17,0.0,0.0,0
2020-05-11 12:46:30.000,19,2.1,0.3,1
2020-05-11 13:01:30.000,19,2.3,0.1,1
2020-05-11 13:16:30.000,18,0.0,0.0,0
2020-05-11 13:31:30.000,19,4.0,0.2,1
2020-05-11 13:46:30.000,19,0.0,0.0,0
2020-05-11 14:01:30.000,19,5.0,0.7,2
2020-05-11 14:16:30.001,20,3.0,0.6,1
2020-05-11 14:31:30.000,21,2.5,0.5,1
2020-05-11 14:46:30.000,21,0.0,0.0,0
2020-05-11 15:01:30.000,20,3.1,0.5,1
2020-05-11 15:16:30.000,20,0.0,0.0,0
2020-05-11 15:31:30.000,18,0.0,0.0,0
2020-05-11 15:46:30.000,18,0.0,0.0,0
2020-05-11 16:01:30.000,17,0.0,0.0,0
2020-05-11 16:16:30.001,15,0.0,0.0,0
2020-05-11 16:31:30.000,13,0.0,0.0,0
2020-05-11 16:46:30.000,11,0.0,0.0,0
2020-05-11 17:01:30.000,9,4.2,0.5,1
2020-05-11 17:16:30.000,8,4.2,0.5,1
2020-05-11 17:31:30.000,7,0.0,0.0,0
2020-05-11 17:46:30.001,6,0.0,0.0,0
2020-05-11 18:01:30.001,5,0.0,0.0,0
2020-05-11 18:16:30.000,3,0.0,0.0,0
2020-05-11 18:31:30.000,3,0.0,0.0,0
2020-05-11 18:46:30.000,4,0.0,0.0,0
2020-05-11 19:01:30.000,3,0.0,0.0,0
2020-05-11 19:16:30.000,3,0.0,0.0,0
2020-05-11 19:31:30.001,2,0.0,0.0,0
2020-05-11 19:46:30.000,2,0.0,0.0,0
2020-05-11 20:01:30.000,3,0.0,0.0,0
2020-05-11 20:16:30.000,1,0.0,0.0,0
2020-05-11 20:31:30.000,0,0.0,0.0,0
2020-05-11 20:46:30.000,0,0.0,0.0,0
2020-05-11 21:01:30.001,1,0.0,0.0,0
2020-05-11 21:16:30.000,0,0.0,0.0,0
2020-05-11 21:31:30.000,1,0.0,0.0,0
2020-05-11 21:46:30.000,2,0.0,0.0,0
2020-05-11 22:01:30.000,4,0.0,0.0,0
2020-05-11 22:16:30.000,2,0.0,0.0,0
2020-05-11 22:31:30.000,2,0.0,0.0,0
2020-05-11 22:46:30.000,3,0.0,0.0,0
2020-05-11 23:01:30.000,2,0.0,0.0,0
2020-05-11 23:16:30.000,1,0.0,0.0,0
2020-05-11 23:31:30.000,0,0.0,0.0,0
2020-05-11 23:46:30.000,1,0.0,0.0,0
2020-05-12 00:01:30.000,2,0.0,0.0,0
2020-05-12 00:16:30.000,2,0.0,0.0,0
2020-05-12 00:31:30.000,2,0.0,0.0,0
2020-05-12 00:46:30.000,2,0.0,0.0,0
2020-05-12 01:01:30.000,1,0.0,0.0,0
2020-05-12 01:16:30.001,1,0.0,0.0,0
2020-05-12 01:31:30.001,0,0.8,1.5,1
2020-05-12 01:46:30.000,1,0.0,0.0,0
2020-05-12 02:01:30.000,1,0.0,0.0,0
2020-05-12 02:16:30.000,1,0.6,1.5,1
2020-05-12 02:31:30.000,2,0.0,0.0,0
2020-05-12 02:46:30.001,0,0.0,0.0,0
2020-05-12 03:01:30.001,0,0.0,0.0,0
2020-05-12 03:16:30.000,1,0.0,0.0,0
2020-05-12 03:31:30.000,1,0.0,0.0,0
2020-05-12 03:46:30.000,1,0.0,0.0,0
2020-05-12 04:01:30.000,1,0.0,0.0,0
2020-05-12 04:16:30.000,0,0.0,0.0,0
2020-05-12 04:31:30.000,0,0.0,0.0,0
2020-05-12 04:46:30.001,2,0.0,0.0,0
2020-05-12 05:01:30.001,4,3.5,0.6,1
2020-05-12 05:16:30.000,7,0.0,0.0,0
2020-05-12 05:31:30.000,7,0.0,0.0,0
2020-05-12 05:46:30.000,11,0.0,0.0,0
2020-05-12 06:01:30.000,13,0.0,0.0,0
2020-05-12 06:16:30.000,15,0.0,0.0,0
2020-05-12 06:31:30.000,14,0.0,0.0,0
2020-05-12 06:46:30.001,14,0.0,0.0,0
2020-05-12 07:01:30.000,14,0.0,0.0,0
2020-05-12 07:16:30.000,14,0.0,0.0,0
2020-05-12 07:31:30.001,15,2.5,0.3,1
2020-05-12 07:46:30.000,14,0.0,0.0,0
2020-05-12 08:01:30.000,15,0.0,0.0,0
2020-05-12 08:16:30.000,16,0.0,0.0,0
2020-05-12 08:31:30.000,17,0.0,0.0,0
2020-05-12 08:46:30.001,19,0.0,0.0,0
2020-05-12 09:01:30.001,18,0.0,0.0,0
2020-05-12 09:16:30.000,19,0.0,0.0,0
2020-05-12 09:31:30.001,18,2.6,0.3,1
2020-05-12 09:46:30.000,18,0.0,0.0,0
2020-05-12 10:01:30.001,18,2.4,0.3,1
2020-05-12 10:16:30.000,18,0.0,0.0,0
2020-05-12 10:31:30.000,17,3.1,0.3,1
2020-05-12 10:46:30.000,16,0.0,0.0,0
2020-05-12 11:01:30.000,15,0.0,0.0,0
2020-05-12 11:16:30.001,15,1.9,0.1,1
2020-05-12 11:31:30.000,14,0.0,0.0,0
2020-05-12 11:46:30.000,15,2.5,0.2,1
2020-05-12 12:01:30.000,18,1.8,1.5,1
2020-05-12 12:16:30.000,19,0.0,0.0,0
2020-05-12 12:31:30.000,19,0.0,0.0,0
2020-05-12 12:46:30.000,19,0.0,0.0,0
2020-05-12 13:01:30.000,19,0.0,0.0,0
2020-05-12 13:16:30.000,20,0.0,0.0,0
2020-05-12 13:31:30.001,21,4.2,0.8,1
2020-05-12 13:46:30.000,22,7.7,1.7,2
2020-05-12 14:01:30.000,21,5.2,1.8,2
2020-05-12 14:16:30.000,22,7.2,2.3,3
2020-05-12 14:31:30.001,23,2.4,1.3,1
2020-05-12 14:46:30.001,23,0.0,0.0,0
2020-05-12 15:01:30.000,22,0.0,0.0,0
2020-05-12 15:16:30.000,22,0.0,0.0,0
2020-05-12 15:31:30.000,20,0.0,0.0,0
2020-05-12 15:46:30.001,19,0.0,0.0,0
2020-05-12 16:01:30.000,17,0.0,0.0,0
2020-05-12 16:16:30.000,16,0.0,0.0,0
2020-05-12 16:31:30.000,13,0.0,0.0,0
2020-05-12 16:46:30.000,12,0.0,0.0,0
2020-05-12 17:01:30.000,11,0.0,0.0,0
2020-05-12 17:16:30.000,10,0.0,0.0,0
2020-05-12 17:31:30.000,7,0.0,0.0,0
2020-05-12 17:46:30.000,6,0.0,0.0,0
2020-05-12 18:01:30.000,5,0.0,0.0,0
2020-05-12 18:16:30.001,4,4.0,0.3,1
2020-05-12 18:31:30.000,4,4.2,0.3,1
2020-05-12 18:46:30.000,4,0.0,0.0,0
2020-05-12 19:01:30.001,3,0.0,0.0,0
2020-05-12 19:16:30.000,4,4.6,0.4,1
2020-05-12 19:31:30.000,3,4.9,0.4,1
2020-05-12 19:46:30.001,1,0.0,0.0,0
2020-05-12 20:01:30.000,0,0.0,0.0,0
2020-05-12 20:16:30.001,0,0.0,0.0,0
2020-05-12 20:31:30.000,1,0.0,0.0,0
2020-05-12 20:46:30.000,0,0.0,0.0,0
2020-05-12 21:01:30.000,0,0.0,0.0,0
2020-05-12 21:16:30.000,0,0.0,0.0,0
2020-05-12 21:31:30.000,0,0.0,0.0,0
2020-05-12 21:46:30.000,0,0.0,0.0,0
2020-05-12 22:01:30.000,0,0.0,0.0,0
2020-05-12 22:16:30.000,0,0.0,0.0,0
2020-05-12 22:31:30.000,0,0.0,0.0,0
2020-05-12 22:46:30.000,0,0.0,0.0,0
2020-05-12 23:01:30.001,0,0.0,0.0,0
2020-05-12 23:16:30.000,0,0.0,0.0,0
2020-05-12 23:31:30.000,2,0.0,0.0,0
2020-05-12 23:46:30.001,2,0.0,0.0,0
2020-05-13 00:01:30.000,1,0.0,0.0,0
2020-05-13 00:16:30.000,0,0.8,1.4,1
2020-05-13 00:31:30.000,1,0.0,0.0,0
2020-05-13 00:46:30.000,2,0.0,0.0,0
2020-05-13 01:01:30.000,2,0.0,0.0,0
2020-05-13 01:16:30.001,2,0.0,0.0,0
2020-05-13 01:31:30.001,2,0.0,0.0,0
2020-05-13 01:46:30.000,4,0.0,0.0,0
2020-05-13 02:01:30.000,4,0.0,0.0,0
2020-05-13 02:16:30.000,4,0.0,0.0,0
2020-05-13 02:31:30.000,4,0.0,0.0,0
2020-05-13 02:46:30.000,2,0.0,0.0,0
2020-05-13 03:01:30.000,2,0.0,0.0,0
2020-05-13 03:16:30.000,2,0.0,0.0,0
2020-05-13 03:31:30.000,2,0.0,0.0,0
2020-05-13 03:46:30.000,2,0.0,0.0,0
2020-05-13 04:01:30.000,1,0.0,0.0,0
2020-05-13 04:16:30.000,0,0.0,0.0,0
2020-05-13 04:31:30.000,0,0.0,0.0,0
2020-05-13 04:46:30.000,2,0.0,0.0,0
2020-05-13 05:01:30.000,4,0.0,0.0,0
2020-05-13 05:16:30.000,6,0.0,0.0,0
2020-05-13 05:31:30.000,8,0.0,0.0,0
2020-05-13 05:46:30.000,10,0.0,0.0,0
2020-05-13 06:01:30.000,11,3.1,0.3,1
2020-05-13 06:16:30.000,12,0.0,0.0,0
2020-05-13 06:31:30.000,13,0.0,0.0,0
2020-05-13 06:46:30.000,13,0.0,0.0,0
2020-05-13 07:01:30.000,13,0.0,0.0,0
2020-05-13 07:16:30.000,13,0.0,0.0,0
2020-05-13 07:31:30.000,14,0.0,0.0,0
2020-05-13 07:46:30.000,15,0.0,0.0,0
2020-05-13 08:01:30.000,15,0.0,0.0,0
2020-05-13 08:16:30.000,16,0.0,0.0,0
2020-05-13 08:31:30.000,17,0.0,0.0,0
2020-05-13 08:46:30.001,18,0.0,0.0,0
2020-05-13 09:01:30.001,19,0.0,0.0,0
2020-05-13 09:16:30.000,19,0.0,0.0,0
2020-05-13 09:31:30.000,20,0.0,0.0,0
2020-05-13 09:46:30.000,20,0.0,0.0,0
2020-05-13 10:01:30.000,19,0.0,0.0,0
2020-05-13 10:16:30.000,18,0.0,0.0,0
2020-05-13 10:31:30.001,18,0.0,0.0,0
2020-05-13 10:46:30.001,18,0.0,0.0,0
2020-05-13 11:01:30.001,17,0.0,0.0,0
2020-05-13 11:16:30.000,17,0.0,0.0,0
2020-05-13 11:31:30.000,18,0.0,0.0,0
2020-05-13 11:46:30.000,19,0.0,0.0,0
2020-05-13 12:01:30.000,18,0.0,0.0,0
2020-05-13 12:16:30.000,18,4.0,0.3,1
2020-05-13 12:31:30.000,20,0.0,0.0,0
2020-05-13 12:46:30.000,20,2.1,0.4,1
2020-05-13 13:01:30.000,21,3.0,0.5,1
2020-05-13 13:16:30.000,24,2.8,0.2,1
2020-05-13 13:31:30.000,23,10.7,2.3,3
2020-05-13 13:46:30.000,23,2.6,0.9,1
2020-05-13 14:01:30.000,22,2.2,0.4,1
2020-05-13 14:16:30.000,21,2.3,0.5,1
2020-05-13 14:31:30.000,21,5.1,0.8,2
2020-05-13 14:46:30.000,21,0.0,0.0,0
2020-05-13 15:01:30.000,21,3.9,0.5,1
2020-05-13 15:16:30.000,22,2.5,0.3,1
2020-05-13 15:31:30.001,21,0.0,0.0,0
2020-05-13 15:46:30.000,20,0.0,0.0,0
2020-05-13 16:01:30.000,18,2.3,0.2,1
2020-05-13 16:16:30.000,16,0.0,0.0,0
2020-05-13 16:31:30.001,14,2.6,0.2,1
2020-05-13 16:46:30.000,13,0.0,0.0,0
2020-05-13 17:01:30.000,12,0.0,0.0,0
2020-05-13 17:16:30.000,10,0.0,0.0,0
2020-05-13 17:31:30.000,7,0.0,0.0,0
2020-05-13 17:46:30.000,6,0.0,0.0,0
2020-05-13 18:01:30.000,6,0.0,0.0,0
2020-05-13 18:16:30.000,6,0.0,0.0,0
2020-05-13 18:31:30.001,6,0.0,0.0,0
2020-05-13 18:46:30.000,5,1.0,0.0,1
2020-05-13 19:01:30.000,5,0.0,0.0,0
2020-05-13 19:16:30.001,5,4.1,0.3,1
2020-05-13 19:31:30.000,3,0.0,0.0,0
2020-05-13 19:46:30.000,2,0.0,0.0,0
2020-05-13 20:01:30.000,1,0.0,0.0,0
2020-05-13 20:16:30.000,2,0.0,0.0,0
2020-05-13 20:31:30.000,3,0.0,0.0,0
2020-05-13 20:46:30.000,2,0.0,0.0,0
2020-05-13 21:01:30.000,2,0.0,0.0,0
2020-05-13 21:16:30.000,1,0.0,0.0,0
2020-05-13 21:31:30.000,1,0.0,0.0,0
2020-05-13 21:46:30.000,1,0.0,0.0,0
2020-05-13 22:01:30.000,0,0.0,0.0,0
2020-05-13 22:16:30.000,0,0.0,0.0,0
2020-05-13 22:31:30.000,0,0.0,0.0,0
2020-05-13 22:46:30.000,0,0.0,0.0,0
2020-05-13 23:01:30.000,0,0.0,0.0,0
2020-05-13 23:16:30.001,0,0.0,0.0,0
2020-05-13 23:31:30.000,0,0.0,0.0,0
2020-05-13 23:46:30.000,0,0.0,0.0,0
2020-05-14 00:01:30.000,0,0.0,0.0,0
2020-05-14 00:16:30.000,0,0.0,0.0,0
2020-05-14 00:31:30.000,0,0.0,0.0,0
2020-05-14 00:46:30.000,0,0.0,0.0,0
2020-05-14 01:01:30.000,0,0.0,0.0,0
2020-05-14 01:16:30.000,0,0.0,0.0,0
2020-05-14 01:31:30.000,0,0.0,0.0,0
2020-05-14 01:46:30.000,1,0.5,1.3,1
2020-05-14 02:01:30.000,1,0.5,1.7,1
2020-05-14 02:16:30.000,3,0.0,0.0,0
2020-05-14 02:31:30.001,3,0.0,0.0,0
2020-05-14 02:46:30.000,1,0.0,0.0,0
2020-05-14 03:01:30.000,0,0.0,0.0,0
2020-05-14 03:16:30.000,2,0.0,0.0,0
2020-05-14 03:31:30.000,1,0.0,0.0,0
2020-05-14 03:46:30.000,2,0.0,0.0,0
2020-05-14 04:01:30.000,1,0.0,0.0,0
2020-05-14 04:16:30.000,0,0.0,0.0,0
2020-05-14 04:31:30.000,1,0.0,0.0,0
2020-05-14 04:46:30.001,3,0.0,0.0,0
2020-05-14 05:01:30.001,4,2.9,0.2,1
2020-05-14 05:16:30.000,7,0.0,0.0,0
2020-05-14 05:31:30.000,11,0.0,0.0,0
2020-05-14 05:46:30.000,16,0.0,0.0,0
2020-05-14 06:01:30.000,14,0.0,0.0,0
2020-05-14 06:16:30.000,14,0.0,0.0,0
2020-05-14 06:31:30.000,15,0.0,0.0,0
2020-05-14 06:46:30.000,15,0.0,0.0,0
2020-05-14 07:01:30.000,15,0.0,0.0,0
2020-05-14 07:16:30.001,15,0.0,0.0,0
2020-05-14 07:31:30.000,16,0.0,0.0,0
2020-05-14 07:46:30.000,16,0.0,0.0,0
2020-05-14 08:01:30.000,18,4.8,0.6,2
2020-05-14 08:16:30.000,20,0.0,0.0,0
2020-05-14 08:31:30.000,21,4.4,0.6,2
2020-05-14 08:46:30.000,20,0.0,0.0,0
2020-05-14 09:01:30.000,22,0.0,0.0,0
2020-05-14 09:16:30.000,22,2.4,0.2,1
2020-05-14 09:31:30.000,22,5.1,0.7,2
2020-05-14 09:46:30.000,22,4.8,0.7,2
2020-05-14 10:01:30.000,23,5.7,0.8,2
2020-05-14 10:16:30.000,22,2.5,0.4,1
2020-05-14 10:31:30.000,21,3.1,0.2,1
2020-05-14 10:46:30.001,18,0.0,0.0,0
2020-05-14 11:01:30.001,17,0.0,0.0,0
2020-05-14 11:16:30.001,17,0.0,0.0,0
2020-05-14 11:31:30.000,16,0.0,0.0,0
2020-05-14 11:33:30.000,16,0.0,0.0,0
2020-05-14 11:46:30.001,18,0.0,0.0,0
2020-05-14 12:01:30.001,19,0.0,0.0,0
2020-05-14 12:16:30.001,20,2.7,0.2,1
2020-05-14 12:31:30.000,20,0.0,0.0,0
2020-05-14 12:46:30.000,21,2.8,0.5,1
2020-05-14 13:01:30.000,22,0.0,0.0,0
2020-05-14 13:16:30.001,22,2.9,0.4,1
2020-05-14 13:31:30.000,21,0.0,0.0,0
2020-05-14 13:46:30.001,22,0.0,0.0,0
2020-05-14 14:01:30.000,22,0.0,0.0,0
2020-05-14 14:16:30.000,23,3.1,0.2,1
2020-05-14 14:31:30.000,24,5.6,1.2,2
2020-05-14 14:46:30.000,25,3.7,0.8,1
2020-05-14 15:01:30.000,23,3.6,1.0,1
2020-05-14 15:16:30.000,22,0.0,0.0,0
2020-05-14 15:31:30.000,22,4.0,0.4,1
2020-05-14 15:46:30.000,21,4.7,0.5,1
2020-05-14 16:01:30.000,19,0.0,0.0,0
2020-05-14 16:16:30.000,18,3.5,0.2,1
2020-05-14 16:31:30.000,16,0.0,0.0,0
2020-05-14 16:46:30.000,14,0.0,0.0,0
2020-05-14 17:01:30.000,12,0.0,0.0,0
2020-05-14 17:16:30.000,10,0.0,0.0,0
2020-05-14 17:31:30.000,9,0.0,0.0,0
2020-05-14 17:46:30.000,6,0.0,0.0,0
2020-05-14 18:01:30.000,5,0.0,0.0,0
2020-05-14 18:16:30.000,5,0.0,0.0,0
2020-05-14 18:31:30.000,4,0.0,0.0,0
2020-05-14 18:46:30.000,3,0.0,0.0,0
2020-05-14 19:01:30.000,3,0.0,0.0,0
2020-05-14 19:16:30.000,3,0.0,0.0,0
2020-05-14 19:31:30.000,2,0.0,0.0,0
2020-05-14 19:46:30.001,1,0.0,0.0,0
2020-05-14 20:01:30.000,2,0.0,0.0,0
2020-05-14 20:16:30.000,0,0.0,0.0,0
2020-05-14 20:31:30.000,0,0.0,0.0,0
2020-05-14 20:46:30.000,1,0.0,0.0,0
2020-05-14 21:01:30.000,0,0.0,0.0,0
2020-05-14 21:16:30.000,0,0.0,0.0,0
2020-05-14 21:31:30.000,0,0.0,0.0,0
2020-05-14 21:46:30.000,1,0.0,0.0,0
2020-05-14 22:01:30.000,1,0.0,0.0,0
2020-05-14 22:16:30.001,0,0.0,0.0,0
2020-05-14 22:31:30.000,0,0.0,0.0,0
2020-05-14 22:46:30.000,0,0.0,0.0,0
2020-05-14 23:01:30.000,1,0.0,0.0,0
2020-05-14 23:16:30.000,2,0.0,0.0,0
2020-05-14 23:31:30.001,1,0.0,0.0,0
2020-05-14 23:46:30.000,1,0.0,0.0,0
2020-05-15 00:01:30.000,0,0.0,0.0,0
2020-05-15 00:16:30.000,1,0.0,0.0,0
2020-05-15 00:31:30.000,0,0.0,0.0,0
2020-05-15 00:46:30.001,2,0.0,0.0,0
2020-05-15 01:01:30.000,2,0.0,0.0,0
2020-05-15 01:16:30.000,2,0.0,0.0,0
2020-05-15 01:31:30.000,0,0.0,0.0,0
2020-05-15 01:46:30.001,2,0.0,0.0,0
2020-05-15 02:01:30.000,2,0.0,0.0,0
2020-05-15 02:16:30.000,2,0.0,0.0,0
2020-05-15 02:31:30.000,4,0.7,1.5,1
2020-05-15 02:46:30.000,3,0.0,0.0,0
2020-05-15 03:01:30.000,1,0.0,0.0,0
2020-05-15 03:16:30.000,0,0.0,0.0,0
2020-05-15 03:31:30.000,0,0.0,0.0,0
2020-05-15 03:46:30.000,0,0.0,0.0,0
2020-05-15 04:01:30.000,0,0.0,0.0,0
2020-05-15 04:16:30.001,0,0.0,0.0,0
2020-05-15 04:31:30.000,1,0.0,0.0,0
2020-05-15 04:46:30.001,2,0.0,0.0,0
2020-05-15 05:01:30.000,3,0.0,0.0,0
2020-05-15 05:16:30.000,4,0.0,0.0,0
2020-05-15 05:31:30.000,7,0.0,0.0,0
2020-05-15 05:46:30.000,11,0.0,0.0,0
2020-05-15 06:01:30.000,10,2.7,0.2,1
2020-05-15 06:16:30.000,12,2.2,0.2,1
2020-05-15 06:31:30.000,13,0.0,0.0,0
2020-05-15 06:46:30.000,14,0.0,0.0,0
2020-05-15 07:01:30.000,14,0.0,0.0,0
2020-05-15 07:16:30.001,15,0.0,0.0,0
2020-05-15 07:31:30.001,15,0.0,0.0,0
2020-05-15 07:46:30.000,17,0.0,0.0,0
2020-05-15 08:01:30.043,19,0.0,0.0,0
2020-05-15 08:16:30.000,18,0.0,0.0,0
2020-05-15 08:31:30.001,20,5.9,2.7,2
2020-05-15 08:46:30.000,19,3.9,1.8,1
2020-05-15 09:01:30.000,21,0.0,0.0,0
2020-05-15 09:16:30.000,20,2.1,0.3,1
2020-05-15 09:31:30.000,21,1.8,0.7,1
2020-05-15 09:46:30.000,21,0.0,0.0,0
2020-05-15 10:01:30.000,19,4.3,0.3,1
2020-05-15 10:16:30.000,19,0.0,0.0,0
2020-05-15 10:31:30.000,18,0.0,0.0,0
2020-05-15 10:46:30.000,18,0.0,0.0,0
2020-05-15 11:01:30.000,17,0.0,0.0,0
2020-05-15 11:16:30.000,18,0.0,0.0,0
2020-05-15 11:31:30.000,17,0.0,0.0,0
2020-05-15 11:46:30.000,17,2.5,0.3,1
2020-05-15 12:01:30.000,19,0.0,0.0,0
2020-05-15 12:16:30.000,20,0.0,0.0,0
2020-05-15 12:31:30.000,21,0.0,0.0,0
2020-05-15 12:46:30.000,22,2.4,0.2,1
2020-05-15 13:01:30.000,23,2.5,0.7,1
2020-05-15 13:16:30.001,23,1.9,0.7,1
2020-05-15 13:31:30.000,24,0.0,0.0,0
2020-05-15 13:46:30.000,25,2.1,0.4,1
2020-05-15 14:01:30.000,24,0.0,0.0,0
2020-05-15 14:16:30.000,25,0.0,0.0,0
2020-05-15 14:31:30.000,25,0.0,0.0,0
2020-05-15 14:46:30.000,26,3.4,1.0,1
2020-05-15 15:01:30.000,25,2.9,0.7,1
2020-05-15 15:16:30.000,24,0.0,0.0,0
2020-05-15 15:31:30.000,23,3.2,0.4,1
2020-05-15 15:46:30.000,22,0.0,0.0,0
2020-05-15 16:01:30.000,20,0.0,0.0,0
2020-05-15 16:16:30.000,18,0.0,0.0,0
2020-05-15 16:31:30.000,16,0.0,0.0,0
2020-05-15 16:46:30.000,14,0.0,0.0,0
2020-05-15 17:01:30.001,13,0.0,0.0,0
2020-05-15 17:16:30.000,11,4.2,0.3,1
2020-05-15 17:31:30.000,10,0.0,0.0,0
2020-05-15 17:46:30.000,9,0.0,0.0,0
2020-05-15 18:01:30.000,9,0.0,0.0,0
2020-05-15 18:16:30.000,6,0.0,0.0,0
2020-05-15 18:31:30.000,5,0.0,0.0,0
2020-05-15 18:46:30.000,5,0.0,0.0,0
2020-05-15 19:01:30.000,7,0.0,0.0,0
2020-05-15 19:16:30.000,4,0.0,0.0,0
2020-05-15 19:31:30.001,2,0.0,0.0,0
2020-05-15 19:46:30.000,2,0.0,0.0,0
2020-05-15 20:01:30.000,2,0.0,0.0,0
2020-05-15 20:16:30.000,1,0.0,0.0,0
2020-05-15 20:31:30.001,1,0.0,0.0,0
2020-05-15 20:46:30.000,1,0.0,0.0,0
2020-05-15 21:01:30.000,2,0.0,0.0,0
2020-05-15 21:16:30.000,1,0.0,0.0,0
2020-05-15 21:31:30.000,0,3.3,0.3,1
2020-05-15 21:46:30.001,0,0.0,0.0,0
2020-05-15 22:01:30.000,0,0.0,0.0,0
2020-05-15 22:16:30.000,0,0.0,0.0,0
2020-05-15 22:31:30.000,0,0.0,0.0,0
2020-05-15 22:46:30.000,0,0.0,0.0,0
2020-05-15 23:01:30.001,0,0.0,0.0,0
2020-05-15 23:16:30.001,0,0.0,0.0,0
2020-05-15 23:31:30.000,1,0.0,0.0,0
2020-05-15 23:46:30.000,0,0.0,0.0,0
2020-05-16 00:01:30.000,0,0.0,0.0,0
2020-05-16 00:16:30.000,0,0.0,0.0,0
2020-05-16 00:31:30.001,0,0.0,0.0,0
2020-05-16 00:46:30.000,0,0.0,0.0,0
2020-05-16 01:01:30.001,0,0.0,0.0,0
2020-05-16 01:16:30.000,0,0.0,0.0,0
2020-05-16 01:31:30.000,0,0.0,0.0,0
2020-05-16 01:46:30.000,0,0.0,0.0,0
2020-05-16 02:01:30.000,0,0.0,0.0,0
2020-05-16 02:16:30.000,0,0.0,0.0,0
2020-05-16 02:31:30.000,0,0.0,0.0,0
2020-05-16 02:46:30.000,0,0.0,0.0,0
2020-05-16 03:01:30.000,0,0.0,0.0,0
2020-05-16 03:16:30.000,0,0.0,0.0,0
2020-05-16 03:31:30.001,0,0.0,0.0,0
2020-05-16 03:46:30.000,1,0.7,1.6,1
2020-05-16 04:01:30.000,1,0.0,0.0,0
2020-05-16 04:16:30.000,0,0.0,0.0,0
2020-05-16 04:31:30.000,1,0.0,0.0,0
2020-05-16 04:46:30.000,0,0.0,0.0,0
2020-05-16 05:01:30.001,0,0.0,0.0,0
2020-05-16 05:16:30.000,1,0.0,0.0,0
2020-05-16 05:31:30.000,2,0.0,0.0,0
2020-05-16 05:46:30.001,1,0.0,0.0,0
2020-05-16 06:01:30.000,3,0.0,0.0,0
2020-05-16 06:16:30.000,3,0.0,0.0,0
2020-05-16 06:31:30.000,4,0.0,0.0,0
2020-05-16 06:46:30.000,5,0.0,0.0,0
2020-05-16 07:01:30.001,5,0.0,0.0,0
2020-05-16 07:16:30.000,6,0.0,0.0,0
2020-05-16 07:31:30.000,6,0.0,0.0,0
2020-05-16 07:46:30.000,8,0.0,0.0,0
2020-05-16 08:01:30.001,9,0.0,0.0,0
2020-05-16 08:16:30.000,10,0.0,0.0,0
2020-05-16 08:31:30.000,11,0.0,0.0,0
2020-05-16 08:46:30.000,12,0.0,0.0,0
2020-05-16 09:01:30.001,14,0.0,0.0,0
2020-05-16 09:16:30.000,16,3.4,0.3,1
2020-05-16 09:31:30.000,16,5.8,0.1,1
2020-05-16 09:46:30.001,16,0.0,0.0,0
2020-05-16 10:01:30.000,17,0.0,0.0,0
2020-05-16 10:16:30.000,16,0.0,0.0,0
2020-05-16 10:31:30.000,16,0.0,0.0,0
2020-05-16 10:46:30.000,14,0.0,0.0,0
2020-05-16 11:01:30.000,14,0.0,0.0,0
2020-05-16 11:16:30.000,15,0.0,0.0,0
2020-05-16 11:31:30.000,16,0.0,0.0,0
2020-05-16 11:46:30.000,14,0.0,0.0,0
2020-05-16 12:01:30.000,15,0.0,0.0,0
2020-05-16 12:16:30.000,15,0.0,0.0,0
2020-05-16 12:31:30.001,15,0.0,0.0,0
2020-05-16 12:46:30.000,17,0.0,0.0,0
2020-05-16 13:01:30.000,17,8.9,0.3,2
2020-05-16 13:16:30.001,18,0.0,0.0,0
2020-05-16 13:31:30.000,17,0.0,0.0,0
2020-05-16 13:46:30.000,17,0.0,0.0,0
2020-05-16 14:01:30.000,18,4.7,0.9,1
2020-05-16 14:16:30.000,18,2.6,0.2,1
2020-05-16 14:31:30.000,19,2.7,0.2,1
2020-05-16 14:46:30.000,19,0.0,0.0,0
2020-05-16 15:01:30.000,18,0.0,0.0,0
2020-05-16 15:16:30.000,17,0.0,0.0,0
2020-05-16 15:31:30.000,17,0.0,0.0,0
2020-05-16 15:46:30.000,16,0.0,0.0,0
2020-05-16 16:01:30.000,15,0.0,0.0,0
2020-05-16 16:16:30.000,14,3.6,0.3,1
2020-05-16 16:31:30.000,13,0.0,0.0,0
2020-05-16 16:46:30.000,12,0.0,0.0,0
2020-05-16 17:01:30.001,10,0.0,0.0,0
2020-05-16 17:16:30.001,10,0.0,0.0,0
2020-05-16 17:31:30.000,8,0.0,0.0,0
2020-05-16 17:46:30.000,6,0.0,0.0,0
2020-05-16 18:01:30.000,5,0.0,0.0,0
2020-05-16 18:16:30.000,6,0.0,0.0,0
2020-05-16 18:31:30.000,6,0.0,0.0,0
2020-05-16 18:46:30.000,5,0.0,0.0,0
2020-05-16 19:01:30.000,4,0.0,0.0,0
2020-05-16 19:16:30.000,4,0.0,0.0,0
2020-05-16 19:31:30.000,4,4.2,0.5,1
2020-05-16 19:46:30.001,4,4.2,0.5,1
2020-05-16 20:01:30.000,2,0.0,0.0,0
2020-05-16 20:16:30.000,0,0.0,0.0,0
2020-05-16 20:31:30.000,1,0.0,0.0,0
2020-05-16 20:46:30.000,0,0.0,0.0,0
2020-05-16 21:01:30.000,0,0.0,0.0,0
2020-05-16 21:16:30.000,0,0.0,0.0,0
2020-05-16 21:31:30.000,1,0.0,0.0,0
2020-05-16 21:46:30.000,0,0.0,0.0,0
2020-05-16 22:01:30.000,0,0.0,0.0,0
2020-05-16 22:16:30.001,0,0.0,0.0,0
2020-05-16 22:31:30.000,0,0.0,0.0,0
2020-05-16 22:46:30.000,0,0.0,0.0,0
2020-05-16 23:01:30.000,0,0.0,0.0,0
2020-05-16 23:16:30.000,0,0.0,0.0,0
2020-05-16 23:31:30.000,0,0.0,0.0,0
2020-05-16 23:46:30.000,0,0.0,0.0,0
2020-05-17 00:01:30.000,0,0.0,0.0,0
2020-05-17 00:16:30.000,0,0.0,0.0,0
2020-05-17 00:31:30.000,0,4.3,0.3,1
2020-05-17 00:46:30.000,1,4.3,0.3,1
2020-05-17 01:01:30.000,1,0.0,0.0,0
2020-05-17 01:16:30.000,1,0.0,0.0,0
2020-05-17 01:31:30.000,1,0.0,0.0,0
2020-05-17 01:46:30.000,2,0.0,0.0,0
2020-05-17 02:01:30.000,1,0.0,0.0,0
2020-05-17 02:16:30.000,1,0.0,0.0,0
2020-05-17 02:31:30.000,1,0.0,0.0,0
2020-05-17 02:46:30.000,0,0.0,0.0,0
2020-05-17 03:01:30.000,1,0.0,0.0,0
2020-05-17 03:16:30.000,0,0.0,0.0,0
2020-05-17 03:31:30.000,0,0.0,0.0,0
2020-05-17 03:46:30.000,0,0.0,0.0,0
2020-05-17 04:01:30.000,0,0.0,0.0,0
2020-05-17 04:16:30.000,0,0.0,0.0,0
2020-05-17 04:31:30.000,0,0.0,0.0,0
2020-05-17 04:46:30.000,0,0.0,0.0,0
2020-05-17 05:01:30.000,0,0.0,0.0,0
2020-05-17 05:16:30.000,0,0.0,0.0,0
2020-05-17 05:31:30.000,0,0.0,0.0,0
2020-05-17 05:46:30.000,2,0.0,0.0,0
2020-05-17 06:01:30.000,2,0.0,0.0,0
2020-05-17 06:16:30.000,2,0.0,0.0,0
2020-05-17 06:31:30.002,2,0.0,0.0,0
2020-05-17 06:46:30.000,2,0.0,0.0,0
2020-05-17 07:01:30.000,3,0.0,0.0,0
2020-05-17 07:16:30.001,3,0.0,0.0,0
2020-05-17 07:31:30.000,3,0.0,0.0,0
2020-05-17 07:46:30.000,4,0.0,0.0,0
2020-05-17 08:01:30.001,4,0.0,0.0,0
2020-05-17 08:16:30.001,5,0.0,0.0,0
2020-05-17 08:31:30.001,6,0.0,0.0,0
2020-05-17 08:46:30.000,6,0.0,0.0,0
2020-05-17 09:01:30.000,6,0.0,0.0,0
2020-05-17 09:16:30.000,7,0.0,0.0,0
2020-05-17 09:31:30.000,7,0.0,0.0,0
2020-05-17 09:46:30.000,8,0.0,0.0,0
2020-05-17 10:01:30.001,8,0.0,0.0,0
2020-05-17 10:16:30.001,7,0.0,0.0,0
2020-05-17 10:31:30.001,7,0.0,0.0,0
2020-05-17 10:46:30.000,8,0.0,0.0,0
2020-05-17 11:01:30.000,7,0.0,0.0,0
2020-05-17 11:16:30.000,7,0.0,0.0,0
2020-05-17 11:31:30.000,7,0.0,0.0,0
2020-05-17 11:46:30.000,8,0.0,0.0,0
2020-05-17 12:01:30.000,8,0.0,0.0,0
2020-05-17 12:16:30.000,8,0.0,0.0,0
2020-05-17 12:31:30.001,10,0.0,0.0,0
2020-05-17 12:46:30.000,9,0.0,0.0,0
2020-05-17 13:01:30.000,9,0.0,0.0,0
2020-05-17 13:16:30.001,9,0.0,0.0,0
2020-05-17 13:31:30.000,9,0.0,0.0,0
2020-05-17 13:46:30.000,11,0.0,0.0,0
2020-05-17 14:01:30.000,11,0.0,0.0,0
2020-05-17 14:16:30.000,11,0.0,0.0,0
2020-05-17 14:31:30.000,11,6.0,0.1,1
2020-05-17 14:46:30.000,11,0.0,0.0,0
2020-05-17 15:01:30.000,11,0.0,0.0,0
2020-05-17 15:16:30.000,10,0.0,0.0,0
2020-05-17 15:31:30.000,11,0.0,0.0,0
2020-05-17 15:46:30.001,10,0.0,0.0,0
2020-05-17 16:01:30.000,9,0.0,0.0,0
2020-05-17 16:16:30.000,8,0.0,0.0,0
2020-05-17 16:31:30.000,8,0.0,0.0,0
2020-05-17 16:46:30.000,8,0.0,0.0,0
2020-05-17 17:01:30.000,7,0.0,0.0,0
2020-05-17 17:16:30.000,7,0.0,0.0,0
2020-05-17 17:31:30.000,7,0.0,0.0,0
2020-05-17 17:46:30.000,6,0.0,0.0,0
2020-05-17 18:01:30.000,5,0.0,0.0,0
2020-05-17 18:16:30.001,5,0.0,0.0,0
2020-05-17 18:31:30.001,5,0.0,0.0,0
2020-05-17 18:46:30.000,3,0.0,0.0,0
2020-05-17 19:01:30.001,4,0.0,0.0,0
2020-05-17 19:16:30.000,2,0.0,0.0,0
2020-05-17 19:31:30.000,2,0.0,0.0,0
2020-05-17 19:46:30.000,2,0.0,0.0,0
2020-05-17 20:01:30.001,4,0.0,0.0,0
2020-05-17 20:16:30.000,2,0.0,0.0,0
2020-05-17 20:31:30.000,1,0.0,0.0,0
2020-05-17 20:46:30.000,1,0.0,0.0,0
2020-05-17 21:01:30.000,0,0.0,0.0,0
2020-05-17 21:16:30.000,0,0.0,0.0,0
2020-05-17 21:31:30.000,0,0.0,0.0,0
2020-05-17 21:46:30.000,0,0.0,0.0,0
2020-05-17 22:01:30.001,0,0.0,0.0,0
2020-05-17 22:16:30.001,0,0.0,0.0,0
2020-05-17 22:31:30.000,0,0.0,0.0,0
2020-05-17 22:46:30.001,0,0.0,0.0,0
2020-05-17 23:01:30.000,0,0.0,0.0,0
2020-05-17 23:16:30.000,0,0.0,0.0,0
2020-05-17 23:31:30.000,0,0.0,0.0,0
2020-05-17 23:46:30.000,0,0.0,0.0,0
2020-05-18 00:01:30.000,0,0.0,0.0,0
2020-05-18 00:16:30.000,0,0.0,0.0,0
2020-05-18 00:31:30.000,0,0.0,0.0,0
2020-05-18 00:46:30.001,0,0.0,0.0,0
2020-05-18 01:01:30.000,1,0.0,0.0,0
2020-05-18 01:16:30.000,1,0.0,0.0,0
2020-05-18 01:31:30.000,2,0.0,0.0,0
2020-05-18 01:46:30.001,2,0.0,0.0,0
2020-05-18 02:01:30.000,3,0.0,0.0,0
2020-05-18 02:16:30.000,4,0.0,0.0,0
2020-05-18 02:31:30.000,4,0.5,1.2,1
2020-05-18 02:46:30.000,3,0.0,0.0,0
2020-05-18 03:01:30.000,4,0.7,1.5,1
2020-05-18 03:16:30.001,4,0.0,0.0,0
2020-05-18 03:31:30.000,3,0.0,0.0,0
2020-05-18 03:46:30.000,1,0.0,0.0,0
2020-05-18 04:01:30.000,0,0.0,0.0,0
2020-05-18 04:16:30.000,0,0.0,0.0,0
2020-05-18 04:31:30.000,0,0.0,0.0,0
2020-05-18 04:46:30.000,2,0.0,0.0,0
2020-05-18 05:01:30.000,3,0.0,0.0,0
2020-05-18 05:16:30.000,6,0.0,0.0,0
2020-05-18 05:31:30.000,7,0.0,0.0,0
2020-05-18 05:46:30.000,11,0.0,0.0,0
2020-05-18 06:01:30.000,14,0.0,0.0,0
2020-05-18 06:16:30.000,16,2.2,0.2,1
2020-05-18 06:31:30.000,15,0.0,0.0,0
2020-05-18 06:46:30.000,17,4.7,0.2,1
2020-05-18 07:01:30.000,17,2.6,0.3,1
2020-05-18 07:16:30.000,16,0.0,0.0,0
2020-05-18 07:31:30.000,16,0.0,0.0,0
2020-05-18 07:46:30.000,15,0.0,0.0,0
2020-05-18 08:01:30.000,15,0.0,0.0,0
2020-05-18 08:16:30.000,16,0.0,0.0,0
2020-05-18 08:31:30.001,17,2.2,1.0,1
2020-05-18 08:46:30.001,18,0.0,0.0,0
2020-05-18 09:01:30.000,17,0.0,0.0,0
2020-05-18 09:16:30.000,19,2.9,0.9,1
2020-05-18 09:31:30.000,19,0.0,0.0,0
2020-05-18 09:46:30.000,19,0.0,0.0,0
2020-05-18 10:01:30.000,19,0.0,0.0,0
2020-05-18 10:16:30.000,19,0.0,0.0,0
2020-05-18 10:31:30.000,18,7.3,0.8,2
2020-05-18 10:46:30.000,17,3.7,0.3,1
2020-05-18 11:01:30.000,18,2.1,0.7,1
2020-05-18 11:16:30.001,18,0.0,0.0,0
2020-05-18 11:31:30.000,18,0.0,0.0,0
2020-05-18 11:46:30.000,18,0.0,0.0,0
2020-05-18 12:01:30.000,20,0.0,0.0,0
2020-05-18 12:16:30.000,21,2.5,0.3,1
2020-05-18 12:31:30.000,22,0.0,0.0,0
2020-05-18 12:46:30.000,23,0.0,0.0,0
2020-05-18 13:01:30.000,22,0.0,0.0,0
2020-05-18 13:16:30.000,22,4.2,0.7,1
2020-05-18 13:31:30.001,22,4.0,0.7,2
2020-05-18 13:46:30.001,25,6.0,0.5,2
2020-05-18 14:01:30.001,25,9.7,1.8,3
2020-05-18 14:16:30.000,26,15.4,1.9,4
2020-05-18 14:31:30.000,26,7.1,1.3,2
2020-05-18 14:46:30.001,26,4.0,1.1,1
2020-05-18 15:01:30.000,26,3.2,0.8,1
2020-05-18 15:16:30.004,25,3.6,0.8,1
2020-05-18 15:31:30.000,23,6.2,1.4,2
2020-05-18 15:46:30.000,22,0.0,0.0,0
2020-05-18 16:01:30.000,19,0.0,0.0,0
2020-05-18 16:16:30.000,18,0.0,0.0,0
2020-05-18 16:31:30.001,16,4.0,0.2,1
2020-05-18 16:46:30.000,14,0.0,0.0,0
2020-05-18 17:01:30.000,11,0.0,0.0,0
2020-05-18 17:16:30.000,9,0.0,0.0,0
2020-05-18 17:31:30.000,9,0.0,0.0,0
2020-05-18 17:46:30.000,7,0.0,0.0,0
2020-05-18 18:01:30.000,6,0.0,0.0,0
2020-05-18 18:16:30.001,5,0.0,0.0,0
2020-05-18 18:31:30.000,5,0.0,0.0,0
2020-05-18 18:46:30.000,4,0.0,0.0,0
2020-05-18 19:01:30.000,3,0.0,0.0,0
2020-05-18 19:16:30.000,3,0.0,0.0,0
2020-05-18 19:31:30.000,1,0.9,0.1,1
2020-05-18 19:46:30.000,0,0.8,0.1,1
2020-05-18 20:01:30.000,1,0.0,0.0,0
2020-05-18 20:16:30.001,0,0.0,0.0,0
2020-05-18 20:31:30.000,1,0.0,0.0,0
2020-05-18 20:46:30.000,0,0.0,0.0,0
2020-05-18 21:01:30.000,0,0.0,0.0,0
2020-05-18 21:16:30.000,0,0.0,0.0,0
2020-05-18 21:31:30.000,0,0.0,0.0,0
2020-05-18 21:46:30.000,1,0.0,0.0,0
2020-05-18 22:01:30.000,1,0.0,0.0,0
2020-05-18 22:16:30.001,0,0.0,0.0,0
2020-05-18 22:31:30.001,0,0.0,0.0,0
2020-05-18 22:46:30.000,1,0.0,0.0,0
2020-05-18 23:01:30.000,0,0.0,0.0,0
2020-05-18 23:16:30.001,0,0.0,0.0,0
2020-05-18 23:31:30.000,1,0.0,0.0,0
2020-05-18 23:46:30.001,0,0.0,0.0,0
2020-05-19 00:01:30.000,0,0.0,0.0,0
2020-05-19 00:16:30.000,0,0.0,0.0,0
2020-05-19 00:31:30.001,0,0.0,0.0,0
2020-05-19 00:46:30.000,0,0.0,0.0,0
2020-05-19 01:01:30.000,0,0.0,0.0,0
2020-05-19 01:16:30.001,3,0.0,0.0,0
2020-05-19 01:31:30.001,3,0.0,0.0,0
2020-05-19 01:46:30.000,5,0.0,0.0,0
2020-05-19 02:01:30.000,6,0.0,0.0,0
2020-05-19 02:16:30.000,6,0.0,0.0,0
2020-05-19 02:31:30.000,5,0.0,0.0,0
2020-05-19 02:46:30.001,2,0.0,0.0,0
2020-05-19 03:01:30.000,1,0.0,0.0,0
2020-05-19 03:16:30.000,1,0.0,0.0,0
2020-05-19 03:31:30.000,1,0.0,0.0,0
2020-05-19 03:46:30.000,1,0.0,0.0,0
2020-05-19 04:01:30.000,1,0.0,0.0,0
2020-05-19 04:16:30.000,0,0.0,0.0,0
2020-05-19 04:31:30.000,1,0.0,0.0,0
2020-05-19 04:46:30.000,2,0.0,0.0,0
2020-05-19 05:01:30.000,3,0.0,0.0,0
2020-05-19 05:16:30.000,7,0.0,0.0,0
2020-05-19 05:31:30.000,9,0.0,0.0,0
2020-05-19 05:46:30.000,12,0.0,0.0,0
2020-05-19 06:01:30.000,15,0.0,0.0,0
2020-05-19 06:16:30.000,17,5.7,0.7,2
2020-05-19 06:31:30.000,17,2.7,0.1,1
2020-05-19 06:46:30.000,18,2.2,0.4,1
2020-05-19 07:01:30.000,18,0.0,0.0,0
2020-05-19 07:16:30.000,17,0.0,0.0,0
2020-05-19 07:31:30.000,18,0.0,0.0,0
2020-05-19 07:46:30.000,17,0.0,0.0,0
2020-05-19 08:01:30.000,19,3.1,0.7,2
2020-05-19 08:16:30.000,20,7.2,0.9,2
2020-05-19 08:31:30.000,21,5.0,1.1,2
2020-05-19 08:46:30.001,23,3.8,0.5,1
2020-05-19 09:01:30.000,22,0.0,0.0,0
2020-05-19 09:16:30.000,22,2.7,0.3,1
2020-05-19 09:31:30.001,21,2.3,0.7,1
2020-05-19 09:46:30.000,21,0.0,0.0,0
2020-05-19 10:01:30.000,22,0.0,0.0,0
2020-05-19 10:16:30.000,21,0.0,0.0,0
2020-05-19 10:31:30.000,19,0.0,0.0,0
2020-05-19 10:46:30.001,20,3.0,0.6,1
2020-05-19 11:01:30.001,19,0.0,0.0,0
2020-05-19 11:16:30.001,20,0.0,0.0,0
2020-05-19 11:31:30.000,19,0.0,0.0,0
2020-05-19 11:46:30.000,20,0.0,0.0,0
2020-05-19 12:01:30.000,19,0.0,0.0,0
2020-05-19 12:16:30.000,20,3.3,0.3,1
2020-05-19 12:31:30.000,21,0.0,0.0,0
2020-05-19 12:46:30.000,22,2.9,0.4,1
2020-05-19 13:01:30.001,23,2.4,0.6,1
2020-05-19 13:16:30.000,25,12.6,1.3,3
2020-05-19 13:31:30.000,27,16.2,2.3,5
2020-05-19 13:46:30.000,28,10.7,1.6,3
2020-05-19 14:01:30.000,28,11.0,1.7,2
2020-05-19 14:16:30.000,27,9.4,1.1,1
2020-05-19 14:31:30.000,27,9.5,2.0,2
2020-05-19 14:46:30.000,28,10.0,1.5,2
2020-05-19 15:01:30.000,25,5.3,1.3,2
2020-05-19 15:16:30.001,22,0.0,0.0,0
2020-05-19 15:31:30.001,21,2.6,0.9,1
2020-05-19 15:46:30.001,20,5.3,0.4,1
2020-05-19 16:01:30.001,18,2.2,0.2,1
2020-05-19 16:16:30.000,17,0.0,0.0,0
2020-05-19 16:31:30.000,15,0.0,0.0,0
2020-05-19 16:46:30.000,12,3.2,0.2,1
2020-05-19 17:01:30.000,10,0.0,0.0,0
2020-05-19 17:16:30.001,8,0.0,0.0,0
2020-05-19 17:31:30.000,7,0.0,0.0,0
2020-05-19 17:46:30.000,6,0.0,0.0,0
2020-05-19 18:01:30.001,4,0.0,0.0,0
2020-05-19 18:16:30.000,4,0.0,0.0,0
2020-05-19 18:31:30.001,3,0.0,0.0,0
2020-05-19 18:46:30.000,3,0.0,0.0,0
2020-05-19 19:01:30.000,3,0.0,0.0,0
2020-05-19 19:16:30.000,4,2.8,0.8,1
2020-05-19 19:31:30.000,2,0.0,0.0,0
2020-05-19 19:46:30.001,2,0.0,0.0,0
2020-05-19 20:01:30.001,2,0.0,0.0,0
2020-05-19 20:16:30.000,2,0.0,0.0,0
2020-05-19 20:31:30.000,0,0.0,0.0,0
2020-05-19 20:46:30.000,1,0.0,0.0,0
2020-05-19 21:01:30.000,1,0.0,0.0,0
2020-05-19 21:16:30.000,2,0.0,0.0,0
2020-05-19 21:31:30.000,0,0.0,0.0,0
2020-05-19 21:46:30.001,0,0.0,0.0,0
2020-05-19 22:01:30.000,0,0.0,0.0,0
2020-05-19 22:16:30.000,1,0.0,0.0,0
2020-05-19 22:31:30.000,1,0.0,0.0,0
2020-05-19 22:46:30.000,0,0.0,0.0,0
2020-05-19 23:01:30.000,0,0.0,0.0,0
2020-05-19 23:16:30.000,0,0.0,0.0,0
2020-05-19 23:31:30.000,0,0.0,0.0,0
2020-05-19 23:46:30.001,0,0.0,0.0,0
2020-05-20 00:01:30.000,0,0.0,0.0,0
2020-05-20 00:16:30.000,0,0.0,0.0,0
2020-05-20 00:31:30.000,1,0.0,0.0,0
2020-05-20 00:46:30.000,2,0.0,0.0,0
2020-05-20 01:01:30.001,1,0.0,0.0,0
2020-05-20 01:16:30.000,3,0.0,0.0,0
2020-05-20 01:31:30.000,4,0.0,0.0,0
2020-05-20 01:46:30.000,5,0.0,0.0,0
2020-05-20 02:01:30.000,5,0.0,0.0,0
2020-05-20 02:16:30.000,5,0.0,0.0,0
2020-05-20 02:31:30.000,5,0.0,0.0,0
2020-05-20 02:46:30.000,2,0.0,0.0,0
2020-05-20 03:01:30.000,1,0.0,0.0,0
2020-05-20 03:16:30.000,2,0.0,0.0,0
2020-05-20 03:31:30.000,2,0.0,0.0,0
2020-05-20 03:46:30.000,1,0.0,0.0,0
2020-05-20 04:01:30.000,0,0.0,0.0,0
2020-05-20 04:16:30.000,0,0.0,0.0,0
2020-05-20 04:31:30.001,0,0.0,0.0,0
2020-05-20 04:46:30.000,1,0.0,0.0,0
2020-05-20 05:01:30.000,2,0.0,0.0,0
2020-05-20 05:16:30.000,5,0.0,0.0,0
2020-05-20 05:31:30.001,6,0.0,0.0,0
2020-05-20 05:46:30.000,8,0.0,0.0,0
2020-05-20 06:01:30.001,11,0.0,0.0,0
2020-05-20 06:16:30.000,12,0.0,0.0,0
2020-05-20 06:31:30.000,11,0.0,0.0,0
2020-05-20 06:46:30.000,13,0.0,0.0,0
2020-05-20 07:01:30.000,14,0.0,0.0,0
2020-05-20 07:16:30.000,13,0.0,0.0,0
2020-05-20 07:31:30.001,14,0.0,0.0,0
2020-05-20 07:46:30.001,16,0.0,0.0,0
2020-05-20 08:01:30.000,18,0.0,0.0,0
2020-05-20 08:16:30.000,21,6.8,1.9,3
2020-05-20 08:31:30.000,24,6.4,0.7,2
2020-05-20 08:46:30.000,23,6.6,0.8,2
2020-05-20 09:01:30.000,25,6.9,1.3,3
2020-05-20 09:16:30.000,26,2.6,0.7,1
2020-05-20 09:31:30.000,26,9.1,1.7,3
2020-05-20 09:46:30.001,26,2.1,0.3,1
2020-05-20 10:01:30.000,24,3.1,0.3,1
2020-05-20 10:16:30.000,22,0.0,0.0,0
2020-05-20 10:31:30.000,22,2.5,0.3,1
2020-05-20 10:46:30.000,21,0.0,0.0,0
2020-05-20 11:01:30.001,20,0.0,0.0,0
2020-05-20 11:16:30.000,20,0.0,0.0,0
2020-05-20 11:31:30.000,20,0.0,0.0,0
2020-05-20 11:46:30.000,21,1.5,0.2,1
2020-05-20 12:01:30.000,22,0.0,0.0,0
2020-05-20 12:16:30.001,21,0.0,0.0,0
2020-05-20 12:31:30.000,23,0.0,0.0,0
2020-05-20 12:46:30.000,23,0.0,0.0,0
2020-05-20 13:01:30.000,24,5.0,0.9,2
2020-05-20 13:16:30.000,23,5.7,0.8,2
2020-05-20 13:31:30.000,24,6.5,1.0,2
2020-05-20 13:46:30.000,25,4.7,0.9,2
2020-05-20 14:01:30.000,25,13.5,2.8,4
2020-05-20 14:16:30.000,26,15.8,2.1,2
2020-05-20 14:31:30.001,28,16.3,2.3,4
2020-05-20 14:46:30.000,30,17.1,2.9,5
2020-05-20 15:01:30.000,28,7.7,1.9,2
2020-05-20 15:16:30.000,24,7.1,1.2,2
2020-05-20 15:31:00.000,24,7.1,1.3,2
2020-05-20 15:46:30.000,22,5.9,0.9,2
2020-05-20 16:01:30.000,19,2.0,0.1,1
2020-05-20 16:16:30.000,17,0.0,0.0,0
2020-05-20 16:31:30.000,15,6.3,0.2,1
2020-05-20 16:46:30.000,13,5.2,0.2,1
2020-05-20 17:01:30.000,11,0.0,0.0,0
2020-05-20 17:16:30.001,9,0.0,0.0,0
2020-05-20 17:31:30.000,7,0.0,0.0,0
2020-05-20 17:46:30.000,5,0.0,0.0,0
2020-05-20 18:01:30.000,4,0.0,0.0,0
2020-05-20 18:16:30.000,4,0.0,0.0,0
2020-05-20 18:31:30.000,4,3.0,0.2,1
2020-05-20 18:46:30.001,4,0.0,0.0,0
2020-05-20 19:01:30.000,4,0.0,0.0,0
2020-05-20 19:16:30.001,4,0.0,0.0,0
2020-05-20 19:31:30.000,4,0.0,0.0,0
2020-05-20 19:46:30.000,3,0.0,0.0,0
2020-05-20 20:01:30.001,2,0.0,0.0,0
2020-05-20 20:16:30.000,0,0.0,0.0,0
2020-05-20 20:31:30.000,1,0.0,0.0,0
2020-05-20 20:46:30.000,0,0.0,0.0,0
2020-05-20 21:01:30.000,1,0.0,0.0,0
2020-05-20 21:16:30.001,1,0.0,0.0,0
2020-05-20 21:31:30.001,0,0.0,0.0,0
2020-05-20 21:46:30.000,0,0.0,0.0,0
2020-05-20 22:01:30.000,0,0.0,0.0,0
2020-05-20 22:16:30.000,0,0.0,0.0,0
2020-05-20 22:31:30.000,0,0.0,0.0,0
2020-05-20 22:46:30.000,0,0.0,0.0,0
2020-05-20 23:01:30.000,0,0.0,0.0,0
2020-05-20 23:16:30.000,0,0.0,0.0,0
2020-05-20 23:31:30.000,0,0.0,0.0,0
2020-05-20 23:46:30.000,0,0.0,0.0,0
2020-05-21 00:01:30.000,0,0.0,0.0,0
2020-05-21 00:16:30.001,1,0.0,0.0,0
2020-05-21 00:31:30.000,3,0.4,1.5,1
2020-05-21 00:46:30.000,4,0.0,0.0,0
2020-05-21 01:01:30.000,4,0.0,0.0,0
2020-05-21 01:16:30.000,2,0.0,0.0,0
2020-05-21 01:31:30.000,1,0.0,0.0,0
2020-05-21 01:46:30.000,1,0.0,0.0,0
2020-05-21 02:01:30.001,0,0.0,0.0,0
2020-05-21 02:16:30.000,0,0.0,0.0,0
2020-05-21 02:31:30.000,0,0.0,0.0,0
2020-05-21 02:46:30.001,0,0.0,0.0,0
2020-05-21 03:01:30.000,0,0.0,0.0,0
2020-05-21 03:16:30.000,0,0.0,0.0,0
2020-05-21 03:31:30.000,0,0.0,0.0,0
2020-05-21 03:46:30.000,1,0.0,0.0,0
2020-05-21 04:01:30.000,0,0.0,0.0,0
2020-05-21 04:16:30.000,0,0.0,0.0,0
2020-05-21 04:31:30.001,0,0.0,0.0,0
2020-05-21 04:46:30.001,0,0.0,0.0,0
2020-05-21 05:01:30.000,0,0.0,0.0,0
2020-05-21 05:16:30.001,1,0.0,0.0,0
2020-05-21 05:31:30.000,0,0.0,0.0,0
2020-05-21 05:46:30.000,0,0.0,0.0,0
2020-05-21 06:01:30.000,1,0.0,0.0,0
2020-05-21 06:16:30.000,0,0.0,0.0,0
2020-05-21 06:31:30.001,0,0.0,0.0,0
2020-05-21 06:46:30.000,0,0.0,0.0,0
2020-05-21 07:01:30.001,2,0.0,0.0,0
2020-05-21 07:16:30.000,2,0.0,0.0,0
2020-05-21 07:31:30.000,3,0.0,0.0,0
2020-05-21 07:46:30.000,4,0.0,0.0,0
2020-05-21 08:01:30.000,5,0.0,0.0,0
2020-05-21 08:16:30.001,5,0.0,0.0,0
2020-05-21 08:31:30.000,6,0.0,0.0,0
2020-05-21 08:46:30.000,6,0.0,0.0,0
2020-05-21 09:01:30.000,7,0.0,0.0,0
2020-05-21 09:16:30.000,8,0.0,0.0,0
2020-05-21 09:31:30.000,8,0.0,0.0,0
2020-05-21 09:46:30.000,9,0.0,0.0,0
2020-05-21 10:01:30.000,9,0.0,0.0,0
2020-05-21 10:16:30.000,10,0.0,0.0,0
2020-05-21 10:31:30.000,9,0.0,0.0,0
2020-05-21 10:46:30.000,7,0.0,0.0,0
2020-05-21 11:01:30.000,8,0.0,0.0,0
2020-05-21 11:16:30.001,7,0.0,0.0,0
2020-05-21 11:31:30.000,7,0.0,0.0,0
2020-05-21 11:46:30.000,7,0.0,0.0,0
2020-05-21 12:01:30.000,7,0.0,0.0,0
2020-05-21 12:16:30.000,7,0.0,0.0,0
2020-05-21 12:31:30.000,8,0.0,0.0,0
2020-05-21 12:46:30.001,9,0.0,0.0,0
2020-05-21 13:01:30.000,9,0.0,0.0,0
2020-05-21 13:16:30.000,9,0.0,0.0,0
2020-05-21 13:31:30.000,10,0.0,0.0,0
2020-05-21 13:46:30.000,10,0.0,0.0,0
2020-05-21 14:01:30.001,10,0.0,0.0,0
2020-05-21 14:16:30.000,9,0.0,0.0,0
2020-05-21 14:31:30.000,9,0.0,0.0,0
2020-05-21 14:46:30.000,9,0.0,0.0,0
2020-05-21 15:01:30.000,9,0.0,0.0,0
2020-05-21 15:16:30.000,10,0.0,0.0,0
2020-05-21 15:31:30.000,9,0.0,0.0,0
2020-05-21 15:46:30.000,9,0.0,0.0,0
2020-05-21 16:01:30.000,9,0.0,0.0,0
2020-05-21 16:16:30.000,8,0.0,0.0,0
2020-05-21 16:31:30.000,7,0.0,0.0,0
2020-05-21 16:46:30.000,8,0.0,0.0,0
2020-05-21 17:01:30.000,6,0.0,0.0,0
2020-05-21 17:16:30.000,6,0.0,0.0,0
2020-05-21 17:31:30.000,5,0.0,0.0,0
2020-05-21 17:46:30.000,5,0.0,0.0,0
2020-05-21 18:01:30.000,5,0.0,0.0,0
2020-05-21 18:16:30.000,5,0.0,0.0,0
2020-05-21 18:31:30.000,5,0.0,0.0,0
2020-05-21 18:46:30.000,5,0.0,0.0,0
2020-05-21 19:01:30.001,5,0.0,0.0,0
2020-05-21 19:16:30.000,4,0.0,0.0,0
2020-05-21 19:31:30.000,2,0.0,0.0,0
2020-05-21 19:46:30.000,1,0.0,0.0,0
2020-05-21 20:01:30.000,1,0.0,0.0,0
2020-05-21 20:16:30.000,0,0.0,0.0,0
2020-05-21 20:31:30.000,1,0.0,0.0,0
2020-05-21 20:46:30.000,1,0.0,0.0,0
2020-05-21 21:01:30.001,1,0.0,0.0,0
2020-05-21 21:16:30.000,0,0.0,0.0,0
2020-05-21 21:31:30.000,0,0.0,0.0,0
2020-05-21 21:46:30.000,0,0.0,0.0,0
2020-05-21 22:01:30.000,0,0.0,0.0,0
2020-05-21 22:16:30.000,0,0.0,0.0,0
2020-05-21 22:31:30.001,0,0.0,0.0,0
2020-05-21 22:46:30.000,0,0.0,0.0,0
2020-05-21 23:01:30.000,0,0.0,0.0,0
2020-05-21 23:16:30.000,0,0.0,0.0,0
2020-05-21 23:31:30.000,0,0.0,0.0,0
2020-05-21 23:46:30.000,0,0.0,0.0,0
2020-05-22 00:01:30.001,0,0.0,0.0,0
2020-05-22 00:16:30.001,0,0.0,0.0,0
2020-05-22 00:31:30.000,0,0.0,0.0,0
2020-05-22 00:46:30.000,0,0.0,0.0,0
2020-05-22 01:01:30.000,1,0.0,0.0,0
2020-05-22 01:16:30.000,1,0.0,0.0,0
2020-05-22 01:31:30.000,1,0.0,0.0,0
2020-05-22 01:46:30.000,3,0.0,0.0,0
2020-05-22 02:01:30.000,3,0.0,0.0,0
2020-05-22 02:16:30.000,2,0.0,0.0,0
2020-05-22 02:31:30.000,2,0.0,0.0,0
2020-05-22 02:46:30.001,1,0.0,0.0,0
2020-05-22 03:01:30.000,0,0.0,0.0,0
2020-05-22 03:16:30.000,0,0.0,0.0,0
2020-05-22 03:31:30.000,0,0.0,0.0,0
2020-05-22 03:46:30.000,0,0.0,0.0,0
2020-05-22 04:01:30.000,0,0.0,0.0,0
2020-05-22 04:16:30.000,2,0.0,0.0,0
2020-05-22 04:31:30.001,2,0.0,0.0,0
2020-05-22 04:46:30.000,2,0.0,0.0,0
2020-05-22 05:01:30.000,3,0.0,0.0,0
2020-05-22 05:16:30.000,4,0.0,0.0,0
2020-05-22 05:31:30.000,7,0.0,0.0,0
2020-05-22 05:46:30.000,7,0.0,0.0,0
2020-05-22 06:01:30.001,6,0.0,0.0,0
2020-05-22 06:16:30.000,7,0.0,0.0,0
2020-05-22 06:31:30.000,7,0.0,0.0,0
2020-05-22 06:46:30.000,8,0.0,0.0,0
2020-05-22 07:01:30.000,12,3.7,0.6,1
2020-05-22 07:16:30.000,11,0.0,0.0,0
2020-05-22 07:31:30.000,11,2.4,0.2,1
2020-05-22 07:46:30.000,13,0.0,0.0,0
2020-05-22 08:01:30.000,16,0.0,0.0,0
2020-05-22 08:16:30.000,17,0.0,0.0,0
2020-05-22 08:31:30.000,19,3.7,1.0,1
2020-05-22 08:46:30.000,21,2.1,0.2,1
2020-05-22 09:01:30.000,22,0.0,0.0,0
2020-05-22 09:16:30.000,22,0.0,0.0,0
2020-05-22 09:31:30.000,23,3.4,0.7,1
2020-05-22 09:46:30.000,23,0.0,0.0,0
2020-05-22 10:01:30.000,23,2.7,0.4,1
2020-05-22 10:16:30.000,24,4.1,0.5,1
2020-05-22 10:31:30.000,22,2.4,0.4,1
2020-05-22 10:46:30.000,19,0.0,0.0,0
2020-05-22 11:01:30.000,18,0.0,0.0,0
2020-05-22 11:16:30.000,16,0.0,0.0,0
2020-05-22 11:31:30.006,17,0.0,0.0,0
2020-05-22 11:46:30.000,17,0.0,0.0,0
2020-05-22 12:01:30.000,19,0.0,0.0,0
2020-05-22 12:16:30.000,19,0.0,0.0,0
2020-05-22 12:31:30.000,22,7.9,1.3,3
2020-05-22 12:46:30.000,22,2.4,0.7,1
2020-05-22 13:01:30.000,24,3.4,0.2,1
2020-05-22 13:16:30.000,24,7.5,1.6,3
2020-05-22 13:31:30.000,25,10.4,1.9,3
2020-05-22 13:46:30.001,26,2.5,0.8,1
2020-05-22 14:01:30.000,24,6.8,0.9,2
2020-05-22 14:16:30.000,24,2.3,0.4,1
2020-05-22 14:31:30.000,27,6.7,1.6,2
2020-05-22 14:46:30.000,26,5.7,0.6,2
2020-05-22 15:01:30.001,24,0.0,0.0,0
2020-05-22 15:16:30.000,22,2.6,0.9,1
2020-05-22 15:31:30.000,22,0.0,0.0,0
2020-05-22 15:46:30.000,20,0.0,0.0,0
2020-05-22 16:01:30.000,17,0.0,0.0,0
2020-05-22 16:16:30.000,17,3.2,0.3,1
2020-05-22 16:31:30.000,14,0.0,0.0,0
2020-05-22 16:46:30.000,12,0.0,0.0,0
2020-05-22 17:01:30.000,10,0.0,0.0,0
2020-05-22 17:16:30.000,8,0.0,0.0,0
2020-05-22 17:31:30.000,7,0.0,0.0,0
2020-05-22 17:46:30.000,6,5.3,0.3,1
2020-05-22 18:01:30.000,5,0.0,0.0,0
2020-05-22 18:16:30.001,5,0.0,0.0,0
2020-05-22 18:31:30.001,4,0.0,0.0,0
2020-05-22 18:46:30.001,3,0.0,0.0,0
2020-05-22 19:01:30.000,4,0.0,0.0,0
2020-05-22 19:16:30.000,4,0.0,0.0,0
2020-05-22 19:31:30.001,3,4.8,0.4,1
2020-05-22 19:46:30.000,2,0.0,0.0,0
2020-05-22 20:01:30.000,2,0.0,0.0,0
2020-05-22 20:16:30.000,4,0.0,0.0,0
2020-05-22 20:31:30.000,4,0.0,0.0,0
2020-05-22 20:46:30.000,3,0.0,0.0,0
2020-05-22 21:01:30.000,3,0.0,0.0,0
2020-05-22 21:16:30.001,3,0.0,0.0,0
2020-05-22 21:31:30.000,1,0.0,0.0,0
2020-05-22 21:46:30.000,1,0.0,0.0,0
2020-05-22 22:01:30.000,2,0.0,0.0,0
2020-05-22 22:16:30.000,1,0.0,0.0,0
2020-05-22 22:31:30.000,1,0.0,0.0,0
2020-05-22 22:46:30.000,1,0.0,0.0,0
2020-05-22 23:01:30.000,1,0.0,0.0,0
2020-05-22 23:16:30.000,1,0.0,0.0,0
2020-05-22 23:31:30.000,1,0.0,0.0,0
2020-05-22 23:46:30.000,0,0.0,0.0,0
2020-05-23 00:01:30.000,1,0.0,0.0,0
2020-05-23 00:16:30.001,1,0.0,0.0,0
2020-05-23 00:31:30.000,1,0.0,0.0,0
2020-05-23 00:46:30.000,1,0.0,0.0,0
2020-05-23 01:01:30.000,1,0.0,0.0,0
2020-05-23 01:16:30.000,1,0.0,0.0,0
2020-05-23 01:31:30.000,0,0.0,0.0,0
2020-05-23 01:46:30.000,0,0.0,0.0,0
2020-05-23 02:01:30.000,0,0.0,0.0,0
2020-05-23 02:16:30.000,0,0.0,0.0,0
2020-05-23 02:31:30.000,1,0.0,0.0,0
2020-05-23 02:46:30.001,3,0.0,0.0,0
2020-05-23 03:01:30.000,5,0.0,0.0,0
2020-05-23 03:16:30.000,3,0.0,0.0,0
2020-05-23 03:31:30.000,3,0.0,0.0,0
2020-05-23 03:46:30.000,2,0.0,0.0,0
2020-05-23 04:01:30.000,3,1.0,2.3,1
2020-05-23 04:16:30.000,2,0.0,0.0,0
2020-05-23 04:31:30.000,0,0.0,0.0,0
2020-05-23 04:46:30.000,0,0.0,0.0,0
2020-05-23 05:01:30.000,0,0.0,0.0,0
2020-05-23 05:16:30.000,1,0.0,0.0,0
2020-05-23 05:31:30.000,2,0.0,0.0,0
2020-05-23 05:46:30.000,2,0.0,0.0,0
2020-05-23 06:01:30.000,3,0.0,0.0,0
2020-05-23 06:16:30.000,4,0.0,0.0,0
2020-05-23 06:31:30.000,4,0.0,0.0,0
2020-05-23 06:46:30.000,5,0.0,0.0,0
2020-05-23 07:01:30.000,6,0.0,0.0,0
2020-05-23 07:16:30.000,6,0.0,0.0,0
2020-05-23 07:31:30.000,8,0.0,0.0,0
2020-05-23 07:46:30.000,9,0.0,0.0,0
2020-05-23 08:01:30.000,12,0.0,0.0,0
2020-05-23 08:16:30.000,13,0.0,0.0,0
2020-05-23 08:31:30.000,13,0.0,0.0,0
2020-05-23 08:46:30.000,14,0.0,0.0,0
2020-05-23 09:01:30.000,15,6.0,0.2,1
2020-05-23 09:16:30.000,16,3.1,0.2,1
2020-05-23 09:31:30.000,15,0.0,0.0,0
2020-05-23 09:46:30.000,16,0.0,0.0,0
2020-05-23 10:01:30.001,16,5.0,0.7,2
2020-05-23 10:16:30.000,17,0.0,0.0,0
2020-05-23 10:31:30.000,15,2.4,0.3,1
2020-05-23 10:46:30.001,15,0.0,0.0,0
2020-05-23 11:01:30.000,15,0.0,0.0,0
2020-05-23 11:16:30.000,14,0.0,0.0,0
2020-05-23 11:31:30.000,14,0.0,0.0,0
2020-05-23 11:46:30.000,14,0.0,0.0,0
2020-05-23 12:01:30.000,14,0.0,0.0,0
2020-05-23 12:16:30.000,16,0.0,0.0,0
2020-05-23 12:31:30.000,16,0.0,0.0,0
2020-05-23 12:46:30.000,17,0.0,0.0,0
2020-05-23 13:01:30.000,17,2.2,0.2,1
2020-05-23 13:16:30.000,18,0.0,0.0,0
2020-05-23 13:31:30.001,19,0.0,0.0,0
2020-05-23 13:46:30.001,19,4.6,0.7,1
2020-05-23 14:01:30.000,20,2.0,0.4,1
2020-05-23 14:16:30.001,19,0.0,0.0,0
2020-05-23 14:31:30.001,17,0.0,0.0,0
2020-05-23 14:46:30.000,17,0.0,0.0,0
2020-05-23 15:01:30.000,16,0.0,0.0,0
2020-05-23 15:16:30.000,16,0.0,0.0,0
2020-05-23 15:31:30.000,15,0.0,0.0,0
2020-05-23 15:46:30.000,15,0.0,0.0,0
2020-05-23 16:01:30.000,13,0.0,0.0,0
2020-05-23 16:16:30.000,13,2.9,0.4,1
2020-05-23 16:31:30.000,12,0.0,0.0,0
2020-05-23 16:46:30.000,10,0.0,0.0,0
2020-05-23 17:01:30.000,9,0.0,0.0,0
2020-05-23 17:16:30.000,8,0.0,0.0,0
2020-05-23 17:31:30.000,6,0.0,0.0,0
2020-05-23 17:46:30.000,5,0.0,0.0,0
2020-05-23 18:01:30.001,6,0.0,0.0,0
2020-05-23 18:16:30.000,6,0.0,0.0,0
2020-05-23 18:31:30.000,6,0.0,0.0,0
2020-05-23 18:46:30.000,5,0.0,0.0,0
2020-05-23 19:01:30.000,3,0.0,0.0,0
2020-05-23 19:16:30.000,3,0.0,0.0,0
2020-05-23 19:31:30.000,3,0.0,0.0,0
2020-05-23 19:46:30.001,2,2.9,0.4,1
2020-05-23 20:01:30.000,3,0.0,0.0,0
2020-05-23 20:16:30.000,2,0.0,0.0,0
2020-05-23 20:31:30.000,2,0.0,0.0,0
2020-05-23 20:46:30.000,3,4.1,0.6,1
2020-05-23 21:01:30.001,3,0.0,0.0,0
2020-05-23 21:16:30.000,1,0.0,0.0,0
2020-05-23 21:31:30.000,0,0.0,0.0,0
2020-05-23 21:46:30.001,0,0.0,0.0,0
2020-05-23 22:01:30.000,0,0.0,0.0,0
2020-05-23 22:16:30.000,0,0.0,0.0,0
2020-05-23 22:31:30.000,0,0.0,0.0,0
2020-05-23 22:46:30.000,0,0.0,0.0,0
2020-05-23 23:01:30.000,0,0.0,0.0,0
2020-05-23 23:16:30.075,0,0.0,0.0,0
2020-05-23 23:31:30.000,0,0.0,0.0,0
2020-05-23 23:46:30.000,0,0.0,0.0,0
2020-05-24 00:01:30.000,0,0.0,0.0,0
2020-05-24 00:16:30.000,0,0.0,0.0,0
2020-05-24 00:31:30.000,0,0.0,0.0,0
2020-05-24 00:46:30.001,0,0.0,0.0,0
2020-05-24 01:01:30.001,0,0.0,0.0,0
2020-05-24 01:16:30.000,0,0.0,0.0,0
2020-05-24 01:31:30.000,0,0.0,0.0,0
2020-05-24 01:46:30.000,0,0.0,0.0,0
2020-05-24 02:01:30.001,0,0.0,0.0,0
2020-05-24 02:16:30.000,0,0.0,0.0,0
2020-05-24 02:31:30.000,0,0.0,0.0,0
2020-05-24 02:46:30.000,0,0.0,0.0,0
2020-05-24 03:01:30.000,0,0.0,0.0,0
2020-05-24 03:16:30.000,0,0.0,0.0,0
2020-05-24 03:31:30.000,0,0.0,0.0,0
2020-05-24 03:46:30.000,0,0.0,0.0,0
2020-05-24 04:01:30.000,0,0.0,0.0,0
2020-05-24 04:16:30.001,0,0.0,0.0,0
2020-05-24 04:31:30.000,0,0.0,0.0,0
2020-05-24 04:46:30.001,0,0.0,0.0,0
2020-05-24 05:01:30.000,0,0.0,0.0,0
2020-05-24 05:16:30.000,0,0.0,0.0,0
2020-05-24 05:31:30.001,0,0.0,0.0,0
2020-05-24 05:46:30.000,1,0.0,0.0,0
2020-05-24 06:01:30.000,2,0.0,0.0,0
2020-05-26 07:31:30.000,15,2.1,0.1,1
2020-05-26 08:31:30.000,20,0.0,0.0,0
2020-05-26 09:16:30.000,23,9.4,1.4,3
2020-05-26 10:01:30.000,22,0.0,0.0,0
2020-05-26 11:46:30.000,19,0.0,0.0,0
2020-05-26 12:46:30.001,23,3.4,0.2,1
2020-05-26 13:46:30.000,26,7.8,1.4,2
2020-05-26 14:46:30.000,30,19.1,2.2,6
2020-05-26 15:01:30.000,28,19.8,1.9,4
2020-05-26 16:01:30.000,18,0.0,0.0,0
2020-05-26 17:01:30.000,10,3.2,0.3,1
2020-05-26 18:01:30.000,5,0.0,0.0,0
2020-05-26 19:16:30.000,5,2.7,0.3,1
2020-05-26 20:31:30.000,3,0.0,0.0,0
2020-05-26 21:01:30.000,2,0.0,0.0,0
2020-05-26 22:01:30.000,1,0.0,0.0,0
2020-05-26 23:31:30.001,1,0.0,0.0,0
2020-05-27 00:31:30.000,4,0.0,0.0,0
2020-05-27 01:16:30.000,4,0.0,0.0,0
2020-05-27 02:31:30.000,6,0.0,0.0,0
2020-05-27 03:01:30.000,4,0.0,0.0,0
2020-05-27 04:46:30.001,2,0.0,0.0,0
2020-05-27 05:46:30.001,9,2.1,0.2,1
2020-05-27 06:46:30.000,12,4.0,0.2,1
2020-05-27 07:46:30.000,15,0.0,0.0,0
2020-05-27 08:46:30.000,19,12.3,1.7,3
2020-05-27 09:01:30.000,21,3.6,0.3,1
2020-05-27 10:01:30.000,21,0.0,0.0,0
2020-05-27 11:01:30.000,20,0.0,0.0,0
2020-05-27 12:46:30.000,21,0.0,0.0,0
2020-05-27 13:31:30.000,23,3.9,0.2,1
2020-05-27 14:31:30.000,26,8.2,1.5,3
2020-05-27 15:01:30.000,23,4.1,0.8,1
2020-05-27 16:01:30.000,18,2.1,0.2,1
2020-05-27 17:01:30.000,10,0.0,0.0,0
2020-05-27 18:01:30.000,6,0.0,0.0,0
2020-05-27 19:01:30.000,5,0.0,0.0,0
2020-05-27 20:01:30.001,3,0.0,0.0,0
2020-05-27 21:01:30.000,3,0.0,0.0,0
2020-05-27 22:01:30.000,0,0.0,0.0,0
2020-05-27 23:46:30.000,4,0.0,0.0,0
2020-05-28 00:01:30.000,3,0.0,0.0,0
2020-05-28 01:01:30.000,3,0.5,1.5,1
2020-05-28 02:46:30.000,2,0.0,0.0,0
2020-05-28 03:16:30.000,2,0.0,0.0,0
2020-05-28 04:46:30.001,2,0.0,0.0,0
2020-05-28 05:46:30.001,10,3.0,0.2,1
2020-05-28 06:31:30.000,15,0.0,0.0,0
2020-05-28 07:46:30.000,16,2.8,0.5,1
2020-05-28 08:46:30.000,21,5.3,0.6,2
2020-05-28 09:31:30.000,25,2.0,0.3,1
2020-05-28 10:01:30.000,24,8.7,1.5,4
2020-05-28 11:01:30.000,20,2.4,0.3,1
2020-05-28 12:46:30.000,27,11.2,1.3,3
2020-05-28 13:01:30.000,27,6.5,1.1,1
2020-05-28 14:16:30.001,27,18.1,2.5,5
2020-05-28 15:01:30.000,28,14.7,3.1,5
2020-05-28 16:01:30.000,19,5.1,0.9,2
2020-05-28 17:01:30.000,13,0.0,0.0,0
2020-05-28 18:01:30.000,7,0.0,0.0,0
2020-05-28 19:01:30.000,5,0.0,0.0,0
2020-05-28 20:01:30.000,3,0.0,0.0,0
2020-05-28 21:01:30.001,1,0.0,0.0,0
2020-05-28 22:01:30.000,0,0.0,0.0,0
2020-05-28 23:01:30.000,2,0.0,0.0,0
2020-05-29 00:01:30.000,2,0.0,0.0,0
2020-05-29 01:16:30.000,2,0.0,0.0,0
2020-05-29 02:16:30.000,1,0.0,0.0,0
2020-05-29 03:31:30.000,1,0.0,0.0,0
2020-05-29 04:01:30.001,1,0.0,0.0,0
2020-05-29 05:46:30.000,10,0.0,0.0,0
2020-05-29 06:31:30.000,14,0.0,0.0,0
2020-05-29 07:46:30.000,17,3.0,0.5,1
2020-05-29 08:46:30.000,22,7.1,1.0,2
2020-05-29 09:16:30.001,24,3.3,0.6,1
2020-05-29 10:01:30.000,25,0.0,0.0,0
2020-05-29 11:46:30.000,21,0.0,0.0,0
2020-05-29 12:16:30.000,24,5.2,0.5,1
2020-05-29 13:46:30.000,30,11.7,2.2,4
2020-05-29 14:16:30.000,30,19.8,3.2,5
2020-05-29 15:01:30.000,30,18.6,2.7,6
2020-05-29 16:01:30.000,21,0.0,0.0,0
2020-05-29 17:01:30.001,12,2.4,0.1,1
2020-05-29 18:01:30.000,7,0.0,0.0,0
2020-05-29 19:01:30.000,6,0.0,0.0,0
2020-05-29 20:46:30.000,3,0.0,0.0,0
2020-05-29 21:46:30.000,3,0.0,0.0,0
2020-05-29 22:01:30.000,3,0.0,0.0,0
2020-05-29 23:31:30.000,2,0.0,0.0,0
2020-05-30 00:01:30.000,1,0.0,0.0,0
2020-05-30 01:16:30.000,3,0.0,0.0,0
2020-05-30 02:16:30.000,4,0.0,0.0,0
2020-05-30 03:31:30.000,4,0.0,0.0,0
2020-05-30 04:01:30.000,1,0.0,0.0,0
2020-05-30 05:46:30.000,1,0.0,0.0,0
2020-05-30 06:46:30.000,5,0.0,0.0,0
2020-05-30 07:46:30.000,11,2.6,0.2,1
2020-05-30 08:46:30.000,16,2.6,0.2,1
2020-05-30 09:16:30.000,20,0.0,0.0,0
2020-05-30 10:01:30.000,20,5.0,0.3,2
2020-05-30 11:01:30.000,16,0.0,0.0,0
2020-05-30 12:46:30.000,19,0.0,0.0,0
2020-05-30 13:31:30.000,21,0.0,0.0,0
2020-05-30 14:01:30.077,19,0.0,0.0,0
2020-05-30 15:01:30.000,19,3.4,0.6,1
2020-05-30 16:01:30.001,15,0.0,0.0,0
2020-05-30 17:01:30.000,11,4.4,0.5,1
2020-05-30 18:01:30.000,6,2.1,0.4,1
2020-05-30 19:01:30.000,6,0.0,0.0,0
2020-05-30 20:01:30.001,5,2.8,0.2,1
2020-05-30 21:46:30.000,3,0.0,0.0,0
2020-05-30 22:01:30.000,2,0.0,0.0,0
2020-05-30 23:46:30.000,1,0.0,0.0,0
2020-05-31 00:01:30.000,0,0.0,0.0,0
2020-05-31 01:16:30.001,1,0.0,0.0,0
2020-05-31 02:01:30.000,0,0.0,0.0,0
2020-05-31 03:01:30.000,3,0.9,0.5,1
2020-05-31 04:01:30.001,1,0.0,0.0,0
2020-05-31 05:46:30.000,2,0.0,0.0,0
2020-05-31 06:01:30.000,3,0.0,0.0,0
2020-05-31 07:46:30.000,3,0.0,0.0,0
2020-05-31 08:31:30.000,6,0.0,0.0,0
2020-05-31 09:16:30.000,9,0.0,0.0,0
2020-05-31 10:01:30.000,10,0.0,0.0,0
2020-05-31 11:01:30.001,9,0.0,0.0,0
2020-05-31 12:46:30.000,11,8.6,0.5,2
2020-05-31 13:16:30.000,11,0.0,0.0,0
2020-05-31 14:31:30.000,11,0.0,0.0,0
2020-05-31 15:01:30.000,12,0.0,0.0,0
2020-05-31 16:01:30.000,9,0.0,0.0,0
2020-05-31 17:01:30.000,7,5.1,1.3,2
2020-05-31 18:16:30.000,5,0.0,0.0,0
2020-05-31 19:01:30.000,5,0.0,0.0,0
2020-05-31 20:16:30.000,4,0.0,0.0,0
2020-05-31 21:01:30.000,1,0.0,0.0,0
2020-05-31 22:31:30.000,2,0.0,0.0,0
2020-05-31 23:01:30.000,1,0.0,0.0,0
2020-06-01 00:31:30.000,1,0.0,0.0,0
2020-06-01 01:01:30.000,0,0.0,0.0,0
2020-06-01 02:01:30.000,0,0.0,0.0,0
2020-06-01 03:01:30.000,0,0.0,0.0,0
2020-06-01 04:01:30.000,0,0.0,0.0,0
2020-06-01 05:01:30.001,0,0.0,0.0,0
2020-06-01 06:31:30.000,1,0.0,0.0,0
2020-06-01 07:31:30.000,3,0.0,0.0,0
2020-06-01 08:46:30.001,7,3.2,0.2,1
2020-06-01 09:46:30.000,9,0.0,0.0,0
2020-06-01 10:01:30.000,9,0.0,0.0,0
2020-06-01 11:46:30.000,8,0.0,0.0,0
2020-06-01 12:01:30.000,8,0.0,0.0,0
2020-06-01 13:46:30.000,11,0.0,0.0,0
2020-06-01 14:01:30.000,12,0.0,0.0,0
2020-06-01 15:01:30.000,11,0.0,0.0,0
2020-06-01 16:01:30.000,9,0.0,0.0,0
2020-06-01 17:01:30.000,7,0.0,0.0,0
2020-06-01 18:01:30.000,5,0.0,0.0,0
2020-06-01 19:01:30.000,3,0.0,0.0,0
2020-06-01 20:01:30.000,6,0.0,0.0,0
2020-06-01 21:01:30.000,2,0.0,0.0,0
2020-06-01 22:01:30.000,0,0.0,0.0,0
2020-06-01 23:16:30.000,2,0.0,0.0,0
2020-06-02 00:16:30.000,2,0.0,0.0,0
2020-06-02 01:46:30.000,6,0.0,0.0,0
2020-06-02 02:16:30.000,8,0.0,0.0,0
2020-06-02 03:01:30.000,5,0.0,0.0,0
2020-06-02 04:46:30.000,2,0.0,0.0,0
2020-06-02 05:46:30.000,12,0.0,0.0,0
2020-06-02 06:46:30.000,18,1.4,0.2,1
2020-06-02 07:01:30.000,19,0.0,0.0,0
2020-06-02 08:46:30.000,24,3.3,0.4,1
2020-06-02 09:16:30.000,25,4.2,0.4,2
2020-06-02 10:01:30.001,23,0.0,0.0,0
2020-06-02 11:46:30.000,22,0.0,0.0,0
2020-06-02 12:46:30.000,25,0.0,0.0,0
2020-06-02 13:31:30.001,26,11.5,2.0,4
2020-06-02 14:31:30.000,31,19.1,2.3,4
2020-06-02 15:01:30.000,31,17.6,2.8,4
2020-06-02 16:01:30.000,21,3.0,0.4,1
2020-06-02 17:01:30.000,12,0.0,0.0,0
2020-06-02 18:01:30.000,6,0.0,0.0,0
2020-06-02 19:31:30.000,6,0.0,0.0,0
2020-06-02 20:01:30.000,3,0.0,0.0,0
2020-06-02 21:01:30.001,2,0.0,0.0,0
2020-06-02 22:46:30.000,2,0.0,0.0,0
2020-06-02 23:31:30.000,5,0.0,0.0,0
2020-06-03 00:46:30.000,7,0.0,0.0,0
2020-06-03 01:31:30.000,7,0.5,1.2,1
2020-06-03 02:16:30.000,8,0.0,0.0,0
2020-06-03 03:16:30.000,5,0.0,0.0,0
2020-06-03 04:46:30.001,4,0.0,0.0,0
2020-06-03 05:46:30.001,10,0.0,0.0,0
2020-06-03 06:31:30.000,16,3.4,0.6,1
2020-06-03 07:46:30.000,18,2.9,0.2,1
2020-06-03 08:46:30.000,23,0.0,0.0,0
2020-06-03 09:46:30.001,25,0.0,0.0,0
2020-06-03 10:31:30.006,26,2.4,0.1,1
2020-06-03 11:46:30.001,24,0.0,0.0,0
2020-06-03 12:01:30.000,25,3.3,0.6,1
2020-06-03 13:31:30.000,26,6.4,1.5,3
2020-06-03 14:01:30.000,26,4.8,1.1,2
2020-06-03 15:01:30.000,25,7.7,1.2,2
2020-06-03 16:01:30.000,18,3.1,0.3,1
2020-06-03 17:01:30.000,12,0.0,0.0,0
2020-06-03 18:01:30.000,6,0.0,0.0,0
2020-06-03 19:01:30.000,5,0.0,0.0,0
2020-06-03 20:01:30.000,4,0.0,0.0,0
2020-06-03 21:46:30.000,3,0.0,0.0,0
2020-06-03 22:16:30.000,3,0.8,1.7,1
2020-06-03 23:01:30.000,4,0.0,0.0,0
2020-06-04 00:46:30.000,9,0.0,0.0,0
2020-06-04 01:01:30.000,12,0.0,0.0,0
2020-06-04 02:01:30.000,5,0.0,0.0,0
2020-06-04 03:01:30.000,5,0.0,0.0,0
2020-06-04 04:46:30.001,4,0.0,0.0,0
2020-06-04 05:46:30.000,12,0.0,0.0,0
2020-06-04 06:01:30.000,17,3.7,0.6,1
2020-06-04 07:01:30.000,17,7.4,0.4,2
2020-06-04 07:46:30.000,18,0.0,0.0,0
2020-06-04 08:46:30.000,22,2.0,0.3,1
2020-06-04 09:46:30.000,26,17.1,2.0,4
2020-06-04 10:16:30.001,29,8.2,1.0,3
2020-06-04 11:01:30.000,24,2.2,0.4,1
2020-06-04 12:46:30.000,29,6.7,1.0,2
2020-06-04 13:31:30.000,30,7.6,1.3,3
2020-06-04 14:31:30.000,33,37.8,4.9,10
2020-06-04 15:01:30.000,35,7.3,3.2,4
2020-06-04 16:01:30.000,20,2.2,0.4,1
2020-06-04 17:01:30.000,11,0.0,0.0,0
2020-06-04 18:01:30.000,7,0.0,0.0,0
2020-06-04 19:01:30.000,4,0.0,0.0,0
2020-06-04 20:01:30.000,2,0.0,0.0,0
2020-06-04 21:01:30.000,3,0.0,0.0,0
2020-06-04 22:01:30.001,1,0.0,0.0,0
2020-06-04 23:01:30.000,0,0.0,0.0,0
2020-06-05 00:16:30.000,2,0.0,0.0,0
2020-06-05 01:01:30.000,3,0.0,0.0,0
2020-06-05 02:46:30.000,3,0.0,0.0,0
2020-06-05 03:01:30.000,5,0.0,0.0,0
2020-06-05 04:31:30.000,5,0.0,0.0,0
2020-06-05 05:46:30.000,12,0.0,0.0,0
2020-06-05 06:46:00.001,17,0.0,0.0,0
2020-06-05 07:16:30.000,18,7.0,0.7,3
2020-06-05 07:31:30.000,19,0.0,0.0,0
2020-06-05 08:46:30.000,24,2.4,0.3,1
2020-06-05 09:16:30.000,28,3.5,0.6,1
2020-06-05 10:16:30.000,29,7.3,0.9,2
2020-06-05 11:01:30.000,25,0.0,0.0,0
2020-06-05 12:31:30.001,28,0.0,0.0,0
2020-06-05 13:46:30.000,28,12.9,1.3,4
2020-06-05 14:31:30.000,28,11.7,2.4,4
2020-06-05 15:01:30.000,27,2.9,0.3,1
2020-06-05 16:01:30.000,21,7.7,0.7,2
2020-06-05 17:01:30.001,13,2.6,0.2,1
2020-06-05 18:01:30.000,8,0.0,0.0,0
2020-06-05 19:01:30.000,5,0.0,0.0,0
2020-06-05 20:31:30.000,5,0.0,0.0,0
2020-06-05 21:31:30.000,5,0.0,0.0,0
2020-06-05 22:01:30.000,5,0.0,0.0,0
2020-06-05 23:16:30.000,6,0.0,0.0,0
2020-06-06 00:16:30.000,5,0.0,0.0,0
2020-06-06 01:01:30.000,3,0.0,0.0,0
2020-06-06 02:01:30.000,2,0.0,0.0,0
2020-06-06 03:16:30.000,3,0.0,0.0,0
2020-06-06 04:01:30.001,1,0.0,0.0,0
2020-06-06 05:46:30.001,4,0.0,0.0,0
2020-06-06 06:46:30.000,6,0.0,0.0,0
2020-06-06 07:46:30.000,10,0.0,0.0,0
2020-06-06 08:46:30.000,16,2.0,0.1,1
2020-06-06 09:46:30.000,19,0.0,0.0,0
2020-06-06 10:01:30.000,20,2.1,0.2,1
2020-06-06 11:01:30.000,18,0.0,0.0,0
2020-06-06 12:46:30.001,23,6.8,1.7,3
2020-06-06 13:46:30.000,24,4.7,0.7,2
2020-06-06 14:01:30.000,23,5.4,1.1,2
2020-06-06 15:01:30.000,20,4.9,0.8,2
2020-06-06 16:01:30.000,15,0.0,0.0,0
2020-06-06 17:01:30.000,9,0.0,0.0,0
2020-06-06 18:01:30.000,7,0.0,0.0,0
2020-06-06 19:01:30.001,4,0.0,0.0,0
2020-06-06 20:01:30.000,3,0.0,0.0,0
2020-06-06 21:01:30.000,2,0.0,0.0,0
2020-06-06 22:01:30.000,0,0.0,0.0,0
2020-06-06 23:01:30.000,0,0.0,0.0,0
2020-06-07 00:01:30.000,0,0.0,0.0,0
2020-06-07 01:46:30.000,1,0.0,0.0,0
2020-06-07 02:46:30.001,2,0.0,0.0,0
2020-06-07 03:01:30.000,2,0.0,0.0,0
2020-06-07 04:01:30.000,0,0.0,0.0,0
2020-06-07 05:01:30.000,0,0.0,0.0,0
2020-06-07 06:46:30.000,3,0.0,0.0,0
2020-06-07 07:01:30.000,3,0.0,0.0,0
2020-06-07 08:46:30.000,6,0.0,0.0,0
2020-06-07 09:46:30.000,9,0.0,0.0,0
2020-06-07 10:01:30.000,9,0.0,0.0,0
2020-06-07 11:01:30.000,7,0.0,0.0,0
2020-06-07 12:46:30.000,8,0.0,0.0,0
2020-06-07 13:31:30.001,10,0.0,0.0,0
2020-06-07 14:01:30.000,10,0.0,0.0,0
2020-06-07 15:01:30.001,11,2.2,0.2,1
2020-06-07 16:01:30.000,9,0.0,0.0,0
2020-06-07 17:01:30.001,6,0.0,0.0,0
2020-06-07 18:01:30.000,4,0.0,0.0,0
2020-06-07 19:01:30.000,2,0.0,0.0,0
2020-06-07 20:01:30.000,3,0.0,0.0,0
2020-06-07 21:31:30.000,1,0.0,0.0,0
2020-06-07 22:31:30.000,1,0.0,0.0,0
2020-06-07 23:16:30.000,2,0.0,0.0,0
2020-06-08 00:16:30.001,2,0.0,0.0,0
2020-06-08 01:46:30.000,3,0.0,0.0,0
2020-06-08 02:01:30.000,4,0.0,0.0,0
2020-06-08 03:01:30.000,2,0.0,0.0,0
2020-06-08 04:46:30.000,2,0.0,0.0,0
2020-06-08 05:46:30.000,9,0.0,0.0,0
2020-06-08 06:01:30.000,14,4.4,0.4,1
2020-06-08 06:46:30.000,21,2.6,0.4,1
2020-06-08 07:01:30.000,19,8.1,1.3,3
2020-06-08 08:46:30.000,20,0.0,0.0,0
2020-06-08 09:01:30.001,22,0.0,0.0,0
2020-06-08 10:01:30.000,21,0.0,0.0,0
2020-06-08 11:46:30.000,21,2.7,0.3,1
2020-06-08 12:46:30.000,25,5.5,1.4,2
2020-06-08 13:46:30.000,31,15.5,2.7,5
2020-06-08 14:01:30.000,31,20.2,3.0,6
2020-06-08 15:01:30.000,28,5.4,1.4,2
2020-06-08 16:01:30.000,17,0.0,0.0,0
2020-06-08 17:01:30.000,9,0.0,0.0,0
2020-06-08 18:01:30.000,5,0.0,0.0,0
2020-06-08 19:46:30.000,4,0.0,0.0,0
2020-06-08 20:01:30.000,4,2.5,0.2,1
2020-06-08 21:16:30.000,3,0.0,0.0,0
2020-06-08 22:01:30.001,1,0.0,0.0,0
2020-06-08 23:01:30.001,0,0.0,0.0,0
2020-06-09 00:46:30.000,2,0.0,0.0,0
2020-06-09 01:31:30.000,4,0.0,0.0,0
2020-06-09 02:46:30.000,3,0.0,0.0,0
2020-06-09 03:16:30.000,4,0.0,0.0,0
2020-06-09 04:46:30.000,3,0.0,0.0,0
2020-06-09 05:46:30.000,13,0.0,0.0,0
2020-06-09 06:31:30.000,21,9.9,1.3,3
2020-06-09 07:01:30.000,19,0.0,0.0,0
2020-06-09 08:31:30.000,21,6.5,1.5,3
2020-06-09 09:46:30.000,24,6.1,0.8,2
2020-06-09 10:16:30.000,24,0.0,0.0,0
2020-06-09 11:01:30.000,22,0.0,0.0,0
2020-06-09 12:31:30.000,22,0.0,0.0,0
2020-06-09 13:46:30.000,32,17.3,2.7,5
2020-06-09 14:01:30.000,35,33.1,4.2,8
2020-06-09 15:01:30.000,32,30.4,4.4,9
2020-06-09 16:01:30.000,21,7.1,1.3,2
2020-06-09 17:01:30.000,11,0.0,0.0,0
2020-06-09 18:01:30.000,6,0.0,0.0,0
2020-06-09 19:01:30.000,4,0.0,0.0,0
2020-06-09 20:31:30.000,5,0.0,0.0,0
2020-06-09 21:01:30.000,3,0.0,0.0,0
2020-06-09 22:46:30.000,2,0.0,0.0,0
2020-06-09 23:16:30.000,3,0.0,0.0,0
2020-06-10 00:46:30.001,2,0.0,0.0,0
2020-06-10 01:01:30.000,2,0.0,0.0,0
2020-06-10 02:31:30.000,6,0.7,1.5,1
2020-06-10 03:01:30.000,6,0.0,0.0,0
2020-06-10 04:46:30.000,3,0.0,0.0,0
2020-06-10 05:46:30.000,11,0.0,0.0,0
2020-06-10 06:46:30.001,19,4.4,0.8,2
2020-06-10 07:01:30.000,18,4.5,0.8,2
2020-06-10 08:46:30.001,21,0.0,0.0,0
2020-06-10 09:46:30.000,24,1.9,0.4,1
2020-06-10 10:31:30.000,29,4.3,0.9,2
2020-06-10 11:01:30.000,24,2.0,0.8,1
2020-06-10 12:31:30.001,24,0.0,0.0,0
2020-06-10 13:01:30.000,23,0.0,0.0,0
2020-06-10 14:31:30.000,27,10.6,1.3,3
2020-06-10 15:01:30.000,29,13.6,2.4,4
2020-06-10 16:01:30.000,20,2.3,0.2,1
2020-06-10 17:01:30.000,11,0.0,0.0,0
2020-06-10 18:01:30.000,6,0.0,0.0,0
2020-06-10 19:46:30.000,7,0.0,0.0,0
2020-06-10 20:16:30.000,7,0.0,0.0,0
2020-06-10 21:01:30.000,6,0.0,0.0,0
2020-06-10 22:01:30.001,1,0.0,0.0,0
2020-06-10 23:31:30.000,2,0.5,1.6,1
2020-06-11 00:01:30.000,2,0.0,0.0,0
2020-06-11 01:01:30.000,2,0.0,0.0,0
2020-06-11 02:16:30.000,2,0.0,0.0,0
2020-06-11 03:01:30.000,2,0.0,0.0,0
2020-06-11 04:46:30.000,4,0.0,0.0,0
2020-06-11 05:46:30.000,12,0.0,0.0,0
2020-06-11 06:46:30.000,22,7.8,1.0,2
2020-06-11 07:01:30.000,20,6.6,0.5,1
2020-06-11 08:01:30.000,18,2.4,0.2,1
2020-06-12 06:54:30.001,22,4.6,0.7,2
2020-06-12 07:01:30.000,21,4.8,0.9,2
2020-06-12 08:46:30.000,22,2.2,0.4,1
2020-06-12 09:01:30.001,25,2.6,0.3,1
2020-06-12 10:16:30.001,27,16.8,2.2,5
2020-06-12 11:01:30.000,24,8.1,0.6,2
2020-06-12 12:46:30.000,29,9.5,1.9,3
2020-06-12 13:46:30.000,38,47.0,5.4,12
2020-06-12 14:01:00.000,39,56.8,8.6,18
2020-06-12 15:01:30.000,31,31.5,5.1,8
2020-06-12 16:01:30.000,22,7.0,1.5,3
2020-06-12 17:01:30.000,15,0.0,0.0,0
2020-06-12 18:46:30.001,15,0.0,0.0,0
2020-06-12 19:01:30.000,14,0.0,0.0,0
2020-06-12 20:01:30.000,6,0.0,0.0,0
2020-06-12 21:01:30.000,6,0.0,0.0,0
2020-06-12 22:01:30.000,3,0.0,0.0,0
2020-06-12 23:31:30.001,5,0.0,0.0,0
2020-06-13 00:01:30.000,4,0.0,0.0,0
2020-06-13 01:31:30.000,2,0.0,0.0,0
2020-06-13 02:16:30.000,3,0.8,1.5,1
2020-06-13 03:16:30.000,5,0.0,0.0,0
2020-06-13 04:01:30.000,2,0.0,0.0,0
2020-06-13 05:16:30.000,2,0.0,0.0,0
2020-06-13 06:31:30.000,4,0.0,0.0,0
2020-06-13 07:46:30.000,11,0.0,0.0,0
2020-06-13 08:46:30.000,18,0.0,0.0,0
2020-06-13 09:31:30.000,21,0.0,0.0,0
2020-06-13 10:16:30.001,23,0.0,0.0,0
2020-06-13 11:46:30.001,20,5.2,0.8,1
2020-06-13 12:46:30.001,25,7.6,1.0,2
2020-06-13 13:16:30.000,27,14.0,1.4,2
2020-06-13 14:01:30.000,25,10.9,1.5,3
2020-06-13 15:01:30.000,22,3.7,0.5,1
2020-06-13 16:01:30.001,19,0.0,0.0,0
2020-06-13 17:01:30.000,13,0.0,0.0,0
2020-06-13 18:01:30.000,8,0.0,0.0,0
2020-06-13 19:01:30.000,6,0.0,0.0,0
2020-06-13 20:16:30.000,7,0.0,0.0,0
2020-06-13 21:01:30.000,5,0.0,0.0,0
2020-06-13 22:01:30.000,4,0.0,0.0,0
2020-06-13 23:01:30.000,2,0.0,0.0,0
2020-06-14 00:46:30.000,1,0.0,0.0,0
2020-06-14 01:01:30.000,0,0.0,0.0,0
2020-06-14 02:01:30.000,0,0.0,0.0,0
2020-06-14 03:01:30.001,0,0.0,0.0,0
2020-06-14 04:01:30.000,0,0.0,0.0,0
2020-06-14 05:46:30.000,2,0.0,0.0,0
2020-06-14 06:01:30.000,2,0.0,0.0,0
2020-06-14 07:46:30.000,4,0.0,0.0,0
2020-06-14 08:31:30.000,7,0.0,0.0,0
2020-06-14 09:46:30.000,11,0.0,0.0,0
2020-06-14 10:16:30.000,13,5.7,0.9,2
2020-06-14 11:01:30.000,9,0.0,0.0,0
2020-06-14 12:46:30.000,9,0.0,0.0,0
2020-06-14 13:01:30.000,11,0.0,0.0,0
2020-06-14 14:46:30.000,11,0.0,0.0,0
2020-06-14 15:16:30.000,11,0.0,0.0,0
2020-06-14 16:01:30.000,10,0.0,0.0,0
2020-06-14 17:01:30.000,8,0.0,0.0,0
2020-06-14 18:01:30.000,5,0.0,0.0,0
2020-06-14 19:01:30.000,5,2.7,0.2,1
2020-06-14 20:01:30.000,4,0.0,0.0,0
2020-06-14 21:01:30.000,3,0.0,0.0,0
2020-06-14 22:01:30.000,1,0.0,0.0,0
2020-06-14 23:31:30.001,2,0.0,0.0,0
2020-06-15 00:46:30.000,4,1.6,2.1,1
2020-06-15 01:01:30.001,3,0.0,0.0,0
2020-06-15 02:01:30.000,3,0.0,0.0,0
2020-06-15 03:01:30.000,1,0.0,0.0,0
2020-06-15 04:46:30.000,2,0.0,0.0,0
2020-06-15 05:46:30.000,11,0.0,0.0,0
2020-06-15 06:46:30.001,22,13.3,3.1,5
2020-06-15 07:01:30.000,21,4.6,1.1,2
2020-06-15 08:46:30.001,19,0.0,0.0,0
2020-06-15 09:31:30.000,23,0.0,0.0,0
2020-06-15 10:01:30.001,21,0.0,0.0,0
2020-06-15 11:16:30.000,19,0.0,0.0,0
2020-06-15 12:01:30.000,21,2.3,0.4,1
2020-06-15 12:46:30.000,22,1.9,0.3,1
2020-06-15 13:46:30.000,29,16.8,3.0,5
2020-06-15 14:31:30.000,31,17.8,2.6,4
2020-06-15 15:01:30.000,29,4.6,0.9,2
2020-06-15 16:01:30.000,20,2.9,0.4,1
2020-06-15 17:01:30.000,10,0.0,0.0,0
2020-06-15 18:01:30.000,9,0.0,0.0,0
2020-06-15 19:46:30.000,6,2.6,0.5,1
2020-06-15 20:16:30.000,6,0.0,0.0,0
2020-06-15 21:01:30.000,3,0.0,0.0,0
2020-06-15 22:01:30.000,1,3.5,0.4,1
2020-06-15 23:16:30.000,3,0.8,1.5,1
2020-06-16 00:16:30.000,3,0.0,0.0,0
2020-06-16 01:46:30.001,2,0.0,0.0,0
2020-06-16 02:16:30.000,6,0.0,0.0,0
2020-06-16 03:01:30.000,3,0.0,0.0,0
2020-06-16 04:31:30.001,3,0.0,0.0,0
2020-06-16 05:46:30.000,12,0.0,0.0,0
2020-06-16 06:31:30.000,22,8.7,1.5,3
2020-06-16 07:01:30.000,22,5.6,1.5,3
2020-06-16 08:31:30.000,23,5.1,0.5,2
2020-06-16 08:46:30.000,24,3.2,0.3,1
2020-06-16 09:01:30.000,25,8.0,0.6,2
2020-06-16 10:01:30.000,22,2.7,0.3,1
2020-06-16 10:16:30.000,23,0.0,0.0,0
2020-06-16 11:01:30.000,21,0.0,0.0,0
2020-06-16 12:31:30.000,23,0.0,0.0,0
2020-06-16 13:46:30.000,32,26.3,3.2,8
2020-06-16 14:01:30.000,34,29.0,3.9,8
2020-06-16 15:01:30.000,30,7.1,1.1,1
2020-06-16 16:01:30.000,21,0.0,0.0,0
2020-06-16 17:01:30.000,11,0.0,0.0,0
2020-06-16 18:01:30.000,7,0.0,0.0,0
2020-06-16 19:01:30.000,4,0.0,0.0,0
2020-06-16 20:01:30.000,5,0.0,0.0,0
2020-06-16 21:01:30.001,6,0.0,0.0,0
2020-06-16 22:16:30.000,2,0.0,0.0,0
2020-06-16 23:01:30.000,1,0.0,0.0,0
2020-06-17 00:46:30.000,3,0.0,0.0,0
2020-06-17 01:01:30.000,2,0.0,0.0,0
2020-06-17 02:31:30.000,6,0.0,0.0,0
2020-06-17 03:01:30.000,2,0.0,0.0,0
2020-06-17 04:46:30.000,2,0.0,0.0,0
2020-06-17 05:46:30.001,11,0.0,0.0,0
2020-06-17 06:46:30.000,20,7.3,0.9,2
2020-06-17 07:01:30.000,20,0.0,0.0,0
2020-06-17 08:46:30.000,22,3.1,0.4,1
2020-06-17 09:46:30.000,27,10.9,1.9,2
2020-06-17 10:31:30.001,33,9.0,1.9,3
2020-06-17 11:01:30.000,26,2.3,0.2,1
2020-06-17 11:46:30.001,27,10.1,1.6,3
2020-06-17 12:01:30.000,29,10.9,1.1,4
2020-06-17 13:01:30.000,25,5.4,1.5,3
2020-06-17 14:16:30.000,26,7.0,1.7,3
2020-06-17 15:01:30.000,25,2.8,0.4,1
2020-06-17 16:01:30.000,19,0.0,0.0,0
2020-06-17 17:01:30.000,14,0.0,0.0,0
2020-06-17 18:01:30.001,8,0.0,0.0,0
2020-06-17 19:01:30.003,9,0.0,0.0,0
2020-06-17 20:01:30.000,9,2.4,0.5,1
2020-06-17 21:46:30.000,6,0.0,0.0,0
2020-06-17 22:01:30.000,3,0.0,0.0,0
2020-06-17 23:46:30.000,5,0.0,0.0,0
2020-06-18 00:46:30.000,5,0.0,0.0,0
2020-06-18 01:46:30.000,9,0.5,1.6,1
2020-06-18 02:01:30.000,9,0.0,0.0,0
2020-06-18 03:01:30.001,6,0.0,0.0,0
2020-06-18 04:46:30.000,3,0.0,0.0,0
2020-06-18 05:46:30.000,14,4.5,0.4,1
2020-06-18 06:31:30.000,22,7.3,0.8,2
2020-06-18 07:01:30.000,22,9.7,1.3,3
2020-06-18 08:31:30.000,22,4.7,0.9,2
2020-06-18 09:31:30.000,26,3.5,0.3,1
2020-06-18 10:01:30.000,29,4.6,1.5,3
2020-06-18 11:01:30.000,22,0.0,0.0,0
2020-06-18 12:01:00.000,21,1.9,0.3,1
2020-06-18 12:31:30.000,26,12.0,3.1,5
2020-06-18 13:46:30.000,38,27.7,4.0,7
2020-06-18 14:01:30.000,37,33.1,3.9,9
2020-06-18 15:01:30.000,29,23.1,4.1,6
2020-06-18 16:01:00.001,22,7.7,1.5,3
2020-06-18 17:01:30.000,13,0.0,0.0,0
2020-06-18 18:01:30.000,8,2.7,0.2,1
2020-06-18 19:01:30.000,4,0.0,0.0,0
2020-06-18 20:46:30.000,5,0.0,0.0,0
2020-06-18 21:01:30.000,5,0.0,0.0,0
2020-06-18 22:01:30.000,1,0.0,0.0,0
2020-06-18 23:01:30.000,0,0.0,0.0,0
2020-06-19 00:01:30.000,0,0.0,0.0,0
2020-06-19 01:46:30.001,3,0.0,0.0,0
2020-06-19 02:01:30.000,2,0.0,0.0,0
2020-06-19 03:01:30.001,3,0.0,0.0,0
2020-06-19 04:46:30.000,2,0.0,0.0,0
2020-06-19 05:46:30.000,11,1.9,0.5,1
2020-06-19 06:46:30.001,24,8.4,2.1,4
2020-06-19 07:01:30.001,26,9.9,2.1,2
2020-06-19 08:16:30.000,22,0.0,0.0,0
2020-06-19 09:46:30.001,29,15.3,3.0,5
2020-06-19 10:01:30.000,27,8.8,1.5,3
2020-06-19 11:01:30.000,24,4.6,0.8,1
2020-06-19 12:46:30.001,27,10.1,1.9,3
2020-06-19 13:46:30.000,36,35.1,5.1,9
2020-06-19 14:01:30.000,35,39.9,5.0,11
2020-06-19 15:01:30.000,29,27.8,4.7,7
2020-06-19 16:01:30.000,24,9.3,1.2,2
2020-06-19 17:01:30.000,17,2.4,0.8,1
2020-06-19 18:01:30.000,10,0.0,0.0,0
2020-06-19 19:01:30.000,7,0.0,0.0,0
2020-06-19 20:01:30.000,7,0.0,0.0,0
2020-06-19 21:01:30.000,5,0.0,0.0,0
2020-06-19 22:01:30.001,3,0.0,0.0,0
2020-06-19 23:01:30.000,2,0.0,0.0,0
2020-06-20 00:46:30.000,1,0.0,0.0,0
2020-06-20 01:31:30.000,2,0.0,0.0,0
2020-06-20 02:16:30.000,3,0.0,0.0,0
2020-06-20 03:01:30.000,0,0.0,0.0,0
2020-06-20 04:01:30.001,1,0.0,0.0,0
2020-06-20 05:46:30.001,2,0.0,0.0,0
2020-06-20 06:46:30.000,5,0.0,0.0,0
2020-06-20 07:46:30.000,10,0.0,0.0,0
2020-06-20 08:46:30.000,17,8.4,0.7,1
2020-06-20 09:31:30.000,20,0.0,0.0,0
2020-06-20 10:01:30.000,21,2.1,0.5,1
2020-06-20 11:01:30.000,18,0.0,0.0,0
2020-06-20 12:46:30.000,22,3.3,0.5,1
2020-06-20 13:46:30.000,24,14.8,1.4,3
2020-06-20 14:01:30.000,24,3.6,0.5,1
2020-06-20 15:16:30.000,20,2.8,0.5,1
2020-06-20 16:01:30.001,19,0.0,0.0,0
2020-06-20 17:01:30.000,14,0.0,0.0,0
2020-06-20 18:16:30.000,9,0.0,0.0,0
2020-06-20 19:01:30.000,7,0.0,0.0,0
2020-06-20 20:16:30.000,8,0.0,0.0,0
2020-06-20 21:01:30.001,8,0.0,0.0,0
2020-06-20 22:01:30.000,5,0.0,0.0,0
2020-06-20 23:01:30.000,4,0.0,0.0,0
2020-06-21 00:01:30.000,3,4.8,0.1,1
2020-06-21 01:16:30.000,3,0.0,0.0,0
2020-06-21 02:16:30.000,4,0.0,0.0,0
2020-06-21 03:01:30.000,4,0.0,0.0,0
2020-06-21 04:01:30.001,1,0.0,0.0,0
2020-06-21 05:01:30.000,0,0.0,0.0,0
2020-06-21 06:46:30.000,2,0.0,0.0,0
2020-06-21 07:31:30.000,4,0.0,0.0,0
2020-06-21 08:46:30.000,8,0.0,0.0,0
2020-06-21 09:46:30.000,11,0.0,0.0,0
2020-06-21 10:01:30.000,11,0.0,0.0,0
2020-06-21 11:01:30.000,9,0.0,0.0,0
2020-06-21 12:46:30.000,9,0.0,0.0,0
2020-06-21 13:01:30.000,11,0.0,0.0,0
2020-06-21 14:01:30.000,11,0.0,0.0,0
2020-06-21 15:01:30.000,10,0.0,0.0,0
2020-06-21 16:01:30.000,10,3.0,0.2,1
2020-06-21 17:01:30.000,8,0.0,0.0,0
2020-06-21 18:01:30.000,5,0.0,0.0,0
2020-06-21 19:01:30.000,3,0.0,0.0,0
2020-06-21 19:46:30.001,4,0.0,0.0,0
2020-06-21 20:16:30.000,5,0.0,0.0,0
2020-06-21 21:01:30.000,5,0.0,0.0,0
2020-06-21 22:01:30.001,4,0.0,0.0,0
2020-06-21 23:01:30.000,3,0.0,0.0,0
2020-06-22 00:01:30.000,3,0.0,0.0,0
2020-06-22 01:31:30.000,7,0.0,0.0,0
2020-06-22 02:01:30.000,7,0.7,1.5,1
2020-06-22 03:01:30.000,3,0.0,0.0,0
2020-06-22 04:46:30.000,2,0.0,0.0,0
2020-06-22 05:46:30.000,12,0.0,0.0,0
2020-06-22 06:46:30.001,21,0.0,0.0,0
2020-06-22 07:01:30.000,19,0.0,0.0,0
2020-06-22 08:46:30.000,22,6.0,0.8,1
2020-06-22 09:46:30.000,27,10.8,1.3,2
2020-06-22 10:01:30.000,25,5.4,0.8,1
2020-06-22 11:01:30.001,23,7.8,0.8,1
2020-06-22 12:46:30.000,25,17.2,1.9,3
2020-06-22 13:46:30.000,38,23.4,4.1,6
2020-06-22 14:01:30.000,39,34.8,4.8,10
2020-06-22 15:01:30.001,31,18.7,2.4,4
2020-06-22 16:01:30.000,21,3.1,0.7,2
2020-06-22 17:01:30.000,11,2.6,0.2,1
2020-06-22 18:31:30.001,6,2.3,0.2,1
2020-06-22 19:01:30.000,6,0.0,0.0,0
2020-06-22 20:16:30.001,5,0.0,0.0,0
2020-06-22 21:16:30.000,4,0.0,0.0,0
2020-06-22 22:01:30.000,1,0.0,0.0,0
2020-06-22 23:46:30.000,1,0.0,0.0,0
2020-06-23 00:16:30.000,2,1.0,1.6,1
2020-06-23 01:46:30.000,2,4.0,0.1,1
2020-06-23 02:01:30.001,4,0.7,1.6,1
2020-06-23 03:16:30.001,5,0.0,0.0,0
2020-06-23 04:46:30.000,4,0.5,1.1,1
2020-06-23 05:46:30.000,14,2.3,0.4,1
2020-06-23 06:31:30.001,24,11.8,2.4,4
2020-06-23 07:01:30.000,23,7.5,1.1,2
2020-06-23 08:31:30.000,23,4.2,0.1,1
2020-06-23 09:31:30.000,25,3.2,0.3,1
2020-06-23 10:16:30.000,25,2.6,0.6,1
2020-06-23 11:01:30.000,21,2.4,0.5,1
2020-06-23 12:31:30.000,26,6.2,0.8,2
2020-06-23 13:46:30.001,34,17.4,3.9,6
2020-06-23 14:01:30.000,36,22.9,3.0,6
2020-06-23 15:01:30.000,32,26.8,2.9,6
2020-06-23 16:01:30.001,24,4.0,0.8,1
2020-06-23 17:01:30.000,12,0.0,0.0,0
2020-06-23 18:01:30.000,7,0.0,0.0,0
2020-06-23 19:01:30.000,5,0.0,0.0,0
2020-06-23 20:16:30.000,6,0.0,0.0,0
2020-06-23 21:01:30.001,6,0.0,0.0,0
2020-06-23 22:01:30.000,3,0.0,0.0,0
2020-06-23 23:31:30.000,1,0.0,0.0,0
2020-06-24 00:31:30.000,4,0.0,0.0,0
2020-06-24 01:01:30.000,4,0.0,0.0,0
2020-06-24 02:46:30.000,3,0.0,0.0,0
2020-06-24 03:16:30.000,3,0.0,0.0,0
2020-06-24 04:46:30.000,4,0.0,0.0,0
2020-06-24 05:46:30.000,10,4.0,0.2,1
2020-06-24 06:31:30.000,18,5.9,0.6,2
2020-06-24 07:01:30.000,18,0.0,0.0,0
2020-06-24 08:46:30.000,21,4.9,0.3,1
2020-06-24 09:46:30.000,25,2.1,0.1,1
2020-06-24 10:31:30.000,31,14.1,1.9,4
2020-06-24 11:01:30.000,24,0.0,0.0,0
2020-06-24 12:46:30.000,23,6.2,1.0,2
2020-06-24 13:31:30.000,25,7.6,1.3,2
2020-06-24 14:46:30.000,27,8.2,1.6,3
2020-06-24 15:01:30.000,27,11.2,2.1,3
2020-06-24 16:01:30.000,22,4.3,1.0,2
2020-06-24 17:01:30.000,13,0.0,0.0,0
2020-06-24 18:01:30.000,8,0.0,0.0,0
2020-06-24 19:46:30.000,7,3.1,0.2,1
2020-06-24 20:46:30.000,7,0.0,0.0,0
2020-06-24 21:01:30.000,6,0.0,0.0,0
2020-06-24 22:01:30.000,3,0.0,0.0,0
2020-06-24 23:16:30.000,3,0.0,0.0,0
2020-06-25 00:31:30.000,6,0.5,0.9,1
2020-06-25 01:46:30.000,6,0.0,0.0,0
2020-06-25 02:01:30.000,7,0.0,0.0,0
2020-06-25 03:01:30.000,3,0.0,0.0,0
2020-06-25 04:46:30.000,3,0.0,0.0,0
2020-06-25 05:46:30.000,13,0.9,0.0,1
2020-06-25 06:46:30.000,23,2.4,0.6,1
2020-06-25 07:46:30.000,24,2.0,0.4,1
2020-06-25 08:16:30.000,25,0.0,0.0,0
2020-06-25 09:46:30.000,26,8.9,1.3,3
2020-06-25 10:16:30.000,29,11.3,1.3,3
2020-06-25 11:01:30.000,21,2.3,0.2,1
2020-06-25 12:46:30.000,23,5.4,0.8,2
2020-06-25 13:46:30.000,32,24.1,3.0,7
2020-06-25 14:01:30.000,32,25.3,3.1,6
2020-06-25 15:01:30.000,29,17.1,3.8,5
2020-06-25 16:01:30.000,22,0.0,0.0,0
2020-06-25 17:01:30.000,14,0.0,0.0,0
2020-06-25 18:01:30.000,8,0.0,0.0,0
2020-06-25 19:31:30.000,7,0.0,0.0,0
2020-06-25 20:46:30.000,7,0.0,0.0,0
2020-06-25 21:01:30.000,10,7.8,4.6,2
2020-06-25 22:16:30.001,4,0.0,0.0,0
2020-06-25 23:01:30.000,2,0.0,0.0,0
2020-06-26 00:01:30.000,3,0.0,0.0,0
2020-06-26 01:01:30.000,0,0.0,0.0,0
2020-06-26 02:31:30.001,2,0.0,0.0,0
2020-06-26 03:01:30.000,2,0.6,0.5,1
2020-06-26 04:46:30.001,4,0.0,0.0,0
2020-06-26 05:46:30.001,11,0.0,0.0,0
2020-06-26 06:46:30.001,24,8.1,1.4,3
2020-06-26 07:01:30.000,24,4.6,1.0,2
2020-06-26 08:46:30.000,26,8.1,0.5,2
2020-06-26 09:16:30.000,28,7.8,1.4,3
2020-06-26 10:01:30.000,28,12.0,1.9,4
2020-06-26 11:16:30.000,24,4.3,0.2,1
2020-06-26 12:46:30.001,24,2.4,0.8,1
2020-06-26 13:46:30.001,32,40.9,6.8,10
2020-06-26 14:01:30.000,36,44.3,6.1,11
2020-06-26 15:01:30.001,25,6.5,1.3,3
2020-06-26 16:01:30.000,22,0.0,0.0,0
2020-06-26 17:01:30.000,16,0.0,0.0,0
2020-06-26 18:01:30.000,8,0.0,0.0,0
2020-06-26 19:01:30.000,7,0.0,0.0,0
2020-06-26 20:31:30.000,8,0.0,0.0,0
2020-06-26 21:16:30.000,8,0.0,0.0,0
2020-06-26 22:01:30.000,7,0.0,0.0,0
2020-06-26 23:01:30.000,4,0.0,0.0,0
2020-06-27 00:01:30.000,3,0.0,0.0,0
2020-06-27 01:01:30.000,0,0.0,0.0,0
2020-06-27 02:01:30.000,2,0.0,0.0,0
2020-06-27 03:01:30.000,1,0.0,0.0,0
2020-06-27 04:01:30.000,1,0.0,0.0,0
2020-06-27 05:31:30.000,5,0.0,0.0,0
2020-06-27 06:46:30.000,6,0.0,0.0,0
2020-06-27 07:46:30.000,10,0.0,0.0,0
2020-06-27 08:46:30.000,16,0.0,0.0,0
2020-06-27 09:31:30.000,23,7.5,1.6,3
2020-06-27 10:31:30.000,24,3.3,0.8,1
2020-06-27 11:01:30.000,20,0.0,0.0,0
2020-06-27 12:46:30.000,22,5.7,0.9,2
2020-06-27 13:01:30.000,24,14.4,2.4,5
2020-06-27 14:01:30.000,23,3.5,0.8,1
2020-06-27 15:01:30.000,27,26.7,2.0,5
2020-06-27 16:01:30.000,18,0.0,0.0,0
2020-06-27 17:01:30.000,14,0.0,0.0,0
2020-06-27 18:01:30.000,8,0.0,0.0,0
2020-06-27 19:01:30.000,7,2.6,0.2,1
2020-06-27 20:31:30.001,8,0.0,0.0,0
2020-06-27 21:16:30.000,7,0.0,0.0,0
2020-06-27 22:31:30.000,6,0.0,0.0,0
2020-06-27 23:31:30.000,4,0.0,0.0,0
2020-06-28 00:01:30.001,2,0.0,0.0,0
2020-06-28 01:01:30.000,2,0.0,0.0,0
2020-06-28 02:46:30.000,3,0.0,0.0,0
2020-06-28 03:01:30.000,3,0.0,0.0,0
2020-06-28 04:01:30.000,0,0.0,0.0,0
2020-06-28 05:31:30.001,1,0.0,0.0,0
2020-06-28 06:16:30.000,2,0.0,0.0,0
2020-06-28 07:31:30.000,5,0.0,0.0,0
2020-06-28 08:31:30.000,8,0.0,0.0,0
2020-06-28 09:46:30.000,10,3.4,0.7,1
2020-06-28 10:01:30.001,11,0.0,0.0,0
2020-06-28 11:01:30.000,9,0.0,0.0,0
2020-06-28 12:46:30.000,9,0.0,0.0,0
2020-06-28 13:46:30.000,12,0.0,0.0,0
2020-06-28 14:01:30.000,12,0.0,0.0,0
2020-06-28 15:16:30.000,12,0.0,0.0,0
2020-06-28 16:01:30.000,11,0.0,0.0,0
2020-06-28 17:01:30.001,9,6.0,0.7,2
2020-06-28 18:01:30.000,7,0.0,0.0,0
2020-06-28 19:01:00.000,5,3.6,0.2,1
2020-06-28 20:46:30.000,5,0.0,0.0,0
2020-06-28 21:01:30.000,5,0.0,0.0,0
2020-06-28 22:01:30.000,3,0.0,0.0,0
2020-06-28 23:01:30.001,3,0.0,0.0,0
2020-06-29 00:46:30.000,5,0.0,0.0,0
2020-06-29 01:31:30.000,8,0.7,1.7,1
2020-06-29 02:31:30.000,6,0.0,0.0,0
2020-06-29 03:16:30.000,7,0.0,0.0,0
2020-06-29 04:01:30.066,4,0.0,0.0,0
2020-06-29 05:46:30.001,13,0.0,0.0,0
2020-06-29 06:46:30.000,20,1.8,0.6,1
2020-06-29 07:01:30.001,20,0.0,0.0,0
2020-06-29 08:46:30.000,21,6.7,0.4,1
2020-06-29 09:01:30.000,21,0.0,0.0,0
2020-06-29 09:31:30.000,22,7.5,0.6,2
2020-06-29 10:01:30.000,23,0.0,0.0,0
2020-06-29 11:01:30.000,22,2.3,0.1,1
2020-06-29 12:46:30.000,26,9.3,1.3,3
2020-06-29 13:46:30.000,31,19.0,3.1,6
2020-06-29 14:16:30.001,37,42.5,5.6,11
2020-06-29 15:16:30.000,33,39.2,6.2,12
2020-06-29 16:01:30.001,24,10.2,1.3,4
2020-06-29 17:01:30.000,13,0.0,0.0,0
2020-06-29 18:01:30.000,8,0.0,0.0,0
2020-06-29 19:01:30.000,6,0.0,0.0,0
2020-06-29 20:46:30.000,5,0.0,0.0,0
2020-06-29 21:01:30.000,4,0.0,0.0,0
2020-06-29 22:46:30.000,4,0.7,1.5,1
2020-06-29 23:01:30.000,3,0.0,0.0,0
2020-06-30 00:46:30.000,4,0.0,0.0,0
2020-06-30 01:46:30.000,6,1.2,1.5,1
2020-06-30 02:01:30.000,6,0.0,0.0,0
2020-06-30 03:01:30.000,3,0.5,1.1,1
2020-06-30 04:46:30.000,3,0.0,0.0,0
2020-06-30 05:46:30.000,12,0.0,0.0,0
2020-06-30 06:46:30.001,19,1.6,0.5,1
2020-06-30 07:01:30.000,19,0.0,0.0,0
2020-06-30 08:46:30.000,25,4.3,1.0,2
2020-06-30 09:31:30.001,27,3.8,0.4,1
2020-06-30 10:01:30.000,26,2.9,0.4,1
2020-06-30 11:46:30.000,22,0.0,0.0,0
2020-06-30 12:46:30.000,29,11.1,2.0,2
2020-06-30 13:46:30.000,32,29.3,3.9,8
2020-06-30 14:46:30.000,39,48.5,7.9,15
2020-06-30 15:01:30.000,36,36.1,4.3,9
2020-06-30 16:01:30.000,25,13.4,1.9,5
2020-06-30 17:01:30.000,15,0.0,0.0,0
2020-06-30 18:01:30.000,9,0.0,0.0,0
2020-06-30 19:16:30.000,6,0.0,0.0,0
2020-06-30 20:31:30.000,5,0.0,0.0,0
2020-06-30 21:01:30.000,4,0.0,0.0,0
2020-06-30 22:16:30.000,5,0.0,0.0,0
2020-06-30 23:01:30.000,2,0.0,0.0,0
2020-07-01 00:31:30.000,1,1.1,1.5,1
2020-07-01 01:31:30.000,2,0.8,1.6,1
2020-07-01 02:16:30.000,3,0.0,0.0,0
2020-07-01 03:31:30.000,1,0.0,0.0,0
2020-07-01 04:46:30.000,3,0.0,0.0,0
2020-07-01 05:46:30.348,10,0.0,0.0,0
2020-07-01 06:46:30.000,16,0.0,0.0,0
2020-07-01 07:01:30.001,19,0.0,0.0,0
2020-07-01 08:46:30.000,24,0.0,0.0,0
2020-07-01 09:01:30.000,25,5.5,0.6,3
2020-07-01 09:46:30.000,26,3.7,0.4,1
2020-07-01 10:01:30.000,27,3.1,0.3,1
2020-07-01 11:01:30.000,20,2.2,0.3,1
2020-07-01 12:46:30.000,25,3.1,0.3,1
2020-07-01 13:46:30.000,28,6.0,1.6,3
2020-07-01 14:46:30.000,29,13.0,3.2,4
2020-07-01 15:16:30.000,34,12.7,2.8,4
2020-07-01 16:01:30.000,30,9.0,1.6,2
2020-07-01 17:01:30.001,14,2.1,0.1,1
2020-07-01 18:01:30.000,9,0.0,0.0,0
2020-07-01 19:16:30.000,7,0.0,0.0,0
2020-07-01 20:01:30.001,4,0.0,0.0,0
2020-07-01 21:16:30.000,5,0.0,0.0,0
2020-07-01 22:01:30.000,2,0.0,0.0,0
2020-07-01 23:46:30.001,1,0.0,0.0,0
2020-07-02 00:01:30.000,3,0.0,0.0,0
2020-07-02 01:46:30.000,1,0.0,0.0,0
2020-07-02 02:16:30.000,3,0.0,0.0,0
2020-07-02 03:16:30.000,2,0.0,0.0,0
2020-07-02 04:46:30.000,4,0.0,0.0,0
2020-07-02 05:46:30.001,12,0.0,0.0,0
2020-07-02 06:46:30.000,16,2.2,0.3,1
2020-07-02 07:01:30.000,17,3.8,1.2,2
2020-07-02 08:46:30.000,21,1.4,0.2,1
2020-07-02 09:31:30.000,26,6.5,0.7,2
2020-07-02 10:16:30.000,24,3.4,0.4,1
2020-07-02 11:01:30.000,21,2.7,0.3,1
2020-07-02 12:31:30.000,27,11.2,2.4,4
2020-07-02 13:16:30.000,28,9.7,2.0,4
2020-07-02 14:46:30.000,33,29.2,5.8,10
2020-07-02 15:01:30.000,34,34.1,4.1,9
2020-07-02 16:01:30.000,26,6.3,1.2,2
2020-07-02 17:01:30.000,17,0.0,0.0,0
2020-07-02 18:01:30.000,7,0.0,0.0,0
2020-07-02 19:01:30.000,5,0.0,0.0,0
2020-07-02 20:16:30.000,6,7.5,0.3,1
2020-07-02 21:16:30.000,5,0.0,0.0,0
2020-07-02 22:01:30.000,3,0.0,0.0,0
2020-07-02 23:31:30.000,1,0.0,0.0,0
2020-07-03 00:31:30.000,2,0.6,1.2,1
2020-07-03 01:16:30.000,5,6.2,1.8,2
2020-07-03 02:01:30.000,0,0.0,0.0,0
2020-07-03 03:01:30.000,0,0.0,0.0,0
2020-07-03 04:46:30.000,4,3.0,0.2,1
2020-07-03 05:46:30.000,10,9.4,0.2,1
2020-07-03 06:46:30.000,15,2.1,0.2,1
2020-07-03 07:01:30.000,17,0.0,0.0,0
2020-07-03 08:46:30.001,24,17.1,2.4,4
2020-07-03 09:01:30.000,26,7.5,1.6,2
2020-07-03 10:01:30.000,23,2.4,0.3,1
2020-07-03 11:01:30.000,21,0.0,0.0,0
2020-07-03 12:46:30.000,25,10.8,2.3,4
2020-07-03 13:01:30.000,27,13.1,1.9,4
2020-07-03 14:16:30.000,28,24.0,4.6,9
2020-07-03 15:01:30.000,29,17.0,2.7,5
2020-07-03 16:01:30.000,26,20.0,3.5,7
2020-07-03 17:01:30.000,18,6.4,0.5,2
2020-07-03 18:01:30.000,10,0.0,0.0,0
2020-07-03 19:01:30.000,6,0.0,0.0,0
2020-07-03 20:31:30.001,9,4.3,0.3,1
2020-07-03 21:01:30.000,8,0.0,0.0,0
2020-07-03 22:01:30.000,5,0.0,0.0,0
2020-07-03 23:01:30.000,2,0.0,0.0,0
2020-07-04 00:01:30.000,2,0.0,0.0,0
2020-07-04 01:01:30.000,1,0.0,0.0,0
2020-07-04 02:31:30.000,2,0.0,0.0,0
2020-07-04 03:01:30.000,1,0.0,0.0,0
2020-07-04 04:01:30.001,0,0.0,0.0,0
2020-07-04 05:46:30.000,3,0.0,0.0,0
2020-07-04 06:46:30.000,4,0.0,0.0,0
2020-07-04 07:46:30.000,8,0.0,0.0,0
2020-07-04 08:46:30.000,17,2.2,0.1,1
2020-07-04 09:46:30.001,22,1.9,0.2,1
2020-07-04 10:01:30.000,22,2.0,0.7,1
2020-07-04 11:01:30.001,18,2.1,0.1,1
2020-07-04 12:46:30.000,21,12.9,1.1,4
2020-07-04 13:01:30.000,23,4.1,0.6,1
2020-07-04 14:01:30.000,20,0.0,0.0,0
2020-07-04 15:01:30.000,18,0.0,0.0,0
2020-07-04 16:01:30.001,19,1.9,0.5,1
2020-07-04 17:01:30.001,15,0.0,0.0,0
2020-07-04 18:16:30.000,8,0.0,0.0,0
2020-07-04 19:01:30.000,6,0.0,0.0,0
2020-07-04 20:31:30.000,8,0.0,0.0,0
2020-07-04 21:16:30.000,8,0.0,0.0,0
2020-07-04 22:01:30.000,6,0.0,0.0,0
2020-07-04 23:01:30.000,4,0.0,0.0,0
2020-07-05 00:01:30.000,1,0.0,0.0,0
2020-07-05 01:01:30.000,0,0.0,0.0,0
2020-07-05 02:01:30.000,0,0.0,0.0,0
2020-07-05 03:01:30.000,0,0.0,0.0,0
2020-07-05 04:01:30.000,0,0.0,0.0,0
2020-07-05 05:01:30.000,0,0.0,0.0,0
2020-07-05 06:46:30.000,2,0.0,0.0,0
2020-07-05 07:16:30.001,4,0.0,0.0,0
2020-07-05 08:31:30.000,6,0.0,0.0,0
2020-07-05 09:46:30.000,9,0.0,0.0,0
2020-07-05 10:16:30.001,10,2.0,0.4,1
2020-07-05 11:01:30.000,8,0.0,0.0,0
2020-07-05 12:31:30.000,8,0.0,0.0,0
2020-07-05 13:16:30.000,9,0.0,0.0,0
2020-07-05 14:16:30.000,10,0.0,0.0,0
2020-07-05 15:31:30.000,10,0.0,0.0,0
2020-07-05 16:01:30.000,9,0.0,0.0,0
2020-07-05 17:01:30.000,8,0.0,0.0,0
2020-07-05 18:01:30.000,5,0.0,0.0,0
2020-07-05 19:01:30.000,4,0.0,0.0,0
2020-07-05 20:16:30.000,4,0.0,0.0,0
2020-07-05 21:01:30.000,4,5.8,0.2,1
2020-07-05 22:01:30.000,0,0.0,0.0,0
2020-07-05 23:46:30.000,1,0.0,0.0,0
2020-07-06 00:46:30.001,3,0.0,0.0,0
2020-07-06 01:46:30.000,4,0.0,0.0,0
2020-07-06 02:01:30.000,4,0.0,0.0,0
2020-07-06 03:16:30.000,1,0.0,0.0,0
2020-07-06 04:46:30.000,3,0.0,0.0,0
2020-07-06 05:46:30.000,11,0.0,0.0,0
2020-07-06 06:46:30.001,16,0.0,0.0,0
2020-07-06 07:16:30.000,17,6.3,1.1,2
2020-07-06 08:31:30.000,28,21.2,2.0,2
2020-07-06 09:01:30.000,30,22.9,2.3,2
2020-07-06 10:16:30.000,29,13.2,1.5,1
2020-07-06 11:46:30.000,26,18.4,2.2,2
2020-07-06 12:01:30.000,28,21.9,2.2,2
2020-07-06 13:46:30.000,26,14.2,1.6,4
2020-07-06 14:46:30.000,34,31.8,4.0,8
2020-07-06 15:01:30.000,33,24.2,4.3,5
2020-07-06 16:01:30.000,22,0.0,0.0,0
2020-07-06 17:01:30.000,11,2.7,0.4,1
2020-07-06 18:01:30.000,7,0.0,0.0,0
2020-07-06 19:16:30.000,7,0.0,0.0,0
2020-07-06 20:31:30.001,8,0.0,0.0,0
2020-07-06 21:01:30.000,7,0.0,0.0,0
2020-07-06 22:31:30.000,4,0.0,0.0,0
2020-07-06 23:01:30.000,2,0.0,0.0,0
2020-07-07 00:01:30.000,2,0.0,0.0,0
2020-07-07 01:01:30.000,2,0.8,2.0,1
2020-07-07 02:46:30.000,6,0.0,0.0,0
2020-07-07 03:01:30.001,4,0.0,0.0,0
2020-07-07 04:31:30.000,3,0.0,0.0,0
2020-07-07 05:46:30.000,11,0.0,0.0,0
2020-07-07 06:31:30.000,15,0.0,0.0,0
2020-07-07 07:01:00.000,17,0.0,0.0,0
2020-07-07 08:01:30.000,19,0.0,0.0,0
2020-07-07 08:46:30.000,20,0.0,0.0,0
2020-07-07 09:16:30.000,22,0.0,0.0,0
2020-07-07 10:01:30.000,24,0.0,0.0,0
2020-07-07 11:01:30.000,21,0.0,0.0,0
2020-07-07 12:31:30.000,22,0.0,0.0,0
2020-07-07 13:46:30.001,24,17.1,3.2,7
2020-07-07 14:31:30.000,32,41.9,6.4,12
2020-07-07 15:01:30.000,34,42.4,4.2,8
2020-07-07 16:01:30.000,26,16.9,2.9,5
2020-07-07 17:01:30.000,15,0.0,0.0,0
2020-07-07 18:01:30.000,8,0.0,0.0,0
2020-07-07 19:01:30.001,5,0.0,0.0,0
2020-07-07 20:46:30.000,6,0.0,0.0,0
2020-07-07 21:01:30.000,5,0.0,0.0,0
2020-07-07 22:01:30.000,3,0.0,0.0,0
2020-07-07 23:16:30.000,1,0.0,0.0,0
2020-07-08 00:46:30.000,6,0.0,0.0,0
2020-07-08 01:01:30.000,5,0.0,0.0,0
2020-07-08 02:31:30.000,4,0.0,0.0,0
2020-07-08 03:01:30.000,3,0.0,0.0,0
2020-07-08 04:46:30.000,2,0.0,0.0,0
2020-07-08 05:46:30.000,10,0.0,0.0,0
2020-07-08 06:46:30.001,18,0.0,0.0,0
2020-07-08 07:46:30.000,21,0.0,0.0,0
2020-07-08 08:46:30.000,23,1.1,0.2,1
2020-07-08 09:31:30.000,24,2.7,0.4,1
2020-07-08 10:16:30.000,24,0.0,0.0,0
2020-07-08 11:01:30.000,20,0.0,0.0,0
2020-07-08 12:46:30.000,21,3.7,0.4,1
2020-07-08 13:46:30.000,23,0.0,0.0,0
2020-07-08 14:46:30.000,29,33.0,4.4,8
2020-07-08 15:01:30.000,30,15.8,2.6,3
2020-07-08 16:01:30.000,23,4.4,1.1,2
2020-07-08 17:01:30.000,13,0.0,0.0,0
2020-07-08 18:01:30.001,8,0.0,0.0,0
2020-07-08 19:46:30.000,7,0.0,0.0,0
2020-07-08 20:46:30.000,7,0.0,0.0,0
2020-07-08 21:01:30.000,6,0.0,0.0,0
2020-07-08 22:01:30.000,3,0.0,0.0,0
2020-07-08 23:46:30.000,2,0.0,0.0,0
2020-07-09 00:16:30.000,4,0.0,0.0,0
2020-07-09 01:01:30.001,2,0.0,0.0,0
2020-07-09 02:16:30.000,3,0.0,0.0,0
2020-07-09 03:46:30.000,3,0.0,0.0,0
2020-07-09 04:46:30.001,4,0.0,0.0,0
2020-07-09 05:46:30.000,11,2.1,0.2,1
2020-07-09 06:46:30.000,19,4.8,1.0,2
2020-07-09 07:01:30.000,20,0.0,0.0,0
2020-07-09 08:46:30.000,21,4.5,0.6,1
2020-07-09 09:01:30.000,22,4.2,0.5,2
2020-07-09 10:16:30.000,23,0.0,0.0,0
2020-07-09 11:46:30.000,21,11.5,0.9,2
2020-07-09 12:31:30.001,25,4.2,0.5,2
2020-07-09 13:46:30.000,26,11.4,1.9,3
2020-07-09 14:46:30.000,31,32.7,4.1,8
2020-07-09 15:01:30.000,30,18.4,2.7,5
2020-07-09 16:01:30.000,24,6.2,1.4,2
2020-07-09 17:01:30.000,14,0.0,0.0,0
2020-07-09 18:01:30.000,8,0.0,0.0,0
2020-07-09 19:01:30.000,6,0.0,0.0,0
2020-07-09 20:46:30.000,5,0.0,0.0,0
2020-07-09 21:01:30.000,5,0.0,0.0,0
2020-07-09 22:01:30.000,3,0.0,0.0,0
2020-07-09 23:16:30.000,2,0.0,0.0,0
2020-07-10 00:01:30.000,1,0.0,0.0,0
2020-07-10 01:01:30.000,2,0.5,1.4,1
2020-07-10 02:01:30.000,2,0.0,0.0,0
2020-07-10 03:01:30.000,0,0.0,0.0,0
2020-07-10 04:46:30.000,3,0.0,0.0,0
2020-07-10 05:46:30.000,11,0.0,0.0,0
2020-07-10 06:46:30.000,16,0.0,0.0,0
2020-07-10 07:46:30.000,19,0.0,0.0,0
2020-07-10 08:01:30.000,19,0.0,0.0,0
2020-07-10 09:31:30.000,22,4.8,0.3,1
2020-07-10 10:31:30.000,22,3.3,0.1,1
2020-07-10 11:01:30.000,20,5.1,0.5,2
2020-07-10 12:01:30.000,22,5.4,0.6,2
2020-07-10 13:46:30.000,24,13.1,2.3,4
2020-07-10 14:46:30.000,31,32.6,6.8,10
2020-07-10 15:01:30.000,29,14.6,2.4,4
2020-07-10 16:01:30.000,22,12.2,1.6,5
2020-07-10 17:01:30.000,16,1.9,0.3,1
2020-07-10 18:01:30.000,9,0.0,0.0,0
2020-07-10 19:01:30.000,7,0.0,0.0,0
2020-07-10 20:46:30.000,11,7.6,0.3,1
2020-07-10 21:01:30.000,8,7.6,0.3,1
2020-07-10 22:01:30.000,3,0.0,0.0,0
2020-07-10 23:01:30.000,2,0.0,0.0,0
2020-07-11 00:31:30.000,1,0.0,0.0,0
2020-07-11 01:46:30.000,1,0.0,0.0,0
2020-07-11 02:01:30.000,2,0.0,0.0,0
2020-07-11 03:16:30.000,1,0.0,0.0,0
2020-07-11 04:01:30.000,0,0.0,0.0,0
2020-07-11 05:16:30.000,1,2.6,0.1,1
2020-07-11 06:31:30.000,4,0.0,0.0,0
2020-07-11 07:46:30.000,8,0.0,0.0,0
2020-07-11 08:46:30.000,14,0.0,0.0,0
2020-07-11 09:31:30.382,23,0.0,0.0,0
2020-07-11 10:01:30.000,22,3.0,0.2,1
2020-07-11 11:01:30.000,17,0.0,0.0,0
2020-07-11 12:31:30.000,20,0.0,0.0,0
2020-07-11 13:01:30.000,21,2.8,0.8,1
2020-07-11 14:31:30.000,21,0.0,0.0,0
2020-07-11 15:01:30.000,20,7.3,1.0,2
2020-07-11 16:16:30.000,20,11.3,1.2,3
2020-07-11 17:01:30.000,15,0.0,0.0,0
2020-07-11 18:01:30.000,9,2.8,0.3,1
2020-07-11 19:16:30.000,9,2.3,0.3,1
2020-07-11 20:16:30.000,10,4.1,0.2,1
2020-07-11 21:01:30.000,9,0.0,0.0,0
2020-07-11 22:01:30.001,5,0.0,0.0,0
2020-07-11 23:01:30.000,4,0.0,0.0,0
2020-07-12 00:01:30.000,2,0.0,0.0,0
2020-07-12 01:01:30.000,1,0.0,0.0,0
2020-07-12 02:01:30.000,0,0.0,0.0,0
2020-07-12 03:01:30.000,0,0.0,0.0,0
2020-07-12 04:01:30.000,0,0.0,0.0,0
2020-07-12 05:01:30.001,0,0.0,0.0,0
2020-07-12 06:31:30.001,4,5.6,0.4,1
2020-07-12 07:46:30.000,4,0.0,0.0,0
2020-07-12 08:31:30.000,7,0.0,0.0,0
2020-07-12 09:46:30.000,10,0.0,0.0,0
2020-07-12 10:16:30.000,12,0.0,0.0,0
2020-07-12 11:01:30.000,10,0.0,0.0,0
2020-07-12 12:46:30.000,10,0.0,0.0,0
2020-07-12 13:16:30.000,13,0.0,0.0,0
2020-07-12 14:46:30.000,14,0.0,0.0,0
2020-07-12 15:01:30.001,14,5.0,0.2,1
2020-07-12 16:16:30.000,13,0.0,0.0,0
2020-07-12 17:01:30.000,12,0.0,0.0,0
2020-07-12 18:31:30.000,8,0.0,0.0,0
2020-07-12 19:01:30.000,5,0.0,0.0,0
2020-07-12 20:31:30.000,4,0.0,0.0,0
2020-07-12 21:01:30.000,4,0.0,0.0,0
2020-07-12 22:46:30.000,3,0.0,0.0,0
2020-07-12 23:01:30.000,2,0.0,0.0,0
2020-07-13 00:46:30.000,5,0.0,0.0,0
2020-07-13 01:01:30.000,2,0.0,0.0,0
2020-07-13 02:01:30.001,1,0.0,0.0,0
2020-07-13 03:16:30.000,1,0.0,0.0,0
2020-07-13 04:46:30.000,1,0.0,0.0,0
2020-07-13 05:46:30.000,8,0.0,0.0,0
2020-07-13 06:46:30.000,15,1.4,0.6,1
2020-07-13 07:46:30.001,15,0.0,0.0,0
2020-07-13 08:46:30.000,17,0.0,0.0,0
2020-07-13 09:16:30.000,20,9.5,0.7,2
2020-07-13 10:16:30.001,20,2.1,0.4,1
2020-07-13 11:31:30.000,18,2.8,0.2,1
2020-07-13 12:46:30.001,23,5.2,0.8,2
2020-07-13 13:01:30.001,24,8.0,2.3,3
2020-07-13 14:46:30.000,31,17.1,2.8,5
2020-07-13 15:01:30.000,29,15.7,2.1,5
2020-07-13 16:01:30.001,23,2.5,0.5,1
2020-07-13 17:01:30.000,13,0.9,0.3,1
2020-07-13 18:01:30.000,7,0.0,0.0,0
2020-07-13 19:46:30.001,6,0.0,0.0,0
2020-07-13 20:31:30.000,7,0.0,0.0,0
2020-07-13 21:01:30.000,5,0.0,0.0,0
2020-07-13 22:01:30.001,2,0.0,0.0,0
2020-07-13 23:29:00.000,5,0.0,0.0,0
2020-07-14 00:46:30.000,3,0.0,0.0,0
2020-07-14 01:01:30.000,3,0.0,0.0,0
2020-07-14 02:31:30.000,3,0.6,1.2,1
2020-07-14 03:01:30.000,1,0.0,0.0,0
2020-07-14 04:46:30.000,2,0.0,0.0,0
2020-07-14 05:46:30.000,11,0.0,0.0,0
2020-07-14 06:46:30.000,15,0.0,0.0,0
2020-07-14 07:01:30.000,16,8.5,0.3,2
2020-07-14 08:01:30.000,18,3.8,0.7,1
2020-07-14 09:46:30.000,22,1.9,0.3,1
2020-07-14 10:16:30.001,23,7.0,0.7,2
2020-07-14 11:01:30.000,19,0.0,0.0,0
2020-07-14 12:31:30.001,23,4.0,0.5,1
2020-07-14 13:01:30.000,23,7.7,0.5,2
2020-07-14 14:31:30.000,30,12.9,2.5,5
2020-07-14 15:01:30.000,30,16.2,2.6,4
2020-07-14 16:01:30.000,20,0.0,0.0,0
2020-07-14 17:01:30.000,18,0.0,0.0,0
2020-07-14 18:01:30.000,9,3.4,0.3,1
2020-07-14 19:46:30.001,7,0.0,0.0,0
2020-07-14 20:01:30.000,6,0.0,0.0,0
2020-07-14 21:01:30.000,5,0.0,0.0,0
2020-07-14 22:31:30.001,2,0.0,0.0,0
2020-07-14 23:16:30.000,4,0.0,0.0,0
2020-07-15 00:46:30.000,3,0.0,0.0,0
2020-07-15 01:46:30.000,3,0.0,0.0,0
2020-07-15 02:01:30.000,2,0.0,0.0,0
2020-07-15 03:01:30.000,1,0.0,0.0,0
2020-07-15 04:46:30.000,3,0.7,1.2,1
2020-07-15 05:46:30.000,9,0.0,0.0,0
2020-07-15 06:46:30.000,13,0.0,0.0,0
2020-07-15 07:46:30.000,16,8.0,1.4,2
2020-07-15 08:01:30.001,18,6.3,0.9,1
2020-07-15 09:31:30.000,19,0.0,0.0,0
2020-07-15 10:01:30.000,21,2.2,0.4,1
2020-07-15 11:01:30.000,18,0.0,0.0,0
2020-07-15 12:46:30.000,21,7.9,1.3,3
2020-07-15 13:31:30.000,24,12.4,2.1,4
2020-07-15 14:46:30.000,28,33.7,5.4,9
2020-07-15 15:01:30.000,28,16.7,2.8,7
2020-07-15 16:01:30.000,22,2.1,0.8,1
2020-07-15 17:01:30.000,15,0.9,0.0,1
2020-07-15 18:01:30.000,7,0.0,0.0,0
2020-07-15 19:01:30.000,5,0.0,0.0,0
2020-07-15 20:16:30.000,6,0.0,0.0,0
2020-07-15 21:01:30.000,4,0.0,0.0,0
2020-07-15 22:01:30.000,2,0.0,0.0,0
2020-07-15 23:01:30.001,4,0.0,0.0,0
2020-07-16 00:31:30.000,4,0.0,0.0,0
2020-07-16 01:01:30.000,2,0.0,0.0,0
2020-07-16 02:16:30.000,2,0.0,0.0,0
2020-07-16 03:01:30.000,3,0.0,0.0,0
2020-07-16 04:46:30.000,3,2.6,0.4,1
2020-07-16 05:46:30.000,10,0.0,0.0,0
2020-07-16 06:46:30.000,15,2.6,0.4,1
2020-07-16 07:01:30.000,17,0.0,0.0,0
2020-07-16 08:46:30.000,19,3.4,0.3,1
2020-07-16 09:31:30.000,21,0.0,0.0,0
2020-07-16 10:16:30.001,23,2.5,0.3,1
2020-07-16 11:01:30.000,21,0.0,0.0,0
2020-07-16 12:01:30.000,20,0.0,0.0,0
2020-07-16 13:46:30.000,27,14.5,3.2,5
2020-07-16 14:16:30.000,29,15.9,3.3,6
2020-07-16 15:01:30.000,27,0.0,0.0,0
2020-07-16 16:01:30.001,21,2.0,0.3,1
2020-07-16 17:01:30.000,13,0.0,0.0,0
2020-07-16 18:01:30.000,7,0.0,0.0,0
2020-07-16 19:31:30.000,7,0.0,0.0,0
2020-07-16 20:01:30.000,7,0.0,0.0,0
2020-07-16 21:01:30.000,3,0.0,0.0,0
2020-07-16 22:01:30.000,3,0.0,0.0,0
2020-07-16 23:31:30.000,2,0.0,0.0,0
2020-07-17 00:01:30.000,0,0.0,0.0,0
2020-07-17 01:01:30.001,0,0.0,0.0,0
2020-07-17 02:01:30.000,0,0.0,0.0,0
2020-07-17 03:01:30.001,0,0.0,0.0,0
2020-07-17 04:46:30.000,2,0.0,0.0,0
2020-07-17 05:46:30.000,8,0.0,0.0,0
2020-07-17 06:46:30.000,13,0.0,0.0,0
2020-07-17 07:16:30.000,14,0.0,0.0,0
2020-07-17 08:01:30.001,14,0.0,0.0,0
2020-07-17 08:46:30.000,18,5.2,1.1,2
2020-07-17 09:31:30.000,20,0.0,0.0,0
2020-07-17 10:16:30.000,21,0.0,0.0,0
2020-07-17 11:01:30.001,18,2.7,0.2,1
2020-07-17 12:46:30.001,21,2.3,0.2,1
2020-07-17 13:46:30.001,23,12.3,2.3,4
2020-07-17 14:31:30.000,26,15.2,3.0,5
2020-07-17 15:01:30.000,28,24.1,4.2,8
2020-07-17 16:01:30.001,21,3.5,0.7,1
2020-07-17 17:01:30.000,13,0.0,0.0,0
2020-07-17 18:01:30.000,8,0.0,0.0,0
2020-07-17 19:46:30.000,6,0.0,0.0,0
2020-07-17 20:16:30.000,7,0.0,0.0,0
2020-07-17 21:01:30.000,6,0.0,0.0,0
2020-07-17 22:01:30.001,3,0.0,0.0,0
2020-07-17 23:16:30.000,3,0.0,0.0,0
2020-07-18 00:01:30.000,0,0.0,0.0,0
2020-07-18 01:46:30.000,2,0.0,0.0,0
2020-07-18 02:01:30.000,1,0.0,0.0,0
2020-07-18 03:01:30.000,0,0.0,0.0,0
2020-07-18 04:01:30.000,0,0.0,0.0,0
2020-07-18 05:31:30.000,1,0.0,0.0,0
2020-07-18 06:46:30.000,5,0.0,0.0,0
2020-07-18 07:46:30.001,9,0.0,0.0,0
2020-07-18 08:46:30.000,14,0.0,0.0,0
2020-07-18 09:46:30.000,19,0.0,0.0,0
2020-07-18 10:16:30.000,22,0.0,0.0,0
2020-07-18 11:01:30.000,17,2.6,0.1,1
2020-07-18 12:31:30.000,18,2.2,0.4,1
2020-07-18 13:31:30.000,19,0.0,0.0,0
2020-07-18 14:01:30.001,18,2.0,0.4,1
2020-07-18 15:16:30.000,17,4.3,1.0,2
2020-07-18 16:16:30.000,18,6.6,1.0,2
2020-07-18 17:01:30.001,15,2.1,0.3,1
2020-07-18 18:01:30.000,9,0.0,0.0,0
2020-07-18 19:01:30.140,8,0.0,0.0,0
2020-07-18 20:31:30.000,11,8.8,0.3,1
2020-07-18 21:01:30.000,10,0.0,0.0,0
2020-07-18 22:01:30.001,5,0.0,0.0,0
2020-07-18 23:31:30.001,2,0.0,0.0,0
2020-07-19 00:01:30.001,4,0.0,0.0,0
2020-07-19 01:31:30.001,1,0.0,0.0,0
2020-07-19 02:01:30.000,0,0.0,0.0,0
2020-07-19 03:01:30.000,0,0.0,0.0,0
2020-07-19 04:01:30.001,0,0.0,0.0,0
2020-07-19 05:01:30.000,0,0.0,0.0,0
2020-07-19 06:31:30.000,3,3.5,0.4,1
2020-07-19 07:46:30.000,4,0.0,0.0,0
2020-07-19 08:46:30.000,7,0.0,0.0,0
2020-07-19 09:46:30.000,11,2.7,0.3,1
2020-07-19 10:01:30.000,11,0.0,0.0,0
2020-07-19 11:01:30.001,9,0.0,0.0,0
2020-07-19 12:46:30.000,9,0.0,0.0,0
2020-07-19 13:46:30.000,12,1.9,0.1,1
2020-07-19 14:16:30.000,12,0.0,0.0,0
2020-07-19 15:16:30.000,12,0.0,0.0,0
2020-07-19 16:01:30.000,11,0.0,0.0,0
2020-07-19 17:01:30.000,10,0.0,0.0,0
2020-07-19 18:01:30.000,7,2.2,0.1,1
2020-07-19 19:01:30.000,6,0.0,0.0,0
2020-07-19 20:16:30.001,6,0.0,0.0,0
2020-07-19 21:01:30.000,4,0.0,0.0,0
2020-07-19 22:01:30.000,4,0.0,0.0,0
2020-07-19 23:01:30.000,2,0.0,0.0,0
2020-07-20 00:01:30.000,1,0.0,0.0,0
2020-07-20 01:16:30.000,1,0.0,0.0,0
2020-07-20 02:01:30.000,0,0.0,0.0,0
2020-07-20 03:31:30.000,2,0.0,0.0,0
2020-07-20 04:46:30.000,4,0.0,0.0,0
2020-07-20 05:46:30.000,7,0.0,0.0,0
2020-07-20 06:01:30.001,8,0.0,0.0,0
2020-07-20 07:46:30.001,11,0.0,0.0,0
2020-07-20 08:31:30.000,13,0.0,0.0,0
2020-07-20 09:01:30.000,15,0.0,0.0,0
2020-07-20 09:31:30.000,16,0.0,0.0,0
2020-07-20 10:16:30.000,18,0.0,0.0,0
2020-07-20 11:46:30.001,16,0.0,0.0,0
2020-07-20 12:46:30.000,19,0.0,0.0,0
2020-07-20 13:46:30.000,23,8.4,1.2,3
2020-07-20 14:46:30.000,26,11.9,2.4,3
2020-07-20 15:01:30.000,25,7.3,1.2,2
2020-07-20 16:01:30.000,18,0.0,0.0,0
2020-07-20 17:01:30.000,12,0.0,0.0,0
2020-07-20 18:01:30.000,7,0.0,0.0,0
2020-07-20 19:01:30.001,7,0.0,0.0,0
2020-07-20 20:01:30.000,6,0.0,0.0,0
2020-07-20 21:16:30.000,6,0.7,1.4,1
2020-07-20 22:01:30.000,3,0.0,0.0,0
2020-07-20 23:46:30.000,2,0.0,0.0,0
2020-07-21 00:01:30.000,1,0.0,0.0,0
2020-07-21 01:01:30.001,0,0.0,0.0,0
2020-07-21 02:01:30.000,0,0.0,0.0,0
2020-07-21 03:16:30.000,3,0.0,0.0,0
2020-07-21 04:01:30.001,2,0.0,0.0,0
2020-07-21 05:01:30.000,0,0.0,0.0,0
2020-07-21 06:01:30.000,1,0.0,0.0,0
2020-07-21 07:46:30.000,4,0.0,0.0,0
2020-07-21 08:46:30.000,8,0.0,0.0,0
2020-07-21 09:46:30.000,9,3.1,0.3,1
2020-07-21 10:16:30.000,10,0.0,0.0,0
2020-07-21 11:01:30.000,8,0.0,0.0,0
2020-07-21 12:16:30.000,10,2.5,0.3,1
2020-07-21 13:46:30.000,12,0.0,0.0,0
2020-07-21 14:16:30.000,13,0.0,0.0,0
2020-07-21 15:46:30.000,16,3.1,0.5,1
2020-07-21 16:01:30.000,15,2.3,0.5,1
2020-07-21 17:01:30.000,14,2.9,0.5,1
2020-07-21 18:01:30.000,7,0.0,0.0,0
2020-07-21 19:01:30.000,7,0.0,0.0,0
2020-07-21 20:01:30.001,5,0.0,0.0,0
2020-07-21 21:01:30.000,4,0.0,0.0,0
2020-07-21 22:01:30.000,2,0.0,0.0,0
2020-07-21 23:01:30.000,0,0.0,0.0,0
2020-07-22 00:31:30.000,1,0.9,1.6,1
2020-07-22 01:01:30.000,1,0.0,0.0,0
2020-07-22 02:46:30.000,2,0.0,0.0,0
2020-07-22 03:46:30.000,2,4.6,0.3,1
2020-07-22 04:31:30.000,2,0.0,0.0,0
2020-07-22 05:46:30.000,8,0.0,0.0,0
2020-07-22 06:16:30.003,11,0.0,0.0,0
2020-07-22 07:46:30.000,14,0.0,0.0,0
2020-07-22 08:46:30.001,18,0.0,0.0,0
2020-07-22 09:46:30.000,21,0.0,0.0,0
2020-07-22 10:01:30.000,22,4.1,0.5,2
2020-07-22 11:01:30.000,17,0.0,0.0,0
2020-07-22 12:46:30.000,21,9.5,0.9,2
2020-07-22 13:31:30.001,23,5.2,0.8,1
2020-07-22 14:31:30.001,24,6.2,1.1,2
2020-07-22 15:01:30.000,23,3.8,0.8,1
2020-07-22 16:01:30.001,20,0.0,0.0,0
2020-07-22 17:01:30.000,12,0.0,0.0,0
2020-07-22 18:01:30.000,9,0.0,0.0,0
2020-07-22 19:01:30.001,5,0.0,0.0,0
2020-07-22 20:31:30.000,4,0.0,0.0,0
2020-07-22 21:01:30.000,4,0.0,0.0,0
2020-07-22 22:01:30.000,3,0.0,0.0,0
2020-07-22 23:16:30.000,1,0.0,0.0,0
2020-07-23 00:46:30.000,1,0.0,0.0,0
2020-07-23 01:01:30.000,2,0.6,1.4,1
2020-07-23 02:31:30.000,3,0.0,0.0,0
2020-07-23 03:16:30.000,2,0.0,0.0,0
2020-07-23 04:46:30.000,3,0.0,0.0,0
2020-07-23 05:46:30.001,9,0.0,0.0,0
2020-07-23 06:46:30.000,13,0.0,0.0,0
2020-07-23 07:01:30.000,15,0.0,0.0,0
2020-07-23 08:46:30.000,19,4.8,0.4,2
2020-07-23 09:31:30.000,22,3.8,0.4,1
2020-07-23 10:31:30.000,23,3.9,0.4,1
2020-07-23 11:01:30.000,18,0.0,0.0,0
2020-07-23 12:01:30.000,22,9.7,1.4,3
2020-07-23 13:01:30.000,24,9.7,1.9,4
2020-07-23 14:46:30.000,27,10.5,1.8,4
2020-07-23 15:01:30.000,26,3.4,0.8,1
2020-07-23 16:01:30.000,24,6.5,1.3,2
2020-07-23 17:01:30.000,13,0.0,0.0,0
2020-07-23 18:01:30.000,8,0.0,0.0,0
2020-07-23 19:31:30.000,7,0.0,0.0,0
2020-07-23 20:31:30.000,7,0.0,0.0,0
2020-07-23 21:01:30.000,5,0.0,0.0,0
2020-07-23 22:01:30.000,2,0.0,0.0,0
2020-07-23 23:01:30.000,0,0.0,0.0,0
2020-07-24 00:01:30.000,1,0.0,0.0,0
2020-07-24 01:01:30.001,0,0.0,0.0,0
2020-07-24 02:01:30.001,0,0.0,0.0,0
2020-07-24 03:01:30.000,0,0.0,0.0,0
2020-07-24 04:46:30.000,2,0.0,0.0,0
2020-07-24 05:46:30.000,8,0.0,0.0,0
2020-07-24 06:46:30.001,12,0.0,0.0,0
2020-07-24 07:46:30.000,15,0.0,0.0,0
2020-07-24 08:46:30.000,18,2.4,0.2,1
2020-07-24 09:01:30.000,20,0.0,0.0,0
2020-07-24 10:01:30.000,21,0.0,0.0,0
2020-07-24 11:01:30.000,18,5.3,0.5,1
2020-07-24 12:46:30.000,20,0.0,0.0,0
2020-07-24 13:16:30.000,22,0.0,0.0,0
2020-07-24 14:01:30.000,22,4.3,0.6,2
2020-07-24 14:46:30.000,25,14.4,3.2,5
2020-07-24 15:16:30.000,28,9.5,1.5,3
2020-07-24 16:01:30.000,21,0.0,0.0,0
2020-07-24 17:01:30.000,13,4.8,0.8,1
2020-07-24 18:46:30.000,8,3.5,0.2,1
2020-07-24 19:01:30.000,7,3.5,0.2,1
2020-07-24 20:16:30.000,7,0.0,0.0,0
2020-07-24 21:01:30.001,5,0.0,0.0,0
2020-07-24 22:01:30.000,5,0.0,0.0,0
2020-07-24 23:01:30.000,2,0.0,0.0,0
2020-07-25 00:01:30.001,0,0.0,0.0,0
2020-07-25 01:31:30.000,2,0.0,0.0,0
2020-07-25 02:01:30.000,0,0.0,0.0,0
2020-07-25 03:01:30.000,0,0.0,0.0,0
2020-07-25 04:01:30.000,0,0.0,0.0,0
2020-07-25 05:01:30.000,1,0.0,0.0,0
2020-07-25 06:46:30.000,4,0.0,0.0,0
2020-07-25 07:46:30.001,8,0.0,0.0,0
2020-07-25 08:46:30.001,12,0.0,0.0,0
2020-07-25 09:31:30.000,17,0.0,0.0,0
2020-07-25 10:16:30.000,17,0.0,0.0,0
2020-07-25 11:01:30.000,14,0.0,0.0,0
2020-07-25 12:31:30.000,17,0.0,0.0,0
2020-07-25 13:01:30.000,17,3.0,0.3,1
2020-07-25 14:31:30.000,17,2.4,0.1,1
2020-07-25 15:01:30.000,16,7.4,0.2,1
2020-07-25 16:01:30.000,15,0.0,0.0,0
2020-07-25 17:01:30.001,12,0.0,0.0,0
2020-07-25 18:01:30.000,8,0.0,0.0,0
2020-07-25 19:01:30.000,7,0.0,0.0,0
2020-07-25 20:01:30.000,8,0.0,0.0,0
2020-07-25 21:01:30.000,7,0.0,0.0,0
2020-07-25 22:01:30.001,4,0.0,0.0,0
2020-07-25 23:46:30.000,5,0.0,0.0,0
2020-07-26 00:01:30.000,3,0.0,0.0,0
2020-07-26 01:01:30.000,5,0.0,0.0,0
2020-07-26 02:31:30.000,6,0.0,0.0,0
2020-07-26 03:01:30.000,5,0.0,0.0,0
2020-07-26 04:01:30.000,0,0.0,0.0,0
2020-07-26 05:01:30.000,0,0.0,0.0,0
2020-07-26 06:31:30.000,3,0.0,0.0,0
2020-07-26 07:46:30.000,4,0.0,0.0,0
2020-07-26 08:31:30.000,6,0.0,0.0,0
2020-07-26 09:16:30.000,8,0.0,0.0,0
2020-07-26 10:01:30.000,9,3.3,0.2,1
2020-07-26 11:01:30.001,8,0.0,0.0,0
2020-07-26 12:46:30.000,12,0.0,0.0,0
2020-07-26 13:01:30.000,12,0.0,0.0,0
2020-07-26 14:16:30.000,10,0.0,0.0,0
2020-07-26 15:46:30.001,10,0.0,0.0,0
2020-07-26 16:01:30.001,9,3.6,0.2,1
2020-07-26 17:01:30.000,8,0.0,0.0,0
2020-07-26 18:01:30.000,6,0.0,0.0,0
2020-07-26 19:01:30.000,5,0.0,0.0,0
2020-07-26 20:01:30.000,5,0.0,0.0,0
2020-07-26 21:01:30.001,4,0.0,0.0,0
2020-07-26 22:01:30.000,1,0.0,0.0,0
2020-07-26 23:31:30.000,2,0.0,0.0,0
2020-07-27 00:01:30.000,1,0.0,0.0,0
2020-07-27 01:01:30.000,2,0.0,0.0,0
2020-07-27 02:16:30.000,1,0.0,0.0,0
2020-07-27 03:01:30.000,0,0.0,0.0,0
2020-07-27 04:46:30.000,3,0.0,0.0,0
2020-07-27 05:46:30.000,8,2.9,0.2,1
2020-07-27 06:46:30.000,11,0.0,0.0,0
2020-07-27 07:46:30.000,14,3.1,0.2,1
2020-07-27 08:46:30.000,15,0.0,0.0,0
2020-07-27 09:01:30.000,17,3.4,0.4,1
2020-07-27 10:46:30.000,18,3.5,0.2,1
2020-07-27 11:01:30.000,15,3.5,0.2,1
2020-07-27 12:46:30.001,20,4.6,0.7,2
2020-07-27 13:01:30.000,20,3.1,0.3,1
2020-07-27 14:46:30.000,23,0.0,0.0,0
2020-07-27 15:01:30.000,22,4.5,1.3,2
2020-07-27 16:01:30.000,18,0.0,0.0,0
2020-07-27 17:01:30.000,10,0.0,0.0,0
2020-07-27 18:31:30.000,8,0.0,0.0,0
2020-07-27 19:01:30.000,7,0.0,0.0,0
2020-07-27 20:01:30.000,7,0.0,0.0,0
2020-07-27 21:31:30.001,5,0.0,0.0,0
2020-07-27 22:16:30.000,4,0.0,0.0,0
2020-07-27 23:01:30.000,2,0.0,0.0,0
2020-07-28 00:46:30.000,3,0.0,0.0,0
2020-07-28 01:46:30.000,4,0.0,0.0,0
2020-07-28 02:16:30.000,3,0.0,0.0,0
2020-07-28 03:16:30.000,2,0.0,0.0,0
2020-07-28 04:46:30.000,4,0.0,0.0,0
2020-07-28 05:46:30.000,10,0.0,0.0,0
2020-07-28 06:46:30.000,12,3.7,0.3,1
2020-07-28 07:46:30.000,16,0.0,0.0,0
2020-07-28 08:31:30.001,18,0.0,0.0,0
2020-07-28 09:16:30.000,25,17.5,1.5,4
2020-07-28 10:01:30.000,21,2.3,0.1,1
2020-07-28 11:01:30.000,18,0.0,0.0,0
2020-07-28 12:46:30.000,20,2.4,0.3,1
2020-07-28 13:46:30.001,22,9.1,1.0,2
2020-07-28 14:46:30.000,25,11.6,2.3,4
2020-07-28 15:01:30.000,25,7.2,1.4,3
2020-07-28 16:01:30.001,19,0.0,0.0,0
2020-07-28 17:01:30.001,13,0.0,0.0,0
2020-07-28 18:01:30.000,7,0.0,0.0,0
2020-07-28 19:01:30.000,6,0.0,0.0,0
2020-07-28 20:01:30.000,6,0.0,0.0,0
2020-07-28 21:01:30.001,6,0.0,0.0,0
2020-07-28 22:01:30.000,1,0.0,0.0,0
2020-07-28 23:01:30.000,1,0.0,0.0,0
2020-07-29 00:46:30.000,1,0.0,0.0,0
2020-07-29 01:01:30.000,0,0.0,0.0,0
2020-07-29 02:31:30.000,3,0.0,0.0,0
2020-07-29 03:16:30.000,3,0.0,0.0,0
2020-07-29 04:46:30.000,4,0.0,0.0,0
2020-07-29 05:46:30.000,8,0.0,0.0,0
2020-07-29 06:46:30.000,11,0.0,0.0,0
2020-07-29 07:46:30.000,13,0.0,0.0,0
2020-07-29 08:31:30.000,16,0.0,0.0,0
2020-07-29 09:46:30.000,20,2.4,0.4,1
2020-07-29 10:01:30.000,19,0.0,0.0,0
2020-07-29 11:01:30.000,17,0.0,0.0,0
2020-07-29 12:16:30.000,18,0.0,0.0,0
2020-07-29 13:46:30.000,21,5.6,0.6,2
2020-07-29 14:16:30.000,23,5.8,1.2,2
2020-07-29 15:01:30.000,23,15.1,2.8,5
2020-07-29 16:01:30.001,18,0.0,0.0,0
2020-07-29 17:01:30.001,13,0.0,0.0,0
2020-07-29 18:01:30.000,6,0.0,0.0,0
2020-07-29 19:01:30.000,6,0.0,0.0,0
2020-07-29 20:01:30.000,6,0.0,0.0,0
2020-07-29 21:01:30.000,4,0.0,0.0,0
2020-07-29 22:31:30.000,3,0.0,0.0,0
2020-07-29 23:16:30.000,2,0.0,0.0,0
2020-07-30 00:46:30.000,1,0.0,0.0,0
2020-07-30 01:46:30.001,2,0.6,1.8,1
2020-07-30 02:01:30.000,2,0.0,0.0,0
2020-07-30 03:31:30.000,2,0.0,0.0,0
2020-07-30 04:46:30.001,3,3.5,0.3,1
2020-07-30 05:46:30.000,9,0.0,0.0,0
2020-07-30 06:46:30.000,13,0.0,0.0,0
2020-07-30 07:16:30.000,14,4.5,0.2,1
2020-07-30 08:46:30.000,29,8.3,2.4,2
2020-07-30 09:31:30.000,57,15.1,6.0,4
2020-07-30 10:01:30.001,30,10.8,0.9,3
2020-07-30 11:01:30.000,18,0.0,0.0,0
2020-07-30 12:16:30.001,19,0.0,0.0,0
2020-07-30 13:16:30.001,20,0.0,0.0,0
2020-07-30 14:31:30.000,24,8.0,1.2,3
2020-07-30 15:01:30.000,22,12.8,1.4,3
2020-07-30 16:01:30.000,18,0.0,0.0,0
2020-07-30 17:01:30.001,12,0.0,0.0,0
2020-07-30 18:46:30.000,8,0.0,0.0,0
2020-07-30 19:01:30.000,6,0.0,0.0,0
2020-07-30 20:01:30.000,6,0.0,0.0,0
2020-07-30 21:01:30.000,5,2.7,0.2,1
2020-07-30 22:31:30.000,3,0.0,0.0,0
2020-07-30 23:01:30.000,0,0.0,0.0,0
2020-07-31 00:01:30.000,0,0.0,0.0,0
2020-07-31 01:31:30.000,2,0.0,0.0,0
2020-07-31 02:01:30.000,1,0.0,0.0,0
2020-07-31 03:01:30.000,0,0.0,0.0,0
2020-07-31 04:46:30.000,1,0.0,0.0,0
2020-07-31 05:46:30.001,7,0.0,0.0,0
2020-07-31 06:31:30.000,11,0.0,0.0,0
2020-07-31 07:31:30.000,13,0.0,0.0,0
2020-07-31 08:46:30.000,17,0.0,0.0,0
2020-07-31 09:31:30.000,19,6.5,0.6,2
2020-07-31 10:01:30.000,19,0.0,0.0,0
2020-07-31 11:01:30.000,14,0.0,0.0,0
2020-07-31 12:31:30.000,16,0.0,0.0,0
2020-07-31 13:01:30.000,16,0.0,0.0,0
2020-07-31 14:01:30.000,17,0.0,0.0,0
2020-07-31 15:01:30.000,18,3.9,0.5,2
2020-07-31 16:01:30.000,14,0.0,0.0,0
2020-07-31 17:01:30.000,12,0.0,0.0,0
2020-07-31 18:01:30.000,8,0.0,0.0,0
2020-07-31 19:01:30.000,6,0.0,0.0,0
2020-07-31 20:16:32.220,6,0.0,0.0,0
2020-07-31 21:01:30.000,6,0.0,0.0,0
2020-07-31 22:01:30.001,4,0.0,0.0,0
2020-07-31 23:01:30.000,1,0.0,0.0,0
2020-08-01 00:01:30.000,1,0.0,0.0,0
2020-08-01 01:16:30.000,2,0.0,0.0,0
2020-08-01 02:01:30.001,0,0.0,0.0,0
2020-08-01 03:01:30.000,0,0.0,0.0,0
2020-08-01 04:01:30.000,0,0.0,0.0,0
2020-08-01 05:46:30.000,3,0.0,0.0,0
2020-08-01 06:31:30.001,5,0.0,0.0,0
2020-08-01 07:46:30.000,10,0.0,0.0,0
2020-08-01 08:46:30.001,15,0.0,0.0,0
2020-08-01 09:46:30.001,19,0.0,0.0,0
2020-08-01 10:01:30.000,18,2.3,0.3,1
2020-08-01 11:01:30.001,14,0.0,0.0,0
2020-08-01 12:46:30.000,16,2.6,0.2,1
2020-08-01 13:46:30.000,17,0.0,0.0,0
2020-08-01 14:01:30.000,18,3.0,0.5,1
2020-08-01 15:01:30.000,15,0.0,0.0,0
2020-08-01 16:01:30.000,14,0.0,0.0,0
2020-08-01 17:01:30.000,13,0.0,0.0,0
2020-08-01 18:01:30.000,10,1.0,0.3,1
2020-08-01 19:01:30.000,8,0.0,0.0,0
2020-08-01 20:01:30.000,9,0.0,0.0,0
2020-08-01 21:01:30.000,7,0.0,0.0,0
2020-08-01 22:31:30.000,4,0.0,0.0,0
2020-08-01 23:01:30.000,2,0.0,0.0,0
2020-08-02 00:01:30.000,0,0.0,0.0,0
2020-08-02 01:46:30.000,1,0.0,0.0,0
2020-08-02 02:01:30.000,0,0.0,0.0,0
2020-08-02 03:01:30.000,0,0.0,0.0,0
2020-08-02 04:01:30.000,0,0.0,0.0,0
2020-08-02 05:16:30.000,1,0.0,0.0,0
2020-08-02 06:46:30.001,2,0.0,0.0,0
2020-08-02 07:46:30.000,6,0.0,0.0,0
2020-08-02 08:46:30.000,9,0.0,0.0,0
2020-08-02 09:46:30.000,13,1.2,1.4,1
2020-08-02 10:46:30.001,27,9.4,2.0,1
2020-08-02 11:31:30.000,54,14.4,2.7,1
2020-08-02 12:01:30.000,39,9.9,2.1,1
2020-08-02 13:46:30.000,18,0.5,1.1,1
2020-08-02 14:01:30.001,16,0.7,1.5,1
2020-08-02 15:01:30.000,14,0.5,1.1,1
2020-08-02 16:01:30.000,13,0.6,1.1,1
2020-08-02 17:01:30.001,12,0.6,1.1,1
2020-08-02 18:01:30.000,8,0.7,1.3,1
2020-08-02 19:46:30.000,9,0.6,1.4,1
2020-08-02 20:01:30.000,7,0.0,0.0,0
2020-08-02 21:01:30.000,6,0.0,0.0,0
2020-08-02 22:01:30.001,4,0.0,0.0,0
2020-08-02 23:16:30.000,5,0.6,1.0,1
2020-08-03 00:46:30.001,6,0.0,0.0,0
2020-08-03 01:46:30.001,7,0.0,0.0,0
2020-08-03 02:01:30.000,9,0.0,0.0,0
2020-08-03 03:01:30.000,8,0.0,0.0,0
2020-08-03 04:01:30.000,7,0.6,1.0,1
2020-08-03 05:46:30.000,13,3.3,1.8,2
2020-08-03 06:31:30.000,16,0.9,1.9,1
2020-08-03 07:01:30.000,17,3.4,1.2,2
2020-08-03 08:16:30.000,19,0.6,1.3,1
2020-08-03 09:01:30.000,22,8.6,2.2,3
2020-08-03 09:16:30.000,24,5.9,2.5,2
2020-08-03 10:16:30.000,23,0.9,1.9,1
2020-08-03 11:46:30.000,22,5.9,1.7,3
2020-08-03 12:46:30.000,26,19.0,1.3,3
2020-08-03 13:01:30.000,26,0.6,1.5,1
2020-08-03 14:31:30.000,40,51.1,6.4,12
2020-08-03 15:01:30.000,39,43.6,6.6,11
2020-08-03 16:01:30.000,32,20.3,2.7,4
2020-08-03 17:01:30.000,15,0.8,1.7,1
2020-08-03 18:01:30.000,10,0.0,0.0,0
2020-08-03 19:01:30.000,7,0.0,0.0,0
2020-08-03 20:01:30.000,8,0.0,0.0,0
2020-08-03 21:01:30.000,6,0.0,0.0,0
2020-08-03 22:46:30.000,5,2.7,0.4,1
2020-08-03 23:01:30.000,3,4.3,0.4,1
2020-08-04 00:46:30.000,5,0.0,0.0,0
2020-08-04 01:46:30.000,7,0.0,0.0,0
2020-08-04 02:01:30.001,8,0.0,0.0,0
2020-08-04 03:01:30.000,8,0.0,0.0,0
2020-08-04 04:46:30.000,7,0.0,0.0,0
2020-08-04 05:46:30.000,14,0.0,0.0,0
2020-08-04 06:46:30.000,17,2.3,0.1,1
2020-08-04 07:46:30.000,20,0.7,1.3,1
2020-08-04 08:01:30.000,22,1.1,2.3,1
2020-08-04 08:46:30.000,26,0.8,1.3,1
2020-08-04 09:46:30.000,29,2.6,0.5,1
2020-08-04 10:01:30.000,27,9.9,2.8,4
2020-08-04 11:01:30.000,23,3.1,0.3,1
2020-08-04 12:46:30.000,27,3.1,0.9,1
2020-08-04 13:46:30.000,30,19.6,2.4,5
2020-08-04 14:31:30.000,37,49.8,5.9,11
2020-08-04 15:01:30.001,39,38.2,4.1,9
2020-08-04 16:01:30.000,31,18.8,2.0,5
2020-08-04 17:01:30.000,17,0.0,0.0,0
2020-08-04 18:01:30.000,9,0.0,0.0,0
2020-08-04 19:01:30.000,7,0.0,0.0,0
2020-08-04 20:16:30.000,10,0.0,0.0,0
2020-08-04 21:01:30.000,7,0.0,0.0,0
2020-08-04 22:31:30.000,5,0.0,0.0,0
2020-08-04 23:46:30.000,5,0.0,0.0,0
2020-08-05 00:46:30.000,5,0.0,0.0,0
2020-08-05 01:01:30.000,7,0.0,0.0,0
2020-08-05 02:31:30.000,5,0.0,0.0,0
2020-08-05 03:01:30.000,5,0.0,0.0,0
2020-08-05 04:16:30.000,7,0.6,1.3,1
2020-08-05 05:46:30.000,13,0.0,0.0,0
2020-08-05 06:46:30.000,17,0.7,1.1,1
2020-08-05 07:46:30.000,19,4.1,2.4,2
2020-08-05 08:46:30.001,24,1.0,1.5,1
2020-08-05 09:16:30.000,29,10.7,2.3,4
2020-08-05 10:01:30.001,28,8.5,3.3,4
2020-08-05 11:01:30.000,22,5.3,0.6,2
2020-08-05 12:16:30.000,24,9.6,1.6,3
2020-08-05 13:46:30.000,27,10.2,2.4,3
2020-08-05 14:46:30.000,34,15.2,2.7,5
2020-08-05 15:01:30.000,31,13.7,2.1,5
2020-08-05 16:01:30.000,23,5.9,2.3,3
2020-08-05 17:01:30.000,15,0.0,0.0,0
2020-08-05 18:16:30.001,11,0.0,0.0,0
2020-08-05 19:16:30.000,10,0.0,0.0,0
2020-08-05 20:01:30.001,9,0.0,0.0,0
2020-08-05 21:16:30.000,8,0.0,0.0,0
2020-08-05 22:01:30.000,4,0.0,0.0,0
2020-08-05 23:01:30.000,2,0.0,0.0,0
2020-08-06 00:46:30.000,3,0.0,0.0,0
2020-08-06 01:46:30.000,5,0.0,0.0,0
2020-08-06 02:01:30.001,6,0.0,0.0,0
2020-08-06 03:46:30.000,7,1.7,0.2,1
2020-08-06 04:01:30.000,6,0.0,0.0,0
2020-08-06 05:46:30.000,13,0.0,0.0,0
2020-08-06 06:46:30.001,18,0.7,1.4,1
2020-08-06 07:31:30.000,20,0.0,0.0,0
2020-08-06 08:46:30.000,27,11.6,3.5,5
2020-08-06 09:01:30.001,27,6.6,2.1,3
2020-08-06 10:16:30.000,28,4.1,0.8,2
2020-08-06 11:01:30.000,23,0.0,0.0,0
2020-08-06 12:46:30.000,25,6.6,0.7,2
2020-08-06 13:46:30.000,27,10.7,1.8,4
2020-08-06 14:31:30.001,29,11.9,1.0,2
2020-08-06 15:16:30.000,29,12.2,2.6,4
2020-08-06 16:01:30.000,23,2.4,0.2,1
2020-08-06 17:01:30.000,15,0.0,0.0,0
2020-08-06 18:01:30.001,10,0.0,0.0,0
2020-08-06 19:01:30.000,8,0.0,0.0,0
2020-08-06 20:01:30.000,9,0.0,0.0,0
2020-08-06 21:01:30.000,9,0.0,0.0,0
2020-08-06 22:01:30.001,5,0.0,0.0,0
2020-08-06 23:01:30.000,3,0.0,0.0,0
2020-08-07 00:16:30.000,3,0.0,0.0,0
2020-08-07 01:16:30.001,5,0.0,0.0,0
2020-08-07 02:01:30.000,7,0.0,0.0,0
2020-08-07 03:01:30.000,5,0.0,0.0,0
2020-08-07 04:16:30.000,7,0.0,0.0,0
2020-08-07 05:46:30.000,12,0.8,1.7,1
2020-08-07 06:46:30.000,16,0.5,1.5,1
2020-08-07 07:46:30.000,21,0.9,2.3,1
2020-08-07 08:46:30.000,26,3.2,2.6,2
2020-08-07 09:46:30.000,32,7.1,3.5,3
2020-08-07 10:01:30.001,35,14.8,4.2,4
2020-08-07 11:01:30.001,22,3.8,1.5,2
2020-08-07 12:31:30.000,22,0.7,1.1,1
2020-08-07 13:46:30.000,35,8.8,4.1,2
2020-08-07 14:31:30.000,43,17.2,5.2,5
2020-08-07 15:01:30.000,43,21.2,6.8,6
2020-08-07 16:01:30.000,34,5.9,2.7,2
2020-08-07 17:01:30.000,18,0.0,0.0,0
2020-08-07 18:01:30.000,12,0.0,0.0,0
2020-08-07 19:31:30.000,10,0.0,0.0,0
2020-08-07 20:01:30.000,9,0.0,0.0,0
2020-08-07 21:01:30.001,8,0.0,0.0,0
2020-08-07 22:16:30.000,7,0.0,0.0,0
2020-08-07 23:16:30.000,5,0.0,0.0,0
2020-08-08 00:16:30.000,7,0.0,0.0,0
2020-08-08 01:01:30.001,8,0.0,0.0,0
2020-08-08 02:16:30.000,8,0.0,0.0,0
2020-08-08 03:01:30.000,7,0.0,0.0,0
2020-08-08 04:01:30.000,6,0.0,0.0,0
2020-08-08 05:16:30.000,5,0.0,0.0,0
2020-08-08 06:46:30.000,10,0.0,0.0,0
2020-08-08 07:46:30.000,16,0.9,1.4,1
2020-08-08 08:46:30.001,33,3.8,3.0,1
2020-08-08 09:16:30.000,39,4.9,4.5,1
2020-08-08 10:01:30.000,38,7.0,3.6,2
2020-08-08 11:01:30.000,18,0.5,0.8,1
2020-08-08 12:01:30.000,16,0.7,1.3,1
2020-08-08 13:31:30.000,16,0.0,0.0,0
2020-08-08 14:01:30.000,15,0.0,0.0,0
2020-08-08 15:01:30.000,14,0.0,0.0,0
2020-08-08 16:01:30.000,14,0.0,0.0,0
2020-08-08 17:01:30.000,12,0.0,0.0,0
2020-08-08 18:01:30.000,8,0.0,0.0,0
2020-08-08 19:16:30.000,10,6.9,0.7,2
2020-08-08 20:01:30.000,12,0.0,0.0,0
2020-08-08 21:01:30.000,9,0.0,0.0,0
2020-08-08 22:46:30.000,6,0.0,0.0,0
2020-08-08 23:01:30.000,8,0.0,0.0,0
2020-08-09 00:01:30.000,4,0.0,0.0,0
2020-08-09 01:01:30.000,4,0.0,0.0,0
2020-08-09 02:31:30.000,3,0.0,0.0,0
2020-08-09 03:46:30.000,6,0.0,0.0,0
2020-08-09 04:16:30.000,8,0.0,0.0,0
2020-08-09 05:31:30.000,6,0.0,0.0,0
2020-08-09 06:46:30.000,7,0.0,0.0,0
2020-08-09 07:46:30.000,10,0.9,2.8,1
2020-08-09 08:16:30.000,12,0.9,1.7,1
2020-08-09 09:31:30.000,15,4.7,1.9,2
2020-08-09 10:16:30.000,15,0.7,1.3,1
2020-08-09 11:01:30.000,12,4.9,1.7,2
2020-08-09 12:01:30.000,11,0.5,1.1,1
2020-08-09 13:01:30.000,11,0.5,0.9,1
2020-08-09 14:31:30.000,11,0.0,0.0,0
2020-08-09 15:16:30.000,12,0.5,0.9,1
2020-08-09 16:16:30.000,12,2.4,0.5,1
2020-08-09 17:01:30.000,12,0.7,1.7,1
2020-08-09 18:01:30.000,8,0.0,0.0,0
2020-08-09 19:31:30.000,9,0.0,0.0,0
2020-08-09 20:16:30.000,9,0.0,0.0,0
2020-08-09 21:01:30.000,7,0.0,0.0,0
2020-08-09 22:01:30.000,5,0.0,0.0,0
2020-08-09 23:01:30.000,5,0.0,0.0,0
2020-08-10 00:01:30.001,4,0.0,0.0,0
2020-08-10 01:46:30.000,6,0.0,0.0,0
2020-08-10 02:01:30.001,5,0.0,0.0,0
2020-08-10 03:01:30.000,5,0.0,0.0,0
2020-08-10 04:46:30.000,7,0.0,0.0,0
2020-08-10 05:01:30.000,7,0.0,0.0,0
2020-08-10 05:46:30.000,13,3.6,1.8,2
2020-08-10 06:46:30.000,15,0.0,0.0,0
2020-08-10 07:46:30.000,19,0.0,0.0,0
2020-08-10 08:46:30.000,24,7.7,2.0,2
2020-08-10 09:31:30.000,28,11.5,2.2,3
2020-08-10 10:46:30.000,28,14.6,3.1,3
2020-08-10 11:46:30.001,45,25.1,5.1,5
2020-08-10 12:16:30.000,50,21.1,4.0,3
2020-08-10 13:31:30.000,29,7.8,2.0,3
2020-08-10 14:31:30.001,32,15.4,3.4,5
2020-08-10 15:46:30.000,33,18.3,2.8,3
2020-08-10 16:01:30.000,38,7.4,3.1,2
2020-08-10 17:16:30.000,27,5.8,3.0,2
2020-08-10 18:01:30.000,19,1.6,1.4,1
2020-08-10 19:31:30.000,16,1.6,2.9,2
2020-08-10 20:01:30.000,16,1.3,2.3,2
2020-08-10 21:01:30.000,13,0.9,2.0,2
2020-08-10 22:01:30.000,14,0.6,1.5,1
2020-08-10 23:16:30.000,11,1.6,3.1,2
2020-08-11 00:01:30.000,11,0.0,0.0,0
2020-08-11 01:46:30.000,11,0.5,0.9,1
2020-08-11 02:31:30.000,17,0.7,1.3,1
2020-08-11 03:01:30.000,17,0.9,1.6,1
2020-08-11 04:46:30.001,25,7.2,3.4,2
2020-08-11 05:46:30.000,62,28.6,6.9,2
2020-08-11 06:46:30.001,84,39.0,10.5,4
2020-08-11 07:01:30.000,82,45.8,9.7,6
2020-08-11 08:01:30.000,69,35.8,8.2,2
2020-08-11 08:31:30.001,80,43.2,10.5,5
2020-08-11 09:31:30.000,84,38.3,9.7,6
2020-08-11 10:01:30.000,74,34.6,7.4,7
2020-08-11 11:01:30.001,58,37.0,6.5,6
2020-08-11 12:31:30.000,78,44.8,9.5,4
2020-08-11 13:31:30.000,78,97.5,12.1,7
2020-08-11 14:46:30.001,74,78.0,9.6,15
2020-08-11 15:31:30.001,83,73.7,9.6,14
2020-08-11 16:01:30.000,74,48.6,10.0,7
2020-08-11 17:01:30.000,41,13.4,3.5,2
2020-08-11 18:01:30.001,14,0.8,1.4,1
2020-08-11 19:31:30.001,14,0.8,1.3,1
2020-08-11 20:01:30.000,13,0.8,1.6,1
2020-08-11 21:46:30.000,10,0.6,0.9,1
2020-08-11 22:01:30.000,10,0.0,0.0,0
2020-08-11 23:16:30.000,10,0.0,0.0,0
2020-08-12 00:01:30.135,9,0.0,0.0,0
2020-08-12 01:01:30.000,9,0.0,0.0,0
2020-08-12 02:31:30.000,13,0.0,0.0,0
2020-08-12 03:16:30.000,12,0.0,0.0,0
2020-08-12 04:46:30.000,13,1.5,1.3,1
2020-08-12 05:46:30.000,28,6.8,2.4,2
2020-08-12 06:01:30.000,34,16.2,4.8,3
2020-08-12 06:46:30.001,48,14.7,4.6,2
2020-08-12 07:46:30.000,59,14.9,4.5,2
2020-08-12 08:46:30.000,64,28.7,5.5,5
2020-08-12 09:01:30.001,53,25.5,5.7,8
2020-08-12 10:01:30.000,32,13.3,1.2,3
2020-08-12 11:01:30.000,24,0.0,0.0,0
2020-08-12 12:46:30.000,28,8.9,0.9,2
2020-08-12 13:46:30.000,29,8.0,1.2,2
2020-08-12 14:16:30.000,29,6.5,1.1,2
2020-08-12 15:01:30.000,28,2.2,0.1,1
2020-08-12 16:01:30.000,23,0.0,0.0,0
2020-08-12 17:01:30.000,17,3.8,0.1,1
2020-08-12 18:01:30.000,12,0.0,0.0,0
2020-08-12 19:31:30.000,13,0.0,0.0,0
2020-08-12 20:01:30.000,13,0.0,0.0,0
2020-08-12 21:01:30.000,12,0.0,0.0,0
2020-08-12 22:16:30.001,8,0.0,0.0,0
2020-08-12 23:01:30.000,7,0.0,0.0,0
2020-08-13 00:31:30.000,7,0.0,0.0,0
2020-08-13 01:31:30.001,10,0.0,0.0,0
2020-08-13 02:31:30.000,13,0.0,0.0,0
2020-08-13 03:01:30.001,10,0.0,0.0,0
2020-08-13 04:31:30.000,12,0.0,0.0,0
2020-08-13 05:46:30.000,16,0.0,0.0,0
2020-08-13 06:46:30.000,22,9.1,2.0,3
2020-08-13 07:01:30.000,23,11.4,2.5,4
2020-08-13 07:31:30.001,25,5.0,1.6,2
2020-08-13 08:46:30.001,32,9.3,3.5,5
2020-08-13 09:01:30.000,33,12.1,3.3,5
2020-08-13 10:16:30.000,33,24.3,4.5,7
2020-08-13 11:01:30.000,29,10.8,4.3,4
2020-08-13 12:31:30.001,30,10.6,2.6,4
2020-08-13 13:46:30.000,59,67.5,8.1,11
2020-08-13 14:01:30.000,74,66.4,13.6,14
2020-08-13 15:01:30.001,47,31.5,5.0,9
2020-08-13 16:01:30.001,29,18.1,2.7,5
2020-08-13 17:01:30.000,20,0.0,0.0,0
2020-08-13 18:01:30.001,13,0.0,0.0,0
2020-08-13 19:01:30.000,13,0.0,0.0,0
2020-08-13 20:01:30.000,12,0.5,1.0,1
2020-08-13 21:01:30.000,10,0.0,0.0,0
2020-08-13 22:16:30.000,9,0.0,0.0,0
2020-08-13 23:01:30.000,9,0.0,0.0,0
2020-08-14 00:46:30.000,10,0.0,0.0,0
2020-08-14 01:16:30.000,11,0.0,0.0,0
2020-08-14 02:31:30.000,13,0.0,0.0,0
2020-08-14 03:01:30.000,11,0.0,0.0,0
2020-08-14 04:01:30.000,9,0.0,0.0,0
2020-08-14 05:46:30.000,16,4.8,3.2,3
2020-08-14 06:46:30.000,20,8.6,3.5,4
2020-08-14 07:46:30.000,24,9.9,2.1,4
2020-08-14 08:46:30.000,33,22.7,4.9,7
2020-08-14 09:31:30.000,52,29.5,7.8,7
2020-08-14 10:01:30.000,47,33.4,6.8,9
2020-08-14 11:01:30.000,32,17.5,4.2,6
2020-08-14 12:46:30.000,37,24.8,6.0,9
2020-08-14 13:46:30.000,53,49.2,10.0,14
2020-08-14 14:46:30.000,62,100.1,13.2,19
2020-08-14 15:01:30.000,60,103.0,12.8,16
2020-08-14 16:01:30.000,55,60.8,8.7,14
2020-08-14 17:01:30.000,42,15.1,5.0,4
2020-08-14 18:01:30.000,17,2.1,0.1,1
2020-08-14 19:46:30.000,14,0.0,0.0,0
2020-08-14 20:01:30.000,14,0.0,0.0,0
2020-08-14 21:01:30.000,12,0.0,0.0,0
2020-08-14 22:01:30.000,10,0.0,0.0,0
2020-08-14 23:01:30.001,6,0.0,0.0,0
2020-08-15 00:31:30.001,4,0.0,0.0,0
2020-08-15 01:01:30.000,3,0.0,0.0,0
2020-08-15 02:01:30.000,2,0.0,0.0,0
2020-08-15 03:01:30.000,0,0.0,0.0,0
2020-08-15 04:01:30.000,0,0.0,0.0,0
2020-08-15 05:01:30.001,1,0.0,0.0,0
2020-08-15 06:16:30.000,2,0.0,0.0,0
2020-08-15 07:46:30.000,5,0.0,0.0,0
2020-08-15 08:31:30.000,9,0.0,0.0,0
2020-08-15 09:31:30.000,14,9.8,0.8,3
2020-08-15 10:46:30.000,15,5.4,0.5,1
2020-08-15 11:01:30.000,14,2.7,0.2,1
2020-08-15 12:31:30.001,13,3.6,0.1,1
2020-08-15 13:46:00.000,16,4.9,0.3,2
2020-08-15 14:01:30.001,19,5.5,0.4,2
2020-08-15 15:01:30.000,15,0.0,0.0,0
2020-08-15 16:01:30.000,11,0.0,0.0,0
2020-08-15 17:01:30.000,13,2.6,0.1,1
2020-08-15 18:01:30.000,10,0.0,0.0,0
2020-08-15 19:46:30.000,9,0.0,0.0,0
2020-08-15 20:16:30.000,9,2.6,0.1,1
2020-08-15 21:01:30.001,7,2.9,0.2,1
2020-08-15 22:01:30.000,4,0.0,0.0,0
2020-08-15 23:01:30.000,4,0.0,0.0,0
2020-08-16 00:16:30.000,1,0.0,0.0,0
2020-08-16 01:16:30.000,2,0.0,0.0,0
2020-08-16 02:01:30.000,1,0.0,0.0,0
2020-08-16 03:31:30.000,2,0.0,0.0,0
2020-08-16 04:01:30.001,1,0.0,0.0,0
2020-08-16 05:46:30.000,2,0.0,0.0,0
2020-08-16 06:46:30.000,4,0.0,0.0,0
2020-08-16 07:46:30.000,5,0.0,0.0,0
2020-08-16 08:46:30.000,9,0.0,0.0,0
2020-08-16 09:01:30.000,10,0.0,0.0,0
2020-08-16 10:16:30.000,11,3.2,0.2,1
2020-08-16 11:01:30.000,9,0.0,0.0,0
2020-08-16 12:46:30.000,9,2.4,0.3,1
2020-08-16 13:31:30.000,12,0.0,0.0,0
2020-08-16 14:46:30.000,15,0.0,0.0,0
2020-08-16 15:31:30.000,19,2.4,0.2,1
2020-08-16 16:01:30.000,12,2.1,0.3,1
2020-08-16 17:01:30.000,8,0.0,0.0,0
2020-08-16 18:01:30.000,6,0.0,0.0,0
2020-08-16 19:01:30.000,6,0.0,0.0,0
2020-08-16 20:16:30.001,6,0.0,0.0,0
2020-08-16 21:01:30.000,4,0.0,0.0,0
2020-08-16 22:01:30.000,3,0.0,0.0,0
2020-08-16 23:16:30.001,2,0.0,0.0,0
2020-08-17 00:46:30.000,3,0.0,0.0,0
2020-08-17 01:01:30.000,3,0.0,0.0,0
2020-08-17 02:01:30.000,1,0.0,0.0,0
2020-08-17 03:16:30.000,3,0.0,0.0,0
2020-08-17 04:31:30.000,4,0.0,0.0,0
2020-08-17 05:46:30.001,9,0.0,0.0,0
2020-08-17 06:31:30.001,14,3.5,0.2,1
2020-08-17 07:46:30.000,17,4.6,0.2,1
2020-08-17 08:46:30.000,19,4.4,0.2,1
2020-08-17 09:46:30.000,24,18.4,1.7,4
2020-08-17 10:16:30.000,26,21.7,1.1,5
2020-08-17 11:01:30.000,21,5.0,0.4,2
2020-08-17 12:31:30.000,26,17.2,1.3,4
2020-08-17 13:46:30.001,31,46.4,4.2,9
2020-08-17 14:46:30.000,43,130.8,8.1,15
2020-08-17 15:31:30.000,45,153.0,9.7,23
2020-08-17 16:01:30.000,34,77.6,5.8,14
2020-08-17 17:01:30.000,22,18.2,0.7,2
2020-08-17 18:01:30.000,9,0.0,0.0,0
2020-08-17 19:01:30.000,7,0.0,0.0,0
2020-08-17 20:16:30.000,7,2.8,0.2,1
2020-08-17 21:01:30.000,4,0.0,0.0,0
2020-08-17 22:31:30.000,2,0.0,0.0,0
2020-08-17 23:31:30.000,3,0.0,0.0,0
2020-08-18 00:01:30.000,3,0.0,0.0,0
2020-08-18 01:31:30.000,5,0.5,1.4,1
2020-08-18 02:01:30.000,5,0.0,0.0,0
2020-08-18 03:46:30.000,4,0.0,0.0,0
2020-08-18 04:46:30.000,4,0.0,0.0,0
2020-08-18 05:46:30.000,12,2.6,0.2,1
2020-08-18 06:46:30.000,17,14.5,1.1,3
2020-08-18 07:01:30.000,19,7.8,0.4,2
2020-08-18 08:46:30.000,23,2.8,0.2,1
2020-08-18 09:31:30.000,28,15.8,1.6,4
2020-08-18 10:31:30.001,28,11.8,0.8,3
2020-08-18 11:01:30.000,25,7.3,0.5,2
2020-08-18 12:31:30.000,27,8.2,0.7,3
2020-08-18 13:46:30.000,34,43.8,3.2,9
2020-08-18 14:31:30.000,39,81.1,6.8,16
2020-08-18 15:31:30.001,39,86.0,5.6,13
2020-08-18 16:01:30.000,32,60.7,4.5,12
2020-08-18 17:01:30.000,22,15.1,1.6,4
2020-08-18 18:01:30.000,9,0.0,0.0,0
2020-08-18 19:16:30.000,8,0.0,0.0,0
2020-08-18 20:01:30.001,7,0.0,0.0,0
2020-08-18 21:01:30.000,5,0.0,0.0,0
2020-08-18 22:01:30.000,3,0.0,0.0,0
2020-08-18 23:16:30.000,3,0.0,0.0,0
2020-08-19 00:01:30.000,2,0.0,0.0,0
2020-08-19 01:01:30.001,2,0.0,0.0,0
2020-08-19 02:31:30.001,2,0.0,0.0,0
2020-08-19 03:01:30.000,3,0.5,1.3,1
2020-08-19 04:46:30.000,5,0.0,0.0,0
2020-08-19 05:01:30.001,6,0.0,0.0,0
2020-08-19 05:46:30.001,10,0.0,0.0,0
2020-08-19 06:01:30.000,12,2.9,0.2,1
2020-08-19 06:46:30.000,15,5.6,0.4,2
2020-08-19 07:16:30.000,17,11.8,0.7,3
2020-08-19 08:46:30.000,22,9.1,0.8,3
2020-08-19 09:16:30.000,23,3.7,0.3,1
2020-08-19 10:16:30.000,22,3.0,0.5,1
2020-08-19 11:01:30.000,20,0.0,0.0,0
2020-08-19 12:46:30.001,23,17.0,3.8,6
2020-08-19 13:46:30.000,26,12.3,2.3,4
2020-08-19 14:31:30.000,32,30.3,3.5,9
2020-08-19 15:01:30.000,29,24.3,2.8,6
2020-08-19 16:01:30.000,24,7.0,1.3,2
2020-08-19 17:01:30.000,14,0.0,0.0,0
2020-08-19 18:01:30.000,8,0.0,0.0,0
2020-08-19 19:46:30.000,10,0.0,0.0,0
2020-08-19 20:16:30.000,11,0.0,0.0,0
2020-08-19 21:01:30.000,7,0.0,0.0,0
2020-08-19 22:31:30.000,4,0.0,0.0,0
2020-08-19 23:01:30.000,3,0.0,0.0,0
2020-08-20 00:46:30.000,4,0.0,0.0,0
2020-08-20 01:01:30.000,4,0.0,0.0,0
2020-08-20 02:16:30.000,4,0.0,0.0,0
2020-08-20 03:31:30.000,6,2.8,0.2,1
2020-08-20 04:46:30.000,5,0.0,0.0,0
2020-08-20 05:46:30.000,10,0.0,0.0,0
2020-08-20 06:01:30.000,11,0.0,0.0,0
2020-08-20 06:46:30.000,15,0.0,0.0,0
2020-08-20 07:46:30.000,22,20.8,1.5,1
2020-08-20 08:46:30.000,29,35.5,3.6,5
2020-08-20 09:16:30.000,33,35.2,2.8,6
2020-08-20 10:31:30.000,32,36.2,4.6,7
2020-08-20 11:01:30.001,28,23.6,2.6,3
2020-08-20 12:16:30.001,28,24.9,2.6,3
2020-08-20 13:31:30.000,30,18.2,2.9,5
2020-08-20 14:16:30.000,30,18.2,2.2,4
2020-08-20 15:01:30.000,27,15.9,2.9,7
2020-08-20 16:16:30.000,24,5.9,2.8,2
2020-08-20 17:01:30.000,14,0.0,0.0,0
2020-08-20 18:01:30.000,10,0.0,0.0,0
2020-08-20 19:16:30.000,9,0.0,0.0,0
2020-08-20 20:01:30.000,6,0.0,0.0,0
2020-08-20 21:01:30.000,4,0.0,0.0,0
2020-08-20 22:01:30.001,1,0.0,0.0,0
2020-08-20 23:01:30.000,0,0.0,0.0,0
2020-08-21 00:01:30.001,0,0.0,0.0,0
2020-08-21 01:01:30.001,0,0.0,0.0,0
2020-08-21 02:01:30.000,0,0.0,0.0,0
2020-08-21 03:46:30.000,2,0.0,0.0,0
2020-08-21 04:46:30.000,7,2.4,0.2,1
2020-08-21 05:46:30.000,14,3.4,0.2,1
2020-08-21 06:46:30.000,19,11.6,1.6,1
2020-08-21 07:01:30.000,20,11.8,1.5,1
2020-08-21 08:16:30.000,20,6.3,0.5,1
2020-08-21 09:46:30.000,42,16.8,2.1,3
2020-08-21 10:01:30.000,40,16.4,3.4,4
2020-08-21 11:01:30.000,22,6.7,0.5,1
2020-08-21 12:46:30.000,30,30.2,4.5,6
2020-08-21 13:01:30.000,30,22.4,2.8,3
2020-08-21 14:31:30.000,33,35.2,5.8,9
2020-08-21 15:01:30.000,29,23.7,3.3,4
2020-08-21 16:01:30.000,22,6.1,1.2,2
2020-08-21 17:01:30.000,15,0.0,0.0,0
2020-08-21 18:01:30.000,11,0.0,0.0,0
2020-08-21 19:01:30.000,8,0.0,0.0,0
2020-08-21 20:01:30.000,7,0.0,0.0,0
2020-08-21 21:31:30.000,6,0.0,0.0,0
2020-08-21 22:01:30.000,4,0.0,0.0,0
2020-08-21 23:01:30.000,2,0.0,0.0,0
2020-08-22 00:01:30.000,1,0.0,0.0,0
2020-08-22 01:31:30.000,3,0.0,0.0,0
2020-08-22 02:31:30.000,1,0.0,0.0,0
2020-08-22 03:01:30.000,0,0.0,0.0,0
2020-08-22 04:01:30.001,0,0.0,0.0,0
2020-08-22 05:46:30.000,2,0.0,0.0,0
2020-08-22 06:46:30.000,6,4.3,0.3,1
2020-08-22 07:46:30.000,9,0.0,0.0,0
2020-08-22 08:46:30.000,16,2.4,0.3,1
2020-08-22 09:46:30.000,20,0.0,0.0,0
2020-08-22 10:01:30.000,22,0.0,0.0,0
2020-08-22 11:01:30.000,18,0.0,0.0,0
2020-08-22 12:46:30.000,20,5.2,0.8,1
2020-08-22 13:01:30.000,23,8.9,1.7,4
2020-08-22 14:01:30.000,21,5.5,1.0,3
2020-08-22 15:01:30.188,21,0.0,0.0,0
2020-08-22 16:31:30.000,19,6.6,1.1,2
2020-08-22 17:01:30.001,15,0.0,0.0,0
2020-08-22 18:01:30.000,9,0.0,0.0,0
2020-08-22 19:31:30.001,10,0.0,0.0,0
2020-08-22 20:01:30.001,8,0.0,0.0,0
2020-08-22 21:01:30.001,4,0.0,0.0,0
2020-08-22 22:01:30.000,3,0.0,0.0,0
2020-08-22 23:01:30.000,2,0.0,0.0,0
2020-08-23 00:31:30.000,2,0.0,0.0,0
2020-08-23 01:01:30.000,0,0.0,0.0,0
2020-08-23 02:01:30.000,0,0.0,0.0,0
2020-08-23 03:01:30.000,0,0.0,0.0,0
2020-08-23 04:31:30.000,1,0.0,0.0,0
2020-08-23 05:01:30.001,0,0.0,0.0,0
2020-08-23 06:31:30.001,4,8.0,0.5,2
2020-08-23 07:31:30.000,4,0.0,0.0,0
2020-08-23 08:46:30.000,7,0.0,0.0,0
2020-08-23 09:01:30.000,8,0.0,0.0,0
2020-08-23 10:01:30.000,10,0.0,0.0,0
2020-08-23 11:16:30.000,10,0.0,0.0,0
2020-08-23 12:46:30.000,10,0.0,0.0,0
2020-08-23 13:01:30.000,10,0.8,0.0,1
2020-08-23 14:16:30.001,10,0.0,0.0,0
2020-08-23 15:16:30.000,11,0.0,0.0,0
2020-08-23 16:01:30.000,10,0.0,0.0,0
2020-08-23 17:01:30.000,8,3.1,0.3,1
2020-08-23 18:01:30.000,6,0.0,0.0,0
2020-08-23 19:01:30.000,4,0.0,0.0,0
2020-08-23 20:01:30.000,3,0.0,0.0,0
2020-08-23 21:01:30.000,2,0.0,0.0,0
2020-08-23 22:01:30.000,0,0.0,0.0,0
2020-08-23 23:01:30.000,0,0.0,0.0,0
2020-08-24 00:01:30.000,0,0.0,0.0,0
2020-08-24 01:31:30.001,2,0.0,0.0,0
2020-08-24 02:16:30.000,5,0.0,0.0,0
2020-08-24 03:01:30.000,1,0.0,0.0,0
2020-08-24 04:46:30.000,4,0.0,0.0,0
2020-08-24 05:46:30.000,11,0.0,0.0,0
2020-08-24 06:46:30.000,14,0.0,0.0,0
2020-08-24 07:31:30.000,17,12.5,1.0,1
2020-08-24 08:31:30.001,24,18.3,1.5,1
2020-08-24 09:46:30.000,28,17.1,1.7,2
2020-08-24 10:01:30.000,24,15.8,1.5,2
2020-08-24 11:31:30.000,24,19.3,2.0,2
2020-08-24 12:46:30.000,28,24.4,2.1,3
2020-08-24 13:01:30.000,31,16.7,1.4,1
2020-08-24 14:16:30.000,36,36.8,5.2,9
2020-08-24 15:01:30.000,32,18.2,3.1,8
2020-08-24 16:01:30.000,22,9.4,0.9,4
2020-08-24 17:16:30.000,16,4.5,0.2,1
2020-08-24 18:01:30.000,11,0.0,0.0,0
2020-08-24 19:01:30.000,9,3.4,0.4,1
2020-08-24 20:01:30.000,7,0.0,0.0,0
2020-08-24 21:01:30.000,5,0.0,0.0,0
2020-08-24 22:01:30.000,4,0.0,0.0,0
2020-08-24 23:01:30.000,0,0.0,0.0,0
2020-08-25 00:31:30.000,3,0.0,0.0,0
2020-08-25 01:46:30.001,8,0.6,1.5,1
2020-08-25 02:01:30.000,10,0.0,0.0,0
2020-08-25 03:01:30.000,6,0.0,0.0,0
2020-08-25 04:16:30.000,3,0.0,0.0,0
2020-08-25 04:31:30.001,4,0.7,1.5,1
2020-08-25 05:46:30.001,14,2.4,0.3,1
2020-08-25 06:46:30.000,21,12.8,1.4,4
2020-08-25 07:16:30.000,23,19.0,1.3,4
2020-08-25 08:46:30.000,31,34.4,3.0,7
2020-08-25 09:01:30.000,30,27.8,2.4,5
2020-08-25 10:01:30.000,28,16.8,1.7,4
2020-08-25 11:46:30.000,25,18.4,1.8,4
2020-08-25 12:16:30.000,26,3.2,1.0,1
2020-08-25 13:31:30.000,29,19.6,3.1,5
2020-08-25 14:46:30.001,38,34.1,5.3,11
2020-08-25 15:01:30.000,38,35.2,6.1,13
2020-08-25 16:01:30.000,26,7.4,0.7,1
2020-08-25 17:01:30.000,13,0.0,0.0,0
2020-08-25 18:01:30.000,8,0.0,0.0,0
2020-08-25 19:16:30.000,11,0.0,0.0,0
2020-08-25 20:01:30.000,10,0.0,0.0,0
2020-08-25 21:01:30.000,7,0.0,0.0,0
2020-08-25 22:01:30.000,5,0.0,0.0,0
2020-08-25 23:01:30.000,1,0.0,0.0,0
2020-08-26 00:46:30.000,3,0.0,0.0,0
2020-08-26 01:46:30.000,5,0.0,0.0,0
2020-08-26 02:01:30.000,5,0.0,0.0,0
2020-08-26 03:01:30.000,4,0.0,0.0,0
2020-08-26 04:01:30.000,2,0.0,0.0,0
2020-08-26 04:46:30.000,3,0.0,0.0,0
2020-08-26 05:46:30.000,10,0.0,0.0,0
2020-08-26 06:46:30.001,16,0.0,0.0,0
2020-08-26 07:01:30.000,19,2.6,0.2,1
2020-08-26 08:46:30.000,23,2.5,0.2,1
2020-08-26 09:01:30.001,25,3.4,0.3,1
2020-08-26 10:16:30.000,24,7.4,0.8,3
2020-08-26 11:01:30.000,21,0.0,0.0,0
2020-08-26 12:31:30.000,24,2.2,0.6,1
2020-08-26 13:46:30.001,27,9.6,1.2,2
2020-08-26 14:46:30.000,32,22.7,3.0,6
2020-08-26 15:01:30.000,30,21.3,4.2,7
2020-08-26 16:01:30.001,24,12.1,2.5,4
2020-08-26 17:01:30.000,15,0.0,0.0,0
2020-08-26 18:01:30.000,8,0.0,0.0,0
2020-08-26 19:01:30.000,7,0.0,0.0,0
2020-08-26 20:01:30.000,6,0.0,0.0,0
2020-08-26 21:01:30.000,5,0.0,0.0,0
2020-08-26 22:01:30.000,1,0.0,0.0,0
2020-08-26 23:01:30.000,0,0.0,0.0,0
2020-08-27 00:01:30.000,0,0.0,0.0,0
2020-08-27 01:31:30.000,2,0.0,0.0,0
2020-08-27 02:46:30.000,3,0.0,0.0,0
2020-08-27 03:01:30.000,2,0.0,0.0,0
2020-08-27 04:46:30.000,4,0.0,0.0,0
2020-08-27 05:46:30.001,12,1.2,0.6,1
2020-08-27 06:46:30.001,17,0.0,0.0,0
2020-08-27 07:46:30.001,21,6.1,0.9,2
2020-08-27 08:46:30.000,28,12.3,1.4,3
2020-08-27 09:01:30.000,30,10.6,1.7,2
2020-08-27 10:16:30.000,29,20.3,1.8,5
2020-08-27 11:01:30.000,26,9.5,1.0,2
2020-08-27 12:46:30.000,32,23.3,3.1,6
2020-08-27 13:01:30.000,32,22.8,2.6,6
2020-08-27 14:46:30.000,39,52.1,4.8,11
2020-08-27 15:01:00.000,38,45.8,5.6,13
2020-08-27 16:01:30.000,30,20.7,2.5,6
2020-08-27 17:01:30.000,19,7.6,0.6,2
2020-08-27 18:16:30.000,10,0.0,0.0,0
2020-08-27 19:01:30.000,8,0.0,0.0,0
2020-08-27 20:01:30.000,9,0.0,0.0,0
2020-08-27 21:01:30.000,5,0.0,0.0,0
2020-08-27 22:01:30.000,3,0.0,0.0,0
2020-08-27 23:01:30.000,2,0.0,0.0,0
2020-08-28 00:46:30.000,2,0.0,0.0,0
2020-08-28 01:01:30.000,3,0.0,0.0,0
2020-08-28 02:01:30.000,5,0.0,0.0,0
2020-08-28 03:46:30.001,2,0.0,0.0,0
2020-08-28 04:46:30.000,5,0.0,0.0,0
2020-08-28 05:46:30.001,12,0.0,0.0,0
2020-08-28 06:46:30.000,19,2.1,0.2,1
2020-08-28 07:01:30.000,23,14.9,2.1,3
2020-08-28 08:31:30.001,26,14.0,1.4,4
2020-08-28 09:31:30.000,31,25.6,3.2,6
2020-08-28 10:16:30.000,32,39.6,4.0,9
2020-08-28 11:01:30.001,26,8.4,0.9,2
2020-08-28 12:16:30.000,30,18.5,2.9,5
2020-08-28 13:46:30.000,33,19.8,2.7,4
2020-08-28 14:46:30.000,38,48.6,6.8,11
2020-08-28 15:01:30.000,39,46.0,5.8,9
2020-08-28 16:01:30.000,31,20.4,3.0,5
2020-08-28 17:01:30.000,18,0.0,0.0,0
2020-08-28 18:16:30.000,11,0.0,0.0,0
2020-08-28 19:16:30.000,13,0.0,0.0,0
2020-08-28 20:01:30.000,8,2.6,0.2,1
2020-08-28 21:01:30.000,8,0.0,0.0,0
2020-08-28 22:01:30.000,4,0.0,0.0,0
2020-08-28 23:01:30.000,2,0.0,0.0,0
2020-08-29 00:01:30.001,2,0.0,0.0,0
2020-08-29 01:31:30.000,1,0.0,0.0,0
2020-08-29 02:31:30.001,1,0.0,0.0,0
2020-08-29 03:01:30.001,1,0.0,0.0,0
2020-08-29 04:01:30.000,1,0.0,0.0,0
2020-08-29 05:31:30.000,1,0.0,0.0,0
2020-08-29 06:46:30.000,4,0.0,0.0,0
2020-08-29 07:01:30.000,5,0.0,0.0,0
2020-08-29 07:46:30.000,10,0.0,0.0,0
2020-08-29 08:46:30.000,19,0.0,0.0,0
2020-08-29 09:46:30.000,24,1.8,0.3,1
2020-08-29 10:01:30.000,24,2.8,0.2,1
2020-08-29 11:01:30.000,21,0.0,0.0,0
2020-08-29 12:46:30.000,25,8.2,1.6,3
2020-08-29 13:16:30.001,28,5.3,1.4,2
2020-08-29 14:01:30.000,29,11.2,1.7,4
2020-08-29 15:01:30.000,25,0.0,0.0,0
2020-08-29 16:01:30.000,19,0.0,0.0,0
2020-08-29 17:01:30.000,16,4.3,0.1,1
2020-08-29 18:01:30.000,10,0.0,0.0,0
2020-08-29 19:01:30.000,10,2.7,0.4,1
2020-08-29 20:16:30.000,8,0.0,0.0,0
2020-08-29 21:01:30.000,7,0.0,0.0,0
2020-08-29 22:01:30.000,4,0.0,0.0,0
2020-08-29 23:01:30.000,2,0.0,0.0,0
2020-08-30 00:01:30.000,2,0.0,0.0,0
2020-08-30 01:01:30.000,1,0.0,0.0,0
2020-08-30 02:01:30.000,0,0.0,0.0,0
2020-08-30 03:01:30.000,0,0.0,0.0,0
2020-08-30 04:01:30.000,0,0.0,0.0,0
2020-08-30 05:46:30.000,2,0.0,0.0,0
2020-08-30 06:01:30.000,2,0.0,0.0,0
2020-08-30 06:46:30.000,3,0.0,0.0,0
2020-08-30 07:46:30.001,4,0.0,0.0,0
2020-08-30 08:16:30.000,7,0.0,0.0,0
2020-08-30 09:31:30.000,10,0.0,0.0,0
2020-08-30 10:01:30.000,12,0.0,0.0,0
2020-08-30 11:01:30.000,9,0.0,0.0,0
2020-08-30 12:46:30.000,11,0.0,0.0,0
2020-08-30 13:46:30.000,12,0.0,0.0,0
2020-08-30 14:01:30.000,11,0.0,0.0,0
2020-08-30 15:31:30.000,12,2.3,0.6,1
2020-08-30 16:01:30.000,12,0.0,0.0,0
2020-08-30 17:16:30.000,14,0.0,0.0,0
2020-08-30 18:01:30.001,8,0.0,0.0,0
2020-08-30 19:01:30.000,9,0.0,0.0,0
2020-08-30 20:01:30.000,5,0.0,0.0,0
2020-08-30 21:01:30.001,5,0.0,0.0,0
2020-08-30 22:01:30.000,3,0.0,0.0,0
2020-08-30 23:01:30.000,2,0.0,0.0,0
2020-08-31 00:31:30.000,2,0.0,0.0,0
2020-08-31 01:16:30.000,3,0.0,0.0,0
2020-08-31 02:01:30.000,2,0.0,0.0,0
2020-08-31 03:16:30.001,1,0.0,0.0,0
2020-08-31 04:46:30.000,5,0.0,0.0,0
2020-08-31 05:46:30.000,12,2.1,0.3,1
2020-08-31 06:01:30.000,13,2.2,0.3,1
2020-08-31 06:31:30.000,14,0.0,0.0,0
2020-08-31 06:46:30.000,16,3.6,0.1,1
2020-08-31 07:46:30.000,18,3.2,0.7,1
2020-08-31 08:46:30.000,22,5.8,0.8,2
2020-08-31 09:31:30.000,28,8.6,1.1,2
2020-08-31 10:16:30.000,28,10.8,0.8,2
2020-08-31 11:46:30.000,26,9.5,1.2,3
2020-08-31 12:46:30.000,31,22.3,2.7,7
2020-08-31 13:16:30.001,33,22.9,3.0,6
2020-08-31 14:31:30.000,36,39.3,6.4,10
2020-08-31 15:01:30.000,36,33.1,5.5,9
2020-08-31 16:01:30.000,26,2.2,0.4,1
2020-08-31 17:01:30.001,15,0.0,0.0,0
2020-08-31 18:16:30.000,9,0.0,0.0,0
2020-08-31 19:01:30.000,9,0.0,0.0,0
2020-08-31 20:16:30.000,6,0.0,0.0,0
2020-08-31 21:01:30.000,7,0.0,0.0,0
2020-08-31 22:31:30.000,2,0.0,0.0,0
2020-08-31 23:01:30.000,1,0.0,0.0,0
2020-09-01 00:46:30.000,4,0.8,2.0,1
2020-09-01 01:01:30.000,4,0.0,0.0,0
2020-09-01 02:16:30.000,4,0.0,0.0,0
2020-09-01 03:16:30.000,2,0.0,0.0,0
2020-09-01 04:46:30.001,5,0.0,0.0,0
2020-09-01 05:46:30.000,14,2.4,0.1,1
2020-09-01 06:31:30.001,23,9.9,1.5,3
2020-09-01 07:01:30.000,23,2.6,0.3,1
2020-09-01 08:46:30.000,27,10.0,1.6,3
2020-09-01 09:46:30.000,30,17.6,2.5,4
2020-09-01 10:16:30.001,29,18.5,2.1,5
2020-09-01 11:01:30.001,30,7.7,0.7,2
2020-09-01 12:31:30.000,29,14.8,1.8,4
2020-09-01 13:46:30.000,39,57.8,9.4,16
2020-09-01 14:16:30.000,41,60.2,6.6,10
2020-09-01 15:01:30.000,32,13.4,2.4,4
2020-09-01 16:01:30.001,23,6.3,1.6,2
2020-09-01 17:01:30.001,14,0.0,0.0,0
2020-09-01 18:01:30.000,9,0.0,0.0,0
2020-09-01 19:01:30.000,9,2.0,0.3,1
2020-09-01 20:01:30.000,6,0.0,0.0,0
2020-09-01 21:01:30.000,3,0.0,0.0,0
2020-09-01 22:01:30.000,2,0.0,0.0,0
2020-09-01 23:16:30.000,1,0.0,0.0,0
2020-09-02 00:16:30.001,2,0.0,0.0,0
2020-09-02 01:16:30.000,3,0.7,1.4,1
2020-09-02 02:01:30.000,1,0.0,0.0,0
2020-09-02 03:01:30.001,0,0.0,0.0,0
2020-09-02 04:46:30.000,5,0.0,0.0,0
2020-09-02 05:46:30.000,14,2.7,0.2,1
2020-09-02 06:31:30.000,27,21.4,4.0,8
2020-09-02 07:01:30.000,23,4.1,0.7,2
2020-09-02 08:31:30.000,26,10.9,1.1,2
2020-09-02 09:46:30.001,33,38.1,5.0,10
2020-09-02 10:31:30.000,46,79.3,10.8,16
2020-09-02 11:01:30.000,38,52.2,5.9,9
2020-09-02 12:46:30.000,27,10.2,1.2,2
2020-09-02 13:01:30.001,28,16.0,2.4,5
2020-09-02 14:31:30.000,31,31.3,5.3,10
2020-09-02 15:01:30.001,31,13.8,2.2,4
2020-09-02 16:01:30.000,22,5.8,0.5,2
2020-09-02 17:01:30.000,15,0.0,0.0,0
2020-09-02 18:16:30.000,10,0.0,0.0,0
2020-09-02 19:01:30.000,8,2.1,0.2,1
2020-09-02 20:01:30.001,6,3.8,0.3,1
2020-09-02 21:31:30.000,8,17.0,0.5,2
2020-09-02 22:01:30.000,2,0.0,0.0,0
2020-09-02 23:01:30.000,0,0.0,0.0,0
2020-09-03 00:31:30.000,5,2.0,2.3,1
2020-09-03 01:31:30.000,5,0.0,0.0,0
2020-09-03 02:31:30.000,5,0.0,0.0,0
2020-09-03 03:46:30.000,5,4.0,0.2,1
2020-09-03 04:31:30.000,4,0.0,0.0,0
2020-09-03 05:46:30.000,18,21.5,6.4,7
2020-09-03 06:31:00.000,43,55.8,7.1,14
2020-09-03 07:01:30.000,37,13.4,1.9,5
2020-09-03 08:16:30.001,26,3.9,0.4,1
2020-09-03 09:01:30.000,25,13.8,1.4,4
2020-09-03 10:31:30.000,29,13.0,2.0,3
2020-09-03 11:01:30.000,29,9.7,0.9,3
2020-09-03 12:01:30.000,26,20.7,2.2,6
2020-09-03 13:46:30.000,33,24.2,4.4,7
2020-09-03 14:46:30.000,40,62.8,10.4,16
2020-09-03 15:01:30.000,34,17.3,3.4,5
2020-09-03 16:01:30.000,22,2.3,0.1,1
2020-09-03 17:01:30.000,14,2.5,0.2,1
2020-09-03 18:16:30.001,8,0.0,0.0,0
2020-09-03 19:01:30.000,7,4.7,0.2,1
2020-09-03 20:31:30.000,8,0.0,0.0,0
2020-09-03 21:01:30.001,4,0.0,0.0,0
2020-09-03 22:01:30.000,4,0.0,0.0,0
2020-09-03 23:01:30.000,1,0.0,0.0,0
2020-09-04 00:01:30.000,2,0.0,0.0,0
2020-09-04 01:01:30.000,1,0.0,0.0,0
2020-09-04 02:46:30.000,3,0.0,0.0,0
2020-09-04 03:01:30.000,3,0.0,0.0,0
2020-09-04 04:46:30.000,6,0.0,0.0,0
2020-09-04 05:46:30.000,18,9.1,2.2,2
2020-09-04 06:31:30.000,50,86.6,10.7,20
2020-09-04 07:01:30.000,35,13.0,1.4,4
2020-09-04 08:46:30.000,25,5.7,1.4,2
2020-09-04 09:01:30.000,27,12.0,1.3,3
2020-09-04 09:31:30.000,29,8.7,1.1,2
2020-09-04 10:31:30.001,28,11.1,1.5,3
2020-09-04 11:16:30.001,26,6.1,0.4,1
2020-09-04 12:46:30.000,26,19.7,2.5,5
2020-09-04 13:46:30.000,38,56.0,8.8,13
2020-09-04 14:46:30.000,58,91.0,13.5,17
2020-09-04 15:01:30.001,54,61.0,9.7,12
2020-09-04 16:01:30.000,27,4.4,1.1,2
2020-09-04 17:01:30.000,16,0.0,0.0,0
2020-09-04 18:01:30.000,11,0.0,0.0,0
2020-09-04 19:01:30.000,8,0.0,0.0,0
2020-09-04 20:01:30.000,6,0.0,0.0,0
2020-09-04 21:01:30.001,5,0.0,0.0,0
2020-09-04 22:01:30.000,3,0.0,0.0,0
2020-09-04 23:31:30.000,2,0.0,0.0,0
2020-09-05 00:31:30.000,3,0.0,0.0,0
2020-09-05 01:01:30.000,2,0.0,0.0,0
2020-09-05 02:01:30.000,0,0.0,0.0,0
2020-09-05 03:46:30.000,1,0.0,0.0,0
2020-09-05 04:46:30.000,4,0.0,0.0,0
2020-09-05 05:46:30.000,4,0.0,0.0,0
2020-09-05 06:01:30.000,5,0.0,0.0,0
2020-09-05 07:46:30.000,11,0.0,0.0,0
2020-09-05 08:46:30.000,16,0.0,0.0,0
2020-09-05 09:16:30.000,20,2.2,0.1,1
2020-09-05 10:01:30.001,21,2.7,0.4,1
2020-09-05 11:46:30.000,19,2.8,0.3,1
2020-09-05 12:46:30.000,23,6.5,1.3,2
2020-09-05 13:46:30.000,24,3.3,0.4,1
2020-09-05 14:01:30.000,22,3.0,0.4,1
2020-09-05 15:01:30.000,22,0.0,0.0,0
2020-09-05 16:16:30.000,17,2.1,0.4,1
2020-09-05 17:01:30.000,14,2.4,0.2,1
2020-09-05 18:01:30.000,12,0.0,0.0,0
2020-09-05 19:01:30.000,10,0.0,0.0,0
2020-09-05 20:01:30.000,8,0.0,0.0,0
2020-09-05 21:01:30.001,8,0.0,0.0,0
2020-09-05 22:01:30.000,4,0.0,0.0,0
2020-09-05 23:16:30.000,7,4.8,0.2,1
2020-09-06 00:01:30.000,2,0.0,0.0,0
2020-09-06 01:01:30.001,0,0.0,0.0,0
2020-09-06 02:01:30.000,0,0.0,0.0,0
2020-09-06 03:01:30.000,0,0.0,0.0,0
2020-09-06 04:01:30.000,0,0.0,0.0,0
2020-09-06 05:01:30.001,0,0.0,0.0,0
2020-09-06 06:16:30.000,2,0.0,0.0,0
2020-09-06 07:46:30.001,4,0.0,0.0,0
2020-09-06 08:46:30.000,7,0.0,0.0,0
2020-09-06 09:31:30.000,9,0.0,0.0,0
2020-09-06 10:16:30.000,10,0.0,0.0,0
2020-09-06 11:01:30.000,9,0.0,0.0,0
2020-09-06 12:16:30.001,9,0.0,0.0,0
2020-09-06 13:01:30.000,10,0.0,0.0,0
2020-09-06 14:01:30.000,10,0.0,0.0,0
2020-09-06 15:16:30.000,10,2.3,0.2,1
2020-09-06 16:01:30.000,10,0.0,0.0,0
2020-09-06 17:01:30.000,8,0.0,0.0,0
2020-09-06 18:46:30.000,7,0.0,0.0,0
2020-09-06 19:01:30.000,7,0.0,0.0,0
2020-09-06 20:01:30.000,5,0.0,0.0,0
2020-09-06 21:01:30.001,2,0.0,0.0,0
2020-09-06 22:01:30.000,0,0.0,0.0,0
2020-09-06 23:01:30.001,0,0.0,0.0,0
2020-09-07 00:46:30.000,2,0.0,0.0,0
2020-09-07 01:01:30.000,1,0.0,0.0,0
2020-09-07 02:46:30.000,1,0.0,0.0,0
2020-09-07 03:16:30.000,2,0.0,0.0,0
2020-09-07 04:46:30.000,4,0.0,0.0,0
2020-09-07 05:46:30.000,20,19.1,6.6,6
2020-09-07 06:31:30.000,49,75.0,9.0,19
2020-09-07 07:01:30.000,31,9.7,1.6,4
2020-09-07 08:31:30.000,20,2.5,0.1,1
2020-09-07 09:46:30.000,24,11.9,0.6,2
2020-09-07 10:01:30.001,23,17.0,1.4,3
2020-09-07 11:01:30.000,22,3.9,0.4,1
2020-09-07 12:46:30.000,25,11.4,1.2,3
2020-09-07 13:46:30.000,33,48.8,6.2,18
2020-09-07 14:46:30.000,66,118.9,15.2,27
2020-09-07 15:01:30.000,74,131.2,19.5,32
2020-09-07 16:01:30.000,40,7.2,0.7,3
2020-09-07 17:01:30.000,13,0.0,0.0,0
2020-09-07 18:01:30.000,7,0.0,0.0,0
2020-09-07 19:46:30.000,7,0.0,0.0,0
2020-09-07 20:01:30.000,5,0.0,0.0,0
2020-09-07 21:01:30.001,3,0.0,0.0,0
2020-09-07 22:16:30.000,2,6.4,0.2,1
2020-09-07 23:01:30.000,0,0.0,0.0,0
2020-09-08 00:16:30.000,3,0.0,0.0,0
2020-09-08 01:46:30.000,4,0.5,1.4,1
2020-09-08 02:01:30.000,3,0.0,0.0,0
2020-09-08 03:31:30.000,3,0.0,0.0,0
2020-09-08 04:46:30.000,4,0.0,0.0,0
2020-09-08 05:46:30.001,21,10.4,2.1,4
2020-09-08 06:31:30.000,56,81.3,13.5,24
2020-09-08 07:01:30.001,35,3.3,0.8,2
2020-09-08 08:46:30.000,23,7.8,0.5,1
2020-09-08 09:46:30.000,25,17.9,1.1,3
2020-09-08 10:46:30.000,28,11.4,1.2,2
2020-09-08 11:01:30.001,27,10.0,0.8,2
2020-09-08 12:31:30.000,25,6.3,0.5,1
2020-09-08 13:46:30.000,34,38.2,5.1,11
2020-09-08 14:46:30.000,53,97.9,17.8,29
2020-09-08 15:01:30.000,55,68.8,14.2,24
2020-09-08 16:01:30.178,27,7.0,1.2,2
2020-09-08 17:01:30.000,15,0.0,0.0,0
2020-09-08 18:01:30.000,9,0.0,0.0,0
2020-09-08 19:01:30.000,8,0.0,0.0,0
2020-09-08 20:01:30.000,4,0.0,0.0,0
2020-09-08 21:01:30.000,3,0.0,0.0,0
2020-09-08 22:01:30.000,0,0.0,0.0,0
2020-09-08 23:01:30.000,0,0.0,0.0,0
2020-09-09 00:01:30.000,0,0.0,0.0,0
2020-09-09 01:46:30.000,5,0.0,0.0,0
2020-09-09 02:31:30.000,10,0.7,1.5,1
2020-09-09 03:01:30.000,5,0.0,0.0,0
2020-09-09 04:46:30.000,4,0.0,0.0,0
2020-09-09 05:46:30.000,16,6.9,2.0,3
2020-09-09 06:31:30.000,42,54.0,8.3,15
2020-09-09 07:01:30.000,28,8.3,0.8,3
2020-09-09 08:46:30.000,33,6.3,4.2,3
2020-09-09 09:01:30.000,35,7.6,1.4,4
2020-09-09 10:31:30.000,43,54.1,6.8,13
2020-09-09 11:01:30.001,33,8.2,1.5,2
2020-09-09 12:01:30.000,26,2.6,0.4,1
2020-09-09 13:16:30.000,29,5.5,1.6,2
2020-09-09 14:46:30.000,32,25.0,4.0,8
2020-09-09 15:01:30.000,32,15.6,2.9,5
2020-09-09 16:01:30.000,26,2.0,0.7,1
2020-09-09 17:01:30.000,15,0.0,0.0,0
2020-09-09 18:01:30.000,10,0.0,0.0,0
2020-09-09 19:01:30.000,10,0.0,0.0,0
2020-09-09 20:01:30.000,5,0.0,0.0,0
2020-09-09 21:01:30.000,3,0.0,0.0,0
2020-09-09 22:01:30.001,2,0.0,0.0,0
2020-09-09 23:01:30.000,0,0.0,0.0,0
2020-09-10 00:46:30.001,1,0.7,1.4,1
2020-09-10 01:01:30.000,2,0.0,0.0,0
2020-09-10 02:46:30.000,3,0.0,0.0,0
2020-09-10 03:16:30.000,1,0.0,0.0,0
2020-09-10 04:46:30.000,3,0.0,0.0,0
2020-09-10 05:46:30.000,18,13.1,3.0,4
2020-09-10 06:31:30.000,53,85.8,12.8,21
2020-09-10 07:01:30.000,35,6.4,1.6,3
2020-09-10 08:46:30.000,24,10.9,1.3,4
2020-09-10 09:46:30.000,26,3.9,0.4,1
2020-09-10 10:16:30.000,26,6.4,1.0,2
2020-09-10 11:01:30.000,22,3.5,0.4,1
2020-09-10 12:31:30.000,23,4.7,0.8,2
2020-09-10 13:46:00.001,34,41.8,6.1,13
2020-09-10 14:46:30.000,53,106.2,14.0,25
2020-09-10 15:01:30.000,51,69.6,10.9,14
2020-09-10 16:01:30.001,27,7.9,0.7,2
2020-09-10 17:01:30.000,16,0.0,0.0,0
2020-09-10 18:46:30.000,10,0.0,0.0,0
2020-09-10 19:01:30.009,10,0.0,0.0,0
2020-09-10 20:46:30.000,7,0.0,0.0,0
2020-09-10 21:01:30.000,6,0.0,0.0,0
2020-09-10 22:16:30.000,1,0.0,0.0,0
2020-09-10 23:01:30.001,1,0.0,0.0,0
2020-09-11 00:01:30.000,0,0.0,0.0,0
2020-09-11 01:01:30.000,0,0.0,0.0,0
2020-09-11 02:01:30.000,1,0.0,0.0,0
2020-09-11 03:46:30.001,2,0.0,0.0,0
2020-09-11 04:16:30.001,1,0.0,0.0,0
2020-09-11 04:46:30.000,4,0.0,0.0,0
2020-09-11 05:46:30.001,18,12.5,3.8,5
2020-09-11 06:31:30.000,46,77.9,9.3,21
2020-09-11 07:01:30.001,29,8.5,0.8,2
2020-09-11 08:31:30.000,22,3.1,0.8,1
2020-09-11 09:16:30.000,26,8.7,1.2,2
2020-09-11 10:16:30.000,27,8.8,2.3,3
2020-09-11 11:01:30.000,22,0.0,0.0,0
2020-09-11 12:46:30.000,26,16.0,3.5,5
2020-09-11 13:46:30.000,38,48.2,6.6,14
2020-09-11 14:46:30.000,56,97.0,15.7,27
2020-09-11 15:31:30.000,65,39.0,9.7,9
2020-09-11 16:01:30.000,48,16.7,3.6,4
2020-09-11 17:01:30.000,22,0.0,0.0,0
2020-09-11 18:01:30.000,15,0.0,0.0,0
2020-09-11 19:01:30.000,13,0.0,0.0,0
2020-09-11 20:01:30.000,8,0.0,0.0,0
2020-09-11 21:01:30.000,5,0.0,0.0,0
2020-09-11 22:01:30.000,5,2.5,0.4,1
2020-09-11 23:01:30.001,1,0.0,0.0,0
2020-09-12 00:16:30.001,3,0.0,0.0,0
2020-09-12 01:16:30.000,1,0.0,0.0,0
2020-09-12 02:16:30.000,4,1.0,1.6,1
2020-09-12 03:01:30.000,2,0.0,0.0,0
2020-09-12 04:01:30.000,1,0.0,0.0,0
2020-09-12 05:31:30.000,2,0.0,0.0,0
2020-09-12 06:46:30.000,6,0.0,0.0,0
2020-09-12 07:46:30.000,12,0.0,0.0,0
2020-09-12 08:46:30.000,18,2.4,0.2,1
2020-09-12 09:46:30.000,24,0.0,0.0,0
2020-09-12 10:01:30.000,26,4.8,0.7,2
2020-09-12 11:01:30.000,23,8.1,0.4,2
2020-09-12 12:46:30.000,25,3.8,0.8,1
2020-09-12 13:16:30.000,30,19.6,2.3,3
2020-09-12 14:01:30.000,30,8.1,2.5,2
2020-09-12 15:01:30.000,26,5.5,1.0,2
2020-09-12 16:31:30.000,22,5.8,1.0,2
2020-09-12 17:01:30.000,20,3.1,0.5,1
2020-09-12 18:01:30.000,13,0.0,0.0,0
2020-09-12 19:16:30.001,11,0.0,0.0,0
2020-09-12 20:16:30.000,9,0.0,0.0,0
2020-09-12 21:01:30.000,7,0.0,0.0,0
2020-09-12 22:01:30.000,4,0.0,0.0,0
2020-09-12 23:01:30.000,2,0.0,0.0,0
2020-09-13 00:01:30.001,2,0.0,0.0,0
2020-09-13 01:01:30.000,0,0.0,0.0,0
2020-09-13 02:01:30.000,0,0.0,0.0,0
2020-09-13 03:01:30.000,0,0.0,0.0,0
2020-09-13 04:01:30.000,0,0.0,0.0,0
2020-09-13 05:46:30.000,2,0.0,0.0,0
2020-09-13 06:59:30.000,4,0.0,0.0,0
2020-09-13 07:29:30.000,5,0.0,0.0,0
2020-09-13 07:59:00.000,7,2.2,0.4,1
2020-09-13 08:52:00.001,10,1.8,0.3,1
2020-09-13 09:31:30.000,13,5.7,0.9,2
2020-09-13 10:16:30.000,14,0.0,0.0,0
2020-09-13 11:01:30.000,11,2.4,0.4,1
2020-09-13 12:46:30.000,11,2.7,0.3,1
2020-09-13 13:16:30.000,14,3.4,0.4,1
2020-09-13 14:01:30.000,14,0.0,0.0,0
2020-09-13 15:46:30.000,27,4.9,4.2,3
2020-09-13 16:46:30.000,26,10.0,4.5,4
2020-09-13 17:01:30.000,25,6.5,4.2,3
2020-09-13 18:01:30.000,12,2.6,0.1,1
2020-09-13 19:01:30.000,10,4.1,0.3,1
2020-09-13 20:01:30.000,5,0.0,0.0,0
2020-09-13 21:01:30.000,3,2.3,0.4,1
2020-09-13 22:46:30.000,4,0.0,0.0,0
2020-09-13 23:01:30.000,2,0.0,0.0,0
2020-09-14 00:46:30.000,3,0.0,0.0,0
2020-09-14 01:01:30.000,5,0.0,0.0,0
2020-09-14 02:46:30.000,5,0.0,0.0,0
2020-09-14 03:01:30.000,4,0.0,0.0,0
2020-09-14 04:16:30.000,5,0.6,1.1,1
2020-09-14 05:46:30.000,23,16.4,4.6,5
2020-09-14 06:31:30.000,59,102.9,13.8,26
2020-09-14 07:01:30.000,51,51.9,9.3,11
2020-09-14 08:01:30.000,25,5.1,1.4,2
2020-09-14 09:01:30.000,28,10.1,2.9,4
2020-09-14 10:01:30.000,28,14.8,2.3,5
2020-09-14 11:01:30.000,25,9.4,0.8,3
2020-09-14 12:31:30.000,25,7.5,1.4,3
2020-09-14 13:46:30.000,35,47.0,6.4,13
2020-09-14 14:46:30.000,59,134.1,16.5,28
2020-09-14 15:01:30.000,59,118.3,17.0,28
2020-09-14 16:01:30.000,29,10.9,2.4,5
2020-09-14 17:01:30.000,15,0.0,0.0,0
2020-09-14 18:16:30.000,11,3.6,0.2,1
2020-09-14 19:01:30.000,9,0.0,0.0,0
2020-09-14 20:01:30.000,5,0.0,0.0,0
2020-09-14 21:01:30.000,3,0.0,0.0,0
2020-09-14 22:16:30.000,2,0.0,0.0,0
2020-09-14 23:16:30.000,4,0.0,0.0,0
2020-09-15 00:46:30.000,3,0.0,0.0,0
2020-09-15 01:46:30.000,4,0.0,0.0,0
2020-09-15 02:46:30.001,8,0.0,0.0,0
2020-09-15 03:01:30.000,5,0.0,0.0,0
2020-09-15 04:46:30.000,4,0.0,0.0,0
2020-09-15 05:46:30.000,23,22.4,5.7,7
2020-09-15 06:31:30.000,62,106.6,15.7,26
2020-09-15 07:01:30.000,46,17.3,4.3,6
2020-09-15 08:01:30.000,25,6.3,0.8,2
2020-09-15 09:01:30.000,25,10.9,5.0,4
2020-09-15 10:31:30.001,29,15.4,2.1,5
2020-09-15 11:01:30.000,26,10.6,1.7,4
2020-09-15 12:31:30.000,24,4.1,0.7,2
2020-09-15 13:46:30.000,33,31.1,5.7,9
2020-09-15 14:46:30.000,52,115.9,17.8,32
2020-09-15 15:01:30.000,51,67.8,11.7,18
2020-09-15 16:01:30.000,28,8.8,1.7,4
2020-09-15 17:01:30.000,16,0.0,0.0,0
2020-09-15 18:01:30.000,11,2.5,0.3,1
2020-09-15 19:01:30.001,10,0.0,0.0,0
2020-09-15 20:01:30.000,5,0.0,0.0,0
2020-09-15 21:01:30.000,4,0.0,0.0,0
2020-09-15 22:01:30.000,2,0.0,0.0,0
2020-09-15 23:46:30.000,1,0.0,0.0,0
2020-09-16 00:16:30.000,3,0.0,0.0,0
2020-09-16 01:01:30.000,5,0.9,1.8,1
2020-09-16 02:46:30.000,9,0.0,0.0,0
2020-09-16 03:01:30.000,7,0.0,0.0,0
2020-09-16 04:46:30.000,4,0.0,0.0,0
2020-09-16 05:46:30.000,21,24.9,7.8,8
2020-09-16 06:31:30.000,55,72.6,9.6,19
2020-09-16 07:01:30.000,40,19.2,3.2,5
2020-09-16 08:46:30.000,25,8.8,1.4,2
2020-09-16 09:31:30.001,31,36.8,4.2,10
2020-09-16 10:31:30.000,48,55.1,8.2,15
2020-09-16 11:01:30.001,40,43.5,4.9,8
2020-09-16 12:01:30.000,27,4.4,1.2,2
2020-09-16 13:01:30.001,27,2.4,0.3,1
2020-09-16 14:46:30.000,38,69.4,8.8,17
2020-09-16 15:01:30.001,40,66.1,8.0,16
2020-09-16 16:01:30.000,32,25.4,3.1,8
2020-09-16 17:01:30.001,19,4.3,0.2,1
2020-09-16 18:01:30.000,11,0.0,0.0,0
2020-09-16 19:16:30.000,12,2.6,0.8,1
2020-09-16 20:01:30.000,8,0.0,0.0,0
2020-09-16 21:01:30.000,4,0.0,0.0,0
2020-09-16 22:01:30.001,1,0.0,0.0,0
2020-09-16 23:01:30.000,0,0.0,0.0,0
2020-09-17 00:46:30.000,2,0.0,0.0,0
2020-09-17 01:16:30.000,6,0.0,0.0,0
2020-09-17 02:01:30.000,2,0.0,0.0,0
2020-09-17 03:16:30.000,3,0.0,0.0,0
2020-09-17 04:46:30.000,5,0.0,0.0,0
2020-09-17 05:01:30.000,7,0.6,1.1,1
2020-09-17 05:46:30.000,23,29.3,6.8,8
2020-09-17 06:31:30.000,59,93.5,15.8,28
2020-09-17 07:01:30.000,44,34.1,6.4,12
2020-09-17 08:46:30.001,31,24.2,3.5,6
2020-09-17 09:16:30.000,33,40.3,2.9,8
2020-09-17 10:31:30.001,33,33.8,4.6,8
2020-09-17 11:01:30.000,33,43.6,5.4,10
2020-09-17 12:46:30.000,33,20.4,2.5,5
2020-09-17 13:46:30.000,41,68.1,9.0,18
2020-09-17 14:46:30.000,58,210.6,18.7,29
2020-09-17 15:01:30.001,62,224.0,19.4,33
2020-09-17 16:01:30.000,43,54.5,7.6,13
2020-09-17 17:01:30.001,21,16.1,2.1,5
2020-09-17 18:31:30.000,14,6.7,1.1,2
2020-09-17 19:01:30.000,12,3.3,0.7,1
2020-09-17 20:31:30.000,7,0.0,0.0,0
2020-09-17 21:01:30.000,3,0.0,0.0,0
2020-09-17 22:01:30.000,4,0.0,0.0,0
2020-09-17 23:01:30.000,1,0.0,0.0,0
2020-09-18 00:01:30.000,2,0.0,0.0,0
2020-09-18 01:46:30.000,5,0.0,0.0,0
2020-09-18 02:16:30.000,3,0.0,0.0,0
2020-09-18 03:16:30.000,6,0.0,0.0,0
2020-09-18 04:01:30.000,4,0.0,0.0,0
2020-09-18 04:46:30.000,5,0.0,0.0,0
2020-09-18 05:46:30.000,21,27.8,4.1,8
2020-09-18 06:16:30.000,49,106.3,15.2,29
2020-09-18 06:31:30.000,54,90.2,11.6,22
2020-09-18 07:01:30.000,40,27.5,3.9,6
2020-09-18 08:16:30.000,29,24.9,3.6,5
2020-09-18 09:01:30.000,28,17.1,2.9,5
2020-09-18 10:16:30.000,28,26.2,4.3,8
2020-09-18 11:01:30.000,26,12.4,1.7,3
2020-09-18 12:46:30.000,27,24.2,3.3,5
2020-09-18 13:46:30.000,34,47.8,7.3,16
2020-09-18 14:46:30.000,57,137.5,19.2,31
2020-09-18 15:01:30.000,58,113.2,15.2,25
2020-09-18 16:01:30.000,37,36.1,5.4,10
2020-09-18 17:01:30.000,23,8.7,1.5,4
2020-09-18 18:16:30.000,16,5.6,0.5,2
2020-09-18 19:01:30.000,12,5.0,1.6,2
2020-09-18 20:16:30.000,9,0.0,0.0,0
2020-09-18 21:01:30.000,7,0.0,0.0,0
2020-09-18 22:46:30.000,3,0.0,0.0,0
2020-09-18 23:01:30.000,4,0.0,0.0,0
2020-09-19 00:01:30.000,0,0.0,0.0,0
2020-09-19 01:16:30.000,1,0.0,0.0,0
2020-09-19 02:01:30.000,0,0.0,0.0,0
2020-09-19 03:31:30.000,1,0.0,0.0,0
2020-09-19 04:16:30.001,2,0.0,0.0,0
2020-09-19 05:16:30.000,1,0.0,0.0,0
2020-09-19 05:46:30.000,2,0.0,0.0,0
2020-09-19 06:46:30.000,6,0.0,0.0,0
2020-09-19 07:46:30.000,12,1.0,0.0,1
2020-09-19 08:46:30.000,19,0.0,0.0,0
2020-09-19 09:31:30.000,26,10.6,2.1,4
2020-09-19 10:01:30.000,25,11.3,1.5,4
2020-09-19 11:16:30.000,23,6.9,1.5,3
2020-09-19 12:46:30.000,25,12.4,1.7,4
2020-09-19 13:46:30.000,32,20.6,2.7,6
2020-09-19 14:46:30.000,32,18.3,2.8,5
2020-09-19 15:01:30.000,30,6.9,1.3,2
2020-09-19 16:16:30.000,31,23.2,1.9,4
2020-09-19 17:01:30.000,19,0.0,0.0,0
2020-09-19 18:01:30.001,13,6.9,0.6,2
2020-09-19 19:01:30.001,10,0.0,0.0,0
2020-09-19 20:01:31.894,7,0.0,0.0,0
2020-09-19 21:01:30.000,6,0.0,0.0,0
2020-09-19 22:01:30.000,5,0.0,0.0,0
2020-09-19 23:01:30.000,4,0.0,0.0,0
2020-09-20 00:01:30.000,2,0.0,0.0,0
2020-09-20 01:01:30.000,0,0.0,0.0,0
2020-09-20 02:01:30.000,0,0.0,0.0,0
2020-09-20 03:01:30.000,0,0.0,0.0,0
2020-09-20 04:16:30.000,1,0.0,0.0,0
2020-09-20 05:46:30.000,3,0.0,0.0,0
2020-09-20 06:46:30.000,5,0.0,0.0,0
2020-09-20 07:46:30.000,6,0.0,0.0,0
2020-09-20 08:46:30.000,11,0.0,0.0,0
2020-09-20 09:01:30.000,11,0.0,0.0,0
2020-09-20 09:31:30.000,12,0.0,0.0,0
2020-09-20 10:31:30.000,14,0.0,0.0,0
2020-09-20 11:01:30.000,12,0.0,0.0,0
2020-09-20 12:16:30.000,11,0.0,0.0,0
2020-09-20 13:46:30.000,14,3.7,0.2,1
2020-09-20 14:01:30.001,14,5.5,0.6,2
2020-09-20 15:46:30.000,14,0.0,0.0,0
2020-09-20 16:01:00.000,14,0.0,0.0,0
2020-09-20 17:01:30.000,12,0.0,0.0,0
2020-09-20 18:01:30.000,11,0.0,0.0,0
2020-09-20 19:01:30.000,11,0.0,0.0,0
2020-09-20 20:01:30.000,4,4.4,0.1,1
2020-09-20 21:01:30.000,2,0.0,0.0,0
2020-09-20 22:16:30.000,1,0.0,0.0,0
2020-09-20 23:01:30.000,0,0.0,0.0,0
2020-09-21 00:46:30.000,3,0.0,0.0,0
2020-09-21 01:46:30.000,5,0.6,1.1,1
2020-09-21 02:16:30.000,5,0.0,0.0,0
2020-09-21 03:16:30.000,4,0.0,0.0,0
2020-09-21 04:46:30.000,4,0.0,0.0,0
2020-09-21 05:46:30.000,22,18.2,6.1,6
2020-09-21 06:01:30.000,37,73.4,11.5,17
2020-09-21 06:31:30.000,64,117.7,15.1,29
2020-09-21 07:01:30.000,45,37.0,3.6,9
2020-09-21 08:01:30.000,21,0.0,0.0,0
2020-09-21 09:46:30.000,21,4.0,0.4,1
2020-09-21 10:16:30.001,23,0.0,0.0,0
2020-09-21 11:01:30.000,21,7.6,0.8,2
2020-09-21 12:31:30.000,21,0.0,0.0,0
2020-09-21 13:46:30.000,30,43.6,6.6,14
2020-09-21 14:46:30.000,50,126.4,14.0,24
2020-09-21 15:01:30.000,56,152.5,17.2,28
2020-09-21 16:01:30.000,32,10.3,2.4,4
2020-09-21 17:01:30.000,14,0.0,0.0,0
2020-09-21 18:16:30.000,11,0.0,0.0,0
2020-09-21 19:16:30.000,8,0.0,0.0,0
2020-09-21 20:01:30.000,5,0.0,0.0,0
2020-09-21 21:01:30.000,3,0.0,0.0,0
2020-09-21 22:01:30.001,0,0.0,0.0,0
2020-09-21 23:01:30.000,0,0.0,0.0,0
2020-09-22 00:46:30.001,5,0.9,1.6,1
2020-09-22 01:46:30.000,10,0.0,0.0,0
2020-09-22 02:16:30.000,7,0.0,0.0,0
2020-09-22 03:01:30.000,4,0.0,0.0,0
2020-09-22 04:01:30.001,0,0.0,0.0,0
2020-09-22 04:46:30.001,5,0.0,0.0,0
2020-09-22 05:46:30.000,22,17.3,4.5,7
2020-09-22 06:31:30.000,61,120.9,18.2,30
2020-09-22 07:01:30.000,41,15.3,2.1,6
2020-09-22 08:01:30.000,21,4.6,0.2,1
2020-09-22 09:01:30.000,22,2.7,0.1,1
2020-09-22 10:16:30.001,24,2.1,0.9,1
2020-09-22 11:01:30.000,23,9.1,0.6,3
2020-09-22 12:31:30.000,22,0.0,0.0,0
2020-09-22 13:46:30.000,34,34.4,5.8,10
2020-09-22 14:46:30.001,51,112.7,19.8,27
2020-09-22 15:01:30.000,53,67.1,14.1,18
2020-09-22 16:01:30.000,31,7.1,1.0,2
2020-09-22 17:01:30.000,16,0.0,0.0,0
2020-09-22 18:01:30.000,11,0.0,0.0,0
2020-09-22 19:01:30.000,9,0.0,0.0,0
2020-09-22 20:01:30.001,5,0.0,0.0,0
2020-09-22 21:01:30.000,2,0.0,0.0,0
2020-09-22 22:01:30.000,0,0.0,0.0,0
2020-09-22 23:01:30.000,0,0.0,0.0,0
2020-09-23 00:01:30.000,0,0.0,0.0,0
2020-09-23 01:01:30.000,0,0.7,1.5,1
2020-09-23 02:16:30.001,1,0.0,0.0,0
2020-09-23 03:01:30.000,3,1.1,2.0,1
2020-09-23 03:16:30.000,4,0.0,0.0,0
2020-09-23 04:46:30.000,4,0.0,0.0,0
2020-09-23 05:46:30.000,20,19.4,4.2,5
2020-09-23 06:31:30.000,48,78.9,12.4,21
2020-09-23 07:01:30.000,30,12.2,3.1,4
2020-09-23 08:46:30.000,25,8.4,1.0,3
2020-09-23 09:31:30.000,26,9.2,1.9,4
2020-09-23 10:46:30.000,42,24.6,4.2,6
2020-09-23 11:01:30.000,37,20.4,4.1,6
2020-09-23 12:46:30.000,26,9.4,2.5,3
2020-09-23 13:01:30.000,27,7.6,1.3,2
2020-09-23 14:46:30.000,32,17.0,3.3,7
2020-09-23 15:01:30.001,33,19.3,2.9,5
2020-09-23 16:01:30.000,27,4.3,0.7,2
2020-09-23 17:01:30.000,16,0.0,0.0,0
2020-09-23 18:16:30.000,13,0.0,0.0,0
2020-09-23 19:01:30.000,10,0.0,0.0,0
2020-09-23 20:46:30.000,10,0.0,0.0,0
2020-09-23 21:01:30.000,9,0.0,0.0,0
2020-09-23 22:01:30.000,5,0.0,0.0,0
2020-09-23 23:01:30.000,1,0.0,0.0,0
2020-09-24 00:46:30.000,7,0.0,0.0,0
2020-09-24 01:16:30.000,9,0.4,1.5,1
2020-09-24 02:01:30.000,1,0.0,0.0,0
2020-09-24 03:16:30.000,3,0.0,0.0,0
2020-09-24 04:46:30.000,4,0.0,0.0,0
2020-09-24 05:46:30.000,21,22.2,4.6,7
2020-09-24 06:31:30.000,61,113.8,15.4,27
2020-09-24 07:01:30.000,40,12.8,2.4,5
2020-09-24 08:16:30.000,22,4.4,0.5,2
2020-09-24 09:46:30.000,23,5.0,0.4,2
2020-09-24 10:16:30.000,25,10.2,1.5,4
2020-09-24 11:01:30.000,23,0.0,0.0,0
2020-09-24 12:46:30.000,24,3.4,0.7,2
2020-09-24 13:46:30.000,31,23.8,4.9,7
2020-09-24 14:46:30.000,53,102.2,17.2,24
2020-09-24 15:01:30.000,53,69.7,10.7,18
2020-09-24 16:01:30.000,32,22.7,3.7,8
2020-09-24 17:01:30.000,16,1.6,0.3,1
2020-09-24 18:01:30.000,13,0.0,0.0,0
2020-09-24 19:16:30.000,9,2.7,0.2,1
2020-09-24 20:16:30.000,7,0.0,0.0,0
2020-09-24 21:31:30.000,7,3.9,1.7,2
2020-09-24 22:01:30.001,3,0.0,0.0,0
2020-09-24 23:31:30.000,1,0.0,0.0,0
2020-09-25 00:31:30.000,1,0.0,0.0,0
2020-09-25 01:46:30.000,4,0.0,0.0,0
2020-09-25 02:01:30.000,3,0.0,0.0,0
2020-09-25 03:01:30.000,2,0.5,1.2,1
2020-09-25 04:31:30.000,4,0.0,0.0,0
2020-09-25 04:46:30.000,6,0.0,0.0,0
2020-09-25 05:46:30.000,18,10.8,3.1,3
2020-09-25 06:16:30.000,41,76.7,11.5,20
2020-09-25 07:01:30.000,30,3.4,1.1,1
2020-09-25 08:31:30.000,27,17.4,2.0,3
2020-09-25 09:01:30.000,27,14.2,1.6,2
2020-09-25 10:01:30.001,29,22.3,2.7,5
2020-09-25 11:46:30.000,27,38.0,3.1,5
2020-09-25 12:01:30.000,28,15.7,2.3,4
2020-09-25 13:46:30.000,36,39.0,6.8,13
2020-09-25 14:31:30.001,48,72.0,12.6,24
2020-09-25 15:01:30.000,49,74.1,11.5,19
2020-09-25 16:01:30.001,35,21.7,3.0,5
2020-09-25 17:01:30.000,25,1.3,0.3,1
2020-09-25 18:01:30.000,19,0.0,0.0,0
2020-09-25 19:01:30.000,12,0.0,0.0,0
2020-09-25 20:01:30.001,9,0.0,0.0,0
2020-09-25 21:01:30.000,8,0.0,0.0,0
2020-09-25 22:01:30.000,4,0.0,0.0,0
2020-09-25 23:31:30.000,3,0.0,0.0,0
2020-09-26 00:01:30.001,1,0.0,0.0,0
2020-09-26 01:16:30.000,3,0.8,1.6,1
2020-09-26 02:46:30.000,10,0.0,0.0,0
2020-09-26 03:16:30.000,10,0.0,0.0,0
2020-09-26 04:46:30.000,5,0.0,0.0,0
2020-09-26 05:31:30.000,6,0.0,0.0,0
2020-09-26 06:16:30.000,6,0.0,0.0,0
2020-09-26 07:46:30.000,10,0.0,0.0,0
2020-09-26 08:46:30.000,17,6.7,1.2,3
2020-09-26 09:16:30.001,22,9.6,1.2,4
2020-09-26 10:01:30.000,25,7.9,0.6,2
2020-09-26 11:01:30.000,19,0.0,0.0,0
2020-09-26 12:31:30.000,21,0.0,0.0,0
2020-09-26 13:31:30.000,22,5.8,1.0,2
2020-09-26 14:46:30.000,22,7.3,0.8,3
2020-09-26 15:01:30.000,20,5.4,0.7,2
2020-09-26 16:01:30.001,20,5.2,0.8,2
2020-09-26 17:01:30.000,15,2.3,0.3,1
2020-09-26 18:01:30.000,12,0.0,0.0,0
2020-09-26 19:01:30.000,8,0.0,0.0,0
2020-09-26 20:46:30.000,9,0.0,0.0,0
2020-09-26 21:01:30.000,9,0.0,0.0,0
2020-09-26 22:01:30.000,8,0.0,0.0,0
2020-09-26 23:46:30.000,6,0.0,0.0,0
2020-09-27 00:31:30.000,9,0.0,0.0,0
2020-09-27 01:01:30.001,6,0.0,0.0,0
2020-09-27 02:31:30.000,6,0.0,0.0,0
2020-09-27 03:31:30.000,9,0.0,0.0,0
2020-09-27 04:01:30.000,7,0.0,0.0,0
2020-09-27 05:16:30.000,9,0.0,0.0,0
2020-09-27 06:31:30.000,6,0.0,0.0,0
2020-09-27 07:01:30.000,5,0.0,0.0,0
2020-09-27 08:31:30.000,6,0.0,0.0,0
2020-09-27 09:46:30.001,8,0.0,0.0,0
2020-09-27 10:01:30.000,9,0.0,0.0,0
2020-09-27 11:01:30.000,8,0.0,0.0,0
2020-09-27 12:16:30.000,7,0.0,0.0,0
2020-09-27 13:31:30.001,8,0.0,0.0,0
2020-09-27 14:16:30.000,8,0.0,0.0,0
2020-09-27 15:31:30.000,9,0.0,0.0,0
2020-09-27 16:01:30.000,9,0.0,0.0,0
2020-09-27 17:16:30.000,8,0.0,0.0,0
2020-09-27 18:16:30.000,8,0.0,0.0,0
2020-09-27 19:01:30.000,6,0.0,0.0,0
2020-09-27 20:16:30.000,4,0.0,0.0,0
2020-09-27 21:01:30.000,3,0.0,0.0,0
2020-09-27 22:01:30.000,2,0.0,0.0,0
2020-09-27 23:01:30.000,1,0.0,0.0,0
2020-09-28 00:31:30.000,2,0.0,0.0,0
2020-09-28 01:16:30.000,8,0.0,0.0,0
2020-09-28 02:01:30.000,6,0.0,0.0,0
2020-09-28 03:01:30.000,4,0.0,0.0,0
2020-09-28 04:46:30.001,4,3.7,0.4,1
2020-09-28 05:46:30.000,22,14.2,4.2,4
2020-09-28 06:31:30.001,59,92.3,13.8,23
2020-09-28 07:01:30.000,47,35.7,4.7,10
2020-09-28 08:46:30.000,32,27.7,2.9,4
2020-09-28 09:01:30.000,33,31.0,3.0,6
2020-09-28 10:16:30.000,29,22.2,2.3,5
2020-09-28 11:01:30.000,29,22.7,2.3,6
2020-09-28 12:01:30.000,26,4.7,0.4,1
2020-09-28 13:46:30.001,39,67.9,10.9,18
2020-09-28 14:46:30.000,59,148.5,23.4,37
2020-09-28 15:01:30.000,61,111.4,14.9,22
2020-09-28 16:01:30.001,37,9.2,1.6,3
2020-09-28 17:01:30.001,15,0.0,0.0,0
2020-09-28 18:01:30.000,12,0.0,0.0,0
2020-09-28 19:16:30.000,9,0.0,0.0,0
2020-09-28 20:16:30.000,6,0.0,0.0,0
2020-09-28 21:01:30.000,4,0.0,0.0,0
2020-09-28 22:31:30.000,4,0.0,0.0,0
2020-09-28 23:16:30.000,8,0.0,0.0,0
2020-09-29 00:01:30.000,6,0.0,0.0,0
2020-09-29 01:01:30.000,4,0.5,1.4,1
2020-09-29 02:31:30.000,8,0.6,1.7,1
2020-09-29 03:01:30.000,5,0.0,0.0,0
2020-09-29 04:46:30.001,5,0.0,0.0,0
2020-09-29 05:46:30.000,21,9.2,2.7,4
2020-09-29 06:31:30.001,58,87.2,14.1,21
2020-09-29 07:01:30.000,42,8.0,1.2,3
2020-09-29 08:01:30.000,21,0.0,0.0,0
2020-09-29 09:31:30.000,23,2.3,0.3,1
2020-09-29 10:31:30.000,24,0.0,0.0,0
2020-09-29 11:16:30.000,23,0.0,0.0,0
2020-09-29 12:46:30.000,27,17.6,1.9,5
2020-09-29 13:46:30.000,40,59.7,10.2,15
2020-09-29 14:46:30.000,57,108.9,18.0,25
2020-09-29 15:01:30.000,56,79.3,12.6,19
2020-09-29 16:01:30.000,36,20.0,4.2,6
2020-09-29 17:01:30.001,16,3.2,0.3,1
2020-09-29 18:16:30.000,13,0.0,0.0,0
2020-09-29 19:16:30.001,9,0.0,0.0,0
2020-09-29 20:01:30.000,6,0.0,0.0,0
2020-09-29 21:01:30.001,3,0.0,0.0,0
2020-09-29 22:01:30.000,3,0.0,0.0,0
2020-09-29 23:16:30.000,2,0.0,0.0,0
2020-09-30 00:01:30.000,1,0.0,0.0,0
2020-09-30 01:31:30.000,2,0.0,0.0,0
2020-09-30 02:31:30.000,4,0.8,1.4,1
2020-09-30 03:46:30.000,2,0.0,0.0,0
2020-09-30 04:01:30.000,2,0.0,0.0,0
2020-09-30 04:46:30.000,3,0.0,0.0,0
2020-09-30 05:46:30.000,20,5.5,1.3,2
2020-09-30 06:31:30.000,51,81.0,9.9,21
2020-09-30 07:01:30.000,32,6.5,1.6,3
2020-09-30 08:46:30.001,23,3.0,0.4,1
2020-09-30 09:31:30.000,24,7.5,1.0,3
2020-09-30 10:31:30.000,46,58.5,6.9,15
2020-09-30 11:01:30.000,40,37.4,5.3,8
2020-09-30 12:01:30.000,25,0.0,0.0,0
2020-09-30 13:46:30.000,28,14.5,2.8,3
2020-09-30 14:46:30.000,38,35.5,6.7,12
2020-09-30 15:01:30.000,38,32.0,6.5,11
2020-09-30 16:01:30.000,31,12.0,2.2,5
2020-09-30 17:01:30.000,18,0.0,0.0,0
2020-09-30 18:01:30.000,12,2.5,0.3,1
2020-09-30 19:16:30.000,9,0.0,0.0,0
2020-09-30 20:01:30.001,4,0.0,0.0,0
2020-09-30 21:31:30.000,5,1.3,2.0,1
2020-09-30 22:01:30.000,1,0.0,0.0,0
2020-09-30 23:46:30.000,2,0.0,0.0,0
2020-10-01 00:16:30.000,2,0.0,0.0,0
2020-10-01 01:46:30.000,4,0.0,0.0,0
2020-10-01 02:01:30.001,6,0.5,1.2,1
2020-10-01 03:16:30.001,2,0.0,0.0,0
2020-10-01 04:01:30.000,0,0.0,0.0,0
2020-10-01 04:46:30.000,4,0.0,0.0,0
2020-10-01 05:46:30.000,24,17.0,5.7,6
2020-10-01 06:31:30.000,67,146.5,23.4,35
2020-10-01 07:01:30.000,51,27.7,3.6,9
2020-10-01 08:01:30.000,24,2.9,0.5,1
2020-10-01 09:01:30.000,24,9.9,1.0,3
2020-10-01 10:16:30.000,28,7.3,0.8,2
2020-10-01 11:01:30.000,28,0.0,0.0,0
2020-10-01 12:46:30.000,26,7.1,0.6,2
2020-10-01 13:46:30.002,33,34.4,6.4,11
2020-10-01 14:46:30.000,50,105.5,14.8,27
2020-10-01 15:01:30.000,57,104.5,15.2,25
2020-10-01 16:01:30.001,31,0.0,0.0,0
2020-10-01 17:01:30.001,16,2.6,0.3,1
2020-10-01 18:01:30.000,13,0.0,0.0,0
2020-10-01 19:01:30.000,9,0.0,0.0,0
2020-10-01 20:16:30.000,8,0.0,0.0,0
2020-10-01 21:16:30.000,6,0.0,0.0,0
2020-10-01 22:01:30.000,3,0.0,0.0,0
2020-10-01 23:16:30.000,1,0.0,0.0,0
2020-10-02 00:31:30.000,1,0.0,0.0,0
2020-10-02 01:16:30.000,4,0.0,0.0,0
2020-10-02 02:46:30.000,6,0.0,0.0,0
2020-10-02 03:01:30.000,6,0.0,0.0,0
2020-10-02 04:46:30.000,4,0.0,0.0,0
2020-10-02 05:01:30.000,7,0.0,0.0,0
2020-10-02 05:46:30.000,21,10.3,2.5,3
2020-10-02 06:31:30.000,51,77.8,11.1,17
2020-10-02 07:01:30.000,32,0.9,0.6,1
2020-10-02 08:46:30.000,23,2.8,0.1,1
2020-10-02 09:01:30.000,23,5.9,0.9,2
2020-10-02 10:16:30.001,26,0.0,0.0,0
2020-10-02 11:01:30.000,25,2.1,0.1,1
2020-10-02 12:46:30.000,23,2.3,0.2,1
2020-10-02 13:46:30.000,36,56.6,10.3,15
2020-10-02 14:46:30.000,59,135.6,22.1,33
2020-10-02 15:01:30.000,63,125.6,16.6,24
2020-10-02 16:01:30.000,37,35.5,4.5,10
2020-10-02 17:01:30.000,25,8.2,1.1,3
2020-10-02 18:01:30.000,20,5.1,1.1,2
2020-10-02 19:01:30.000,13,0.0,0.0,0
2020-10-02 20:01:30.000,7,0.0,0.0,0
2020-10-02 21:01:30.001,5,0.0,0.0,0
2020-10-02 22:16:30.000,4,0.0,0.0,0
2020-10-02 23:01:30.000,3,2.9,0.2,1
2020-10-03 00:01:30.000,2,0.0,0.0,0
2020-10-03 01:01:30.001,0,0.0,0.0,0
2020-10-03 02:46:30.000,3,0.0,0.0,0
2020-10-03 03:01:30.000,2,0.0,0.0,0
2020-10-03 04:01:30.000,1,0.0,0.0,0
2020-10-03 05:46:30.000,4,0.0,0.0,0
2020-10-03 06:46:30.000,7,0.0,0.0,0
2020-10-03 07:46:30.000,12,0.0,0.0,0
2020-10-03 08:52:30.000,21,2.7,0.4,1
2020-10-03 09:46:30.387,27,2.1,0.2,1
2020-10-03 10:01:30.001,26,3.6,0.6,1
2020-10-03 11:01:30.000,21,3.7,0.2,1
2020-10-03 12:31:30.000,28,8.1,1.3,3
2020-10-03 13:31:30.001,29,10.1,0.8,3
2020-10-03 14:01:30.000,26,1.7,0.2,1
2020-10-03 15:01:30.000,24,5.3,0.8,2
2020-10-03 16:16:30.000,24,9.3,1.5,3
2020-10-03 17:01:30.000,19,0.0,0.0,0
2020-10-03 18:01:30.000,14,0.0,0.0,0
2020-10-03 19:01:30.001,10,0.0,0.0,0
2020-10-03 20:16:30.000,8,0.0,0.0,0
2020-10-03 21:01:30.000,5,0.0,0.0,0
2020-10-03 22:01:30.000,5,0.0,0.0,0
2020-10-03 23:01:30.000,3,0.0,0.0,0
2020-10-04 00:31:30.000,4,0.0,0.0,0
2020-10-04 01:46:30.001,2,0.0,0.0,0
2020-10-04 02:16:30.000,3,0.0,0.0,0
2020-10-04 03:16:30.000,5,0.0,0.0,0
2020-10-04 04:01:30.000,3,0.0,0.0,0
2020-10-04 05:31:30.000,4,0.0,0.0,0
2020-10-04 06:01:30.000,3,0.0,0.0,0
2020-10-04 07:16:30.000,5,0.0,0.0,0
2020-10-04 08:31:30.000,6,0.0,0.0,0
2020-10-04 09:46:30.000,8,0.0,0.0,0
2020-10-04 10:16:30.000,10,0.0,0.0,0
2020-10-04 11:16:30.000,9,0.0,0.0,0
2020-10-04 12:31:30.000,9,3.6,0.2,1
2020-10-04 13:01:30.000,8,0.0,0.0,0
2020-10-04 14:01:30.000,9,0.0,0.0,0
2020-10-04 15:31:30.001,10,0.0,0.0,0
2020-10-04 16:31:30.000,11,0.0,0.0,0
2020-10-04 17:01:30.000,9,0.0,0.0,0
2020-10-04 18:01:30.000,9,0.0,0.0,0
2020-10-04 19:01:30.000,6,0.0,0.0,0
2020-10-04 20:01:30.000,4,0.0,0.0,0
2020-10-04 21:01:30.000,3,0.0,0.0,0
2020-10-04 22:31:30.000,4,2.4,0.1,1
2020-10-04 23:01:30.000,4,0.0,0.0,0
2020-10-05 00:01:30.000,2,0.0,0.0,0
2020-10-05 01:31:30.000,4,0.0,0.0,0
2020-10-05 02:01:30.000,7,0.0,0.0,0
2020-10-05 03:01:30.000,6,0.0,0.0,0
2020-10-05 04:46:30.000,7,0.0,0.0,0
2020-10-05 05:01:30.001,7,0.0,0.0,0
2020-10-05 05:46:30.000,23,23.3,7.2,8
2020-10-05 06:31:30.000,61,106.4,16.9,32
2020-10-05 07:01:30.000,47,15.7,2.1,5
2020-10-05 08:46:30.000,20,0.0,0.0,0
2020-10-05 09:46:30.000,20,8.5,0.8,2
2020-10-05 10:31:30.000,24,3.2,0.4,1
2020-10-05 11:01:30.000,23,0.0,0.0,0
2020-10-05 12:46:30.000,24,9.1,1.0,2
2020-10-05 13:46:30.000,38,43.0,5.8,12
2020-10-05 14:46:30.000,51,111.7,16.8,32
2020-10-05 15:01:30.000,53,81.9,12.1,24
2020-10-05 16:01:30.000,32,9.7,1.0,3
2020-10-05 17:01:30.000,13,0.0,0.0,0
2020-10-05 18:01:30.000,12,0.0,0.0,0
2020-10-05 19:31:30.000,10,0.0,0.0,0
2020-10-05 20:01:30.000,8,0.0,0.0,0
2020-10-05 21:31:30.000,4,0.0,0.0,0
2020-10-05 22:31:30.000,5,0.0,0.0,0
2020-10-05 23:31:30.000,4,0.0,0.0,0
2020-10-06 00:31:30.000,4,0.0,0.0,0
2020-10-06 01:31:30.000,10,0.0,0.0,0
2020-10-06 02:01:30.000,8,0.0,0.0,0
2020-10-06 03:01:30.000,4,0.0,0.0,0
2020-10-06 04:16:30.000,2,0.0,0.0,0
2020-10-06 04:46:30.000,4,0.0,0.0,0
2020-10-06 05:46:30.000,25,20.5,6.2,9
2020-10-06 06:31:30.001,67,127.6,19.3,32
2020-10-06 07:01:30.000,52,18.3,3.5,6
2020-10-06 08:16:30.000,25,2.2,0.4,1
2020-10-06 09:37:30.000,26,12.2,1.0,4
2020-10-06 10:16:30.000,28,11.1,2.3,5
2020-10-06 11:01:30.000,26,11.7,1.3,3
2020-10-06 12:01:30.000,23,2.4,0.3,1
2020-10-06 13:46:30.000,33,35.8,4.8,11
2020-10-06 14:46:30.001,65,151.8,21.4,36
2020-10-06 15:01:30.000,63,113.1,17.1,26
2020-10-06 16:01:30.000,29,3.1,0.3,1
2020-10-06 17:01:30.000,15,0.0,0.0,0
2020-10-06 18:01:30.000,11,0.0,0.0,0
2020-10-06 19:01:30.000,9,7.9,0.6,2
2020-10-06 20:16:30.000,9,2.4,0.1,1
2020-10-06 21:16:30.000,6,0.0,0.0,0
2020-10-06 22:31:30.000,4,0.0,0.0,0
2020-10-06 23:01:30.126,3,0.0,0.0,0
2020-10-07 00:31:30.000,5,0.0,0.0,0
2020-10-07 01:31:30.001,7,0.0,0.0,0
2020-10-07 02:01:30.000,9,0.0,0.0,0
2020-10-07 03:01:30.000,3,0.0,0.0,0
2020-10-07 04:46:30.000,5,0.0,0.0,0
2020-10-07 05:46:30.000,23,18.2,3.3,6
2020-10-07 06:31:30.000,56,91.0,13.3,25
2020-10-07 07:01:30.001,37,20.5,2.5,5
2020-10-07 08:46:30.000,25,2.3,0.5,1
2020-10-07 09:46:30.000,30,10.8,1.8,4
2020-10-07 10:46:30.001,49,82.8,7.4,12
2020-10-07 11:01:30.001,43,46.8,5.1,9
2020-10-07 12:01:30.000,29,2.1,0.5,1
2020-10-07 13:46:30.000,31,24.1,4.2,7
2020-10-07 14:31:30.000,38,41.0,6.6,10
2020-10-07 15:01:30.000,38,22.5,4.4,7
2020-10-07 16:01:30.001,28,9.6,1.6,4
2020-10-07 17:01:30.000,18,0.0,0.0,0
2020-10-07 18:01:30.000,15,2.9,0.3,1
2020-10-07 19:01:30.000,10,2.7,0.3,1
2020-10-07 20:31:30.000,7,0.0,0.0,0
2020-10-07 21:01:30.000,5,0.0,0.0,0
2020-10-07 22:01:30.001,2,0.0,0.0,0
2020-10-07 23:31:30.001,2,0.0,0.0,0
2020-10-08 00:46:30.000,1,0.0,0.0,0
2020-10-08 01:16:30.000,1,0.0,0.0,0
2020-10-08 02:46:30.000,3,0.0,0.0,0
2020-10-08 03:16:30.001,6,0.0,0.0,0
2020-10-08 04:46:30.000,7,0.0,0.0,0
2020-10-08 05:46:30.001,25,18.2,3.5,5
2020-10-08 06:46:30.000,63,95.0,13.7,25
2020-10-08 07:01:30.000,56,67.7,7.4,17
2020-10-08 08:01:30.000,27,0.0,0.0,0
2020-10-08 09:01:30.000,27,15.5,1.9,5
2020-10-08 10:31:30.000,29,12.0,2.1,4
2020-10-08 11:01:30.000,26,9.0,0.8,3
2020-10-08 12:46:30.000,28,16.8,2.4,5
2020-10-08 13:46:30.000,33,33.7,5.1,10
2020-10-08 14:46:30.000,53,83.2,13.0,22
2020-10-08 15:01:30.000,52,81.1,13.2,20
2020-10-08 16:01:30.000,31,12.8,1.7,4
2020-10-08 17:01:30.000,18,0.0,0.0,0
2020-10-08 18:16:30.000,13,2.2,0.4,1
2020-10-08 19:31:30.000,13,0.0,0.0,0
2020-10-08 20:01:30.000,9,0.0,0.0,0
2020-10-08 21:16:30.000,6,1.1,0.9,1
2020-10-08 22:01:30.000,4,0.0,0.0,0
2020-10-08 23:01:30.000,2,0.0,0.0,0
2020-10-09 00:01:30.000,4,0.0,0.0,0
2020-10-09 01:46:30.000,6,0.0,0.0,0
2020-10-09 02:46:30.000,7,0.0,0.0,0
2020-10-09 03:01:30.000,6,0.7,1.2,1
2020-10-09 04:46:30.000,7,4.6,0.4,2
2020-10-09 05:46:30.000,20,7.1,1.5,3
2020-10-09 06:31:30.000,45,56.8,9.0,14
2020-10-09 07:01:30.000,32,16.5,2.3,4
2020-10-09 08:46:30.000,22,1.7,0.4,1
2020-10-09 09:16:30.000,24,4.6,0.4,2
2020-10-09 10:31:30.000,30,11.0,2.0,3
2020-10-09 11:46:30.000,28,19.1,1.5,2
2020-10-09 12:01:30.000,32,41.2,1.9,4
2020-10-09 13:46:30.000,35,42.4,6.3,13
2020-10-09 14:46:30.000,47,86.9,13.6,20
2020-10-09 15:01:30.000,45,58.3,9.0,14
2020-10-09 16:01:30.000,28,8.3,1.5,3
2020-10-09 17:01:30.000,19,0.0,0.0,0
2020-10-09 18:01:30.000,15,3.0,0.2,1
2020-10-09 19:01:30.000,10,0.0,0.0,0
2020-10-09 20:16:30.000,6,0.0,0.0,0
2020-10-09 21:01:30.000,5,0.0,0.0,0
2020-10-09 22:01:30.001,3,0.0,0.0,0
2020-10-09 23:01:30.000,2,0.0,0.0,0
2020-10-10 00:31:30.000,4,0.0,0.0,0
2020-10-10 01:01:30.000,4,0.0,0.0,0
2020-10-10 02:01:30.000,2,0.0,0.0,0
2020-10-10 03:16:30.000,5,0.5,1.5,1
2020-10-10 04:01:30.000,3,0.0,0.0,0
2020-10-10 05:16:30.000,2,0.0,0.0,0
2020-10-10 06:46:30.000,6,0.0,0.0,0
2020-10-10 07:46:30.000,11,0.0,0.0,0
2020-10-10 08:46:30.000,17,0.0,0.0,0
2020-10-10 09:46:30.000,22,2.5,0.9,1
2020-10-10 10:01:30.000,25,4.1,0.3,1
2020-10-10 11:01:30.000,19,0.0,0.0,0
2020-10-10 12:46:30.000,25,12.1,2.0,5
2020-10-10 13:31:30.000,29,22.0,2.6,5
2020-10-10 14:01:30.004,29,7.6,1.6,2
2020-10-10 15:01:30.000,24,0.0,0.0,0
2020-10-10 16:01:30.000,21,3.1,0.2,1
2020-10-10 17:01:30.000,16,0.0,0.0,0
2020-10-10 18:01:30.000,14,0.0,0.0,0
2020-10-10 19:01:30.000,9,0.0,0.0,0
2020-10-10 20:31:30.000,10,0.0,0.0,0
2020-10-10 21:01:30.000,8,0.0,0.0,0
2020-10-10 22:01:30.000,6,0.0,0.0,0
2020-10-10 23:31:30.000,3,0.0,0.0,0
2020-10-11 00:16:30.000,1,0.0,0.0,0
2020-10-11 01:46:30.000,1,0.0,0.0,0
2020-10-11 02:46:30.000,2,0.0,0.0,0
2020-10-11 03:16:30.001,5,0.0,0.0,0
2020-10-11 04:01:30.000,3,0.0,0.0,0
2020-10-11 05:01:30.000,1,0.0,0.0,0
2020-10-11 05:31:30.000,3,0.0,0.0,0
2020-10-11 06:31:30.000,4,0.0,0.0,0
2020-10-11 07:01:30.000,5,0.0,0.0,0
2020-10-11 08:16:30.000,8,0.0,0.0,0
2020-10-11 09:46:30.001,10,5.2,0.5,2
2020-10-11 10:16:30.003,12,0.0,0.0,0
2020-10-11 11:01:30.000,9,0.0,0.0,0
2020-10-11 12:46:30.000,7,0.0,0.0,0
2020-10-11 13:31:30.000,10,2.0,0.1,1
2020-10-11 14:31:30.000,14,9.2,0.6,1
2020-10-11 15:01:30.000,11,3.8,0.2,1
2020-10-11 16:01:30.000,10,0.0,0.0,0
2020-10-11 17:01:30.000,9,0.0,0.0,0
2020-10-11 18:01:30.001,8,0.0,0.0,0
2020-10-11 19:01:30.000,7,0.0,0.0,0
2020-10-11 20:01:30.000,4,0.0,0.0,0
2020-10-11 21:01:30.000,0,0.0,0.0,0
2020-10-11 22:01:30.000,0,0.0,0.0,0
2020-10-11 23:46:30.000,1,0.0,0.0,0
2020-10-12 00:31:30.001,5,0.0,0.0,0
2020-10-12 01:31:30.000,4,0.8,1.3,1
2020-10-12 02:31:30.000,6,0.0,0.0,0
2020-10-12 03:01:30.000,4,0.0,0.0,0
2020-10-12 04:46:30.001,5,0.0,0.0,0
2020-10-12 05:46:30.000,25,32.7,5.8,7
2020-10-12 06:31:30.001,53,70.6,10.3,20
2020-10-12 07:01:30.001,34,2.9,0.2,1
2020-10-12 08:16:30.000,21,2.5,0.2,1
2020-10-12 09:46:30.001,21,12.2,0.9,3
2020-10-12 10:01:30.000,25,16.6,2.7,6
2020-10-12 11:01:30.000,22,4.0,0.6,1
2020-10-12 12:31:30.000,22,0.0,0.0,0
2020-10-12 13:46:30.000,29,24.2,5.5,9
2020-10-12 14:46:30.000,40,45.9,7.7,13
2020-10-12 15:01:00.000,38,22.0,3.2,6
2020-10-12 16:01:30.000,24,3.5,0.5,1
2020-10-12 17:01:30.000,14,0.0,0.0,0
2020-10-12 18:16:30.000,9,7.3,0.2,1
2020-10-12 19:16:30.000,8,0.0,0.0,0
2020-10-12 20:01:30.000,3,0.0,0.0,0
2020-10-12 21:01:30.000,1,0.0,0.0,0
2020-10-12 22:16:30.000,3,0.0,0.0,0
2020-10-12 23:01:30.000,1,0.0,0.0,0
2020-10-13 00:01:30.000,0,0.0,0.0,0
2020-10-13 01:46:30.000,2,0.0,0.0,0
2020-10-13 02:46:30.001,8,0.7,1.6,1
2020-10-13 03:01:30.000,6,0.4,1.2,1
2020-10-13 04:46:30.000,5,0.0,0.0,0
2020-10-13 05:46:30.000,23,10.0,2.5,4
2020-10-13 06:31:30.000,46,61.2,8.3,19
2020-10-13 07:01:30.000,32,8.2,1.2,3
2020-10-13 08:46:30.000,21,2.4,0.5,1
2020-10-13 09:46:30.000,23,8.3,1.0,2
2020-10-13 10:16:30.001,28,17.3,1.7,4
2020-10-13 11:01:30.000,25,7.3,1.2,3
2020-10-13 12:01:30.000,23,2.7,1.1,2
2020-10-13 13:46:30.000,32,31.7,4.4,10
2020-10-13 14:46:30.001,49,98.7,12.4,17
2020-10-13 15:01:30.001,49,78.0,10.9,18
2020-10-13 16:01:30.000,29,6.0,0.5,2
2020-10-13 17:01:30.000,12,0.0,0.0,0
2020-10-13 18:01:30.000,9,0.0,0.0,0
2020-10-13 19:01:30.000,7,0.0,0.0,0
2020-10-13 20:01:30.000,4,0.0,0.0,0
2020-10-13 21:01:30.000,2,0.0,0.0,0
2020-10-13 22:01:30.000,0,0.0,0.0,0
2020-10-13 23:01:30.000,0,0.0,0.0,0
2020-10-14 00:01:30.000,0,0.0,0.0,0
2020-10-14 01:31:30.000,5,0.0,0.0,0
2020-10-14 02:31:30.001,7,0.9,1.9,1
2020-10-14 03:01:30.000,9,0.0,0.0,0
2020-10-14 04:46:30.000,5,0.0,0.0,0
2020-10-14 05:46:30.000,20,10.3,1.6,3
2020-10-14 06:31:30.000,40,32.7,5.0,10
2020-10-14 07:01:30.000,25,6.4,0.8,2
2020-10-14 08:31:30.000,23,2.6,0.2,1
2020-10-14 09:46:30.000,25,8.0,0.5,2
2020-10-14 10:31:30.001,46,69.4,7.7,13
2020-10-14 11:01:30.000,39,28.7,4.8,7
2020-10-14 12:01:30.000,28,0.0,0.0,0
2020-10-14 13:46:30.000,27,6.8,0.8,3
2020-10-14 14:46:30.078,31,27.3,3.8,7
2020-10-14 15:01:30.001,31,23.0,3.4,5
2020-10-14 16:01:30.000,25,8.4,0.8,4
2020-10-14 17:01:30.000,16,0.0,0.0,0
2020-10-14 18:01:30.000,11,0.0,0.0,0
2020-10-14 19:01:30.000,8,0.0,0.0,0
2020-10-14 20:01:30.000,4,2.9,0.2,1
2020-10-14 21:01:30.001,2,0.0,0.0,0
2020-10-14 22:01:30.000,1,0.0,0.0,0
2020-10-14 23:46:30.000,1,0.0,0.0,0
2020-10-15 00:16:30.000,3,0.0,0.0,0
2020-10-15 01:01:30.000,4,0.6,1.2,1
2020-10-15 02:01:30.000,4,0.0,0.0,0
2020-10-15 03:01:30.000,2,0.0,0.0,0
2020-10-15 04:01:30.000,2,0.0,0.0,0
2020-10-15 04:46:30.000,4,0.0,0.0,0
2020-10-15 05:46:30.000,20,11.2,3.5,5
2020-10-15 06:31:30.000,54,73.9,11.3,21
2020-10-15 07:01:30.001,31,15.5,2.0,5
2020-10-15 08:46:30.000,20,0.0,0.0,0
2020-10-15 09:46:30.261,24,13.3,1.7,4
2020-10-15 10:46:30.000,31,36.7,2.1,5
2020-10-15 11:01:30.000,30,9.8,1.7,2
2020-10-15 12:16:30.001,23,2.1,0.4,1
2020-10-15 13:46:30.001,31,41.1,5.7,9
2020-10-15 14:46:30.000,38,38.2,6.4,11
2020-10-15 15:01:30.000,36,23.6,4.3,8
2020-10-15 16:01:30.000,22,0.0,0.0,0
2020-10-15 17:01:30.000,15,0.0,0.0,0
2020-10-15 18:01:30.000,12,0.0,0.0,0
2020-10-15 19:01:30.000,7,0.0,0.0,0
2020-10-15 20:01:30.000,4,0.0,0.0,0
2020-10-15 21:16:30.000,4,0.0,0.0,0
2020-10-15 22:31:30.000,3,1.5,0.3,1
2020-10-15 23:31:30.000,3,0.0,0.0,0
2020-10-16 00:46:30.000,2,0.0,0.0,0
2020-10-16 01:46:30.000,6,0.4,1.3,1
2020-10-16 02:01:30.001,4,1.2,1.3,1
2020-10-16 03:01:30.000,2,0.0,0.0,0
2020-10-16 04:01:30.000,0,0.0,0.0,0
2020-10-16 04:46:30.000,5,0.0,0.0,0
2020-10-16 05:46:30.001,18,8.0,1.6,2
2020-10-16 06:31:30.000,40,29.7,4.8,8
2020-10-16 07:01:30.001,25,9.1,1.6,3
2020-10-16 08:31:30.000,22,3.1,0.9,1
2020-10-16 09:16:30.000,23,2.4,0.6,1
2020-10-16 10:16:30.000,26,14.9,1.7,3
2020-10-16 10:31:30.001,27,3.0,0.9,1
2020-10-16 11:01:30.000,23,2.1,0.5,1
2020-10-16 12:46:30.001,26,11.2,2.0,3
2020-10-16 13:46:30.000,31,27.7,5.4,9
2020-10-16 14:46:30.000,40,43.7,6.7,12
2020-10-16 15:01:30.000,38,39.6,4.9,10
2020-10-16 16:01:30.000,25,12.2,1.5,3
2020-10-16 17:01:30.001,17,0.0,0.0,0
2020-10-16 18:01:30.000,11,1.8,0.1,1
2020-10-16 19:01:30.000,7,0.0,0.0,0
2020-10-16 20:01:30.000,6,5.4,0.7,2
2020-10-16 21:01:30.000,4,0.0,0.0,0
2020-10-16 22:01:30.000,2,0.0,0.0,0
2020-10-16 23:01:30.000,0,0.0,0.0,0
2020-10-17 00:31:30.000,1,0.0,0.0,0
2020-10-17 01:46:30.000,4,0.0,0.0,0
2020-10-17 02:01:30.000,4,0.0,0.0,0
2020-10-17 03:01:30.000,4,0.0,0.0,0
2020-10-17 04:31:30.000,1,0.0,0.0,0
2020-10-17 05:31:30.000,3,0.0,0.0,0
2020-10-17 06:46:30.001,5,0.0,0.0,0
2020-10-17 07:46:30.000,10,0.0,0.0,0
2020-10-17 08:46:30.000,15,0.0,0.0,0
2020-10-17 09:46:30.000,20,2.5,0.1,1
2020-10-17 10:01:30.000,20,0.0,0.0,0
2020-10-17 11:01:30.000,17,1.9,0.2,1
2020-10-17 12:46:30.000,22,7.4,1.1,3
2020-10-17 13:01:30.000,23,2.2,0.4,1
2020-10-17 14:16:30.000,27,6.3,1.3,2
2020-10-17 15:01:30.000,21,0.0,0.0,0
2020-10-17 16:01:30.000,18,0.0,0.0,0
2020-10-17 17:01:30.000,14,3.1,0.3,1
2020-10-17 18:01:30.001,10,0.0,0.0,0
2020-10-17 19:01:30.000,7,0.0,0.0,0
2020-10-17 20:01:30.000,6,0.0,0.0,0
2020-10-17 21:01:30.000,5,0.0,0.0,0
2020-10-17 22:01:30.000,3,0.0,0.0,0
2020-10-17 23:01:30.000,0,0.0,0.0,0
2020-10-18 00:01:30.000,0,0.0,0.0,0
2020-10-18 01:46:30.000,4,0.0,0.0,0
2020-10-18 02:01:30.000,4,0.0,0.0,0
2020-10-18 03:01:30.000,2,0.0,0.0,0
2020-10-18 04:16:30.000,1,0.0,0.0,0
2020-10-18 05:16:30.000,1,0.0,0.0,0
2020-10-18 05:46:30.000,2,0.0,0.0,0
2020-10-18 06:46:30.001,3,0.0,0.0,0
2020-10-18 07:46:30.000,4,0.0,0.0,0
2020-10-18 08:16:30.001,6,0.0,0.0,0
2020-10-18 09:46:30.000,8,0.0,0.0,0
2020-10-18 10:01:30.000,9,0.0,0.0,0
2020-10-18 11:01:30.000,7,0.0,0.0,0
2020-10-18 12:01:30.000,8,0.0,0.0,0
2020-10-18 13:16:30.000,9,0.0,0.0,0
2020-10-18 14:46:30.000,10,0.0,0.0,0
2020-10-18 15:16:30.000,10,0.0,0.0,0
2020-10-18 16:01:30.000,9,0.0,0.0,0
2020-10-18 17:01:30.000,9,0.0,0.0,0
2020-10-18 18:01:30.000,7,0.0,0.0,0
2020-10-18 19:01:30.000,6,0.0,0.0,0
2020-10-18 20:01:30.000,4,0.0,0.0,0
2020-10-18 21:01:30.001,2,0.0,0.0,0
2020-10-18 22:16:30.000,1,0.0,0.0,0
2020-10-18 23:46:30.000,1,0.9,1.8,1
2020-10-19 00:46:30.000,7,0.0,0.0,0
2020-10-19 01:01:30.001,7,0.7,1.4,1
2020-10-19 02:01:30.000,6,0.0,0.0,0
2020-10-19 03:01:30.000,1,0.0,0.0,0
2020-10-19 04:46:30.000,4,0.0,0.0,0
2020-10-19 05:01:30.000,6,0.0,0.0,0
2020-10-19 05:46:30.000,20,5.3,1.9,2
2020-10-19 06:31:30.000,36,27.4,4.4,7
2020-10-19 07:01:30.000,24,9.4,0.6,3
2020-10-19 08:46:30.000,18,0.0,0.0,0
2020-10-19 09:16:30.000,20,0.0,0.0,0
2020-10-19 10:46:30.000,22,6.1,0.6,1
2020-10-19 11:01:30.000,22,2.8,0.2,1
2020-10-19 12:46:30.000,21,5.7,0.8,2
2020-10-19 13:46:30.000,27,15.8,2.9,6
2020-10-19 14:46:30.000,38,39.0,7.7,13
2020-10-19 15:01:30.000,35,25.2,3.2,7
2020-10-19 16:01:30.000,20,4.5,0.4,1
2020-10-19 17:01:30.000,12,0.0,0.0,0
2020-10-19 18:16:30.001,7,0.0,0.0,0
2020-10-19 19:01:30.000,8,0.0,0.0,0
2020-10-19 20:01:30.000,4,0.0,0.0,0
2020-10-19 21:01:30.001,0,0.0,0.0,0
2020-10-19 22:46:30.000,3,0.0,0.0,0
2020-10-19 23:01:30.000,2,0.0,0.0,0
2020-10-20 00:46:30.001,2,0.7,1.5,1
2020-10-20 01:01:30.001,5,0.0,0.0,0
2020-10-20 02:31:30.001,8,0.0,0.0,0
2020-10-20 03:01:30.001,5,0.0,0.0,0
2020-10-20 04:46:30.000,6,0.0,0.0,0
2020-10-20 05:46:30.000,20,9.3,2.5,3
2020-10-20 06:31:30.000,38,60.8,9.2,16
2020-10-20 07:01:30.000,26,6.4,0.5,1
2020-10-20 08:46:30.099,22,0.0,0.0,0
2020-10-20 09:16:30.000,25,3.9,0.5,2
2020-10-20 10:01:30.000,23,2.7,0.3,1
2020-10-20 11:01:30.000,21,3.0,0.5,1
2020-10-20 12:46:30.000,22,3.8,1.5,3
2020-10-20 13:46:30.000,30,29.3,4.8,9
2020-10-20 14:46:30.000,41,53.4,8.2,14
2020-10-20 15:01:30.000,36,21.1,4.5,8
2020-10-20 16:01:30.000,22,0.0,0.0,0
2020-10-20 17:01:30.000,13,0.0,0.0,0
2020-10-20 18:01:30.000,10,2.4,0.2,1
2020-10-20 19:01:30.000,5,0.0,0.0,0
2020-10-20 20:01:30.000,3,0.0,0.0,0
2020-10-20 21:16:30.000,2,0.0,0.0,0
2020-10-20 22:31:30.000,4,0.0,0.0,0
2020-10-20 23:01:30.000,4,0.0,0.0,0
2020-10-21 00:31:30.000,6,0.7,1.7,1
2020-10-21 01:16:30.000,7,0.0,0.0,0
2020-10-21 02:31:30.000,9,0.0,0.0,0
2020-10-21 03:01:30.000,6,0.0,0.0,0
2020-10-21 04:31:30.000,6,0.0,0.0,0
2020-10-21 05:46:30.000,18,5.0,0.9,2
2020-10-21 06:31:00.000,36,40.9,6.8,12
2020-10-21 07:01:30.001,24,5.2,0.5,2
2020-10-21 08:46:30.000,21,2.5,0.3,1
2020-10-21 09:16:30.000,23,2.4,0.3,1
2020-10-21 10:31:30.000,37,32.9,5.6,12
2020-10-21 11:01:30.000,28,2.5,0.2,1
2020-10-21 12:01:30.001,23,2.3,0.4,1
2020-10-21 13:01:30.000,23,4.5,0.5,2
2020-10-21 14:46:30.000,29,22.3,3.0,5
2020-10-21 15:01:30.000,29,8.1,1.4,3
2020-10-21 16:01:30.000,21,0.0,0.0,0
2020-10-21 17:01:30.000,12,0.0,0.0,0
2020-10-21 18:01:30.000,9,0.0,0.0,0
2020-10-21 19:16:30.001,8,0.0,0.0,0
2020-10-21 20:01:30.001,5,0.0,0.0,0
2020-10-21 21:01:30.000,1,0.0,0.0,0
2020-10-21 22:46:30.000,2,0.0,0.0,0
2020-10-21 23:46:30.000,3,0.0,0.0,0
2020-10-22 00:46:30.000,6,0.0,0.0,0
2020-10-22 01:31:30.001,9,0.0,0.0,0
2020-10-22 02:01:30.000,9,0.8,1.5,1
2020-10-22 03:16:30.000,2,0.0,0.0,0
2020-10-22 04:46:30.000,4,0.0,0.0,0
2020-10-22 05:46:30.000,19,0.0,0.0,0
2020-10-22 06:31:30.000,39,51.8,6.1,13
2020-10-22 07:01:30.000,25,3.7,0.4,1
2020-10-22 08:31:30.000,19,0.0,0.0,0
2020-10-22 09:31:30.001,22,0.0,0.0,0
2020-10-22 10:01:30.000,21,0.0,0.0,0
2020-10-22 11:01:30.001,21,3.3,0.2,1
2020-10-22 12:31:30.000,24,20.6,2.4,4
2020-10-22 13:46:30.000,26,8.8,1.0,3
2020-10-22 14:46:30.000,31,27.8,4.7,7
2020-10-22 15:01:30.000,33,23.0,4.3,8
2020-10-22 16:01:30.000,21,6.4,0.6,2
2020-10-22 17:01:30.000,13,0.0,0.0,0
2020-10-22 18:01:30.000,9,0.0,0.0,0
2020-10-22 19:16:30.001,6,0.0,0.0,0
2020-10-22 20:01:30.000,4,2.4,0.3,1
2020-10-22 21:01:30.000,2,0.0,0.0,0
2020-10-22 22:01:30.001,0,0.0,0.0,0
2020-10-22 23:46:30.000,5,0.0,0.0,0
2020-10-23 00:16:30.001,6,0.4,1.2,1
2020-10-23 01:01:30.000,4,0.0,0.0,0
2020-10-23 02:16:30.001,9,0.0,0.0,0
2020-10-23 03:01:30.000,6,0.0,0.0,0
2020-10-23 04:46:30.000,7,0.0,0.0,0
2020-10-23 05:46:30.000,18,1.6,0.6,1
2020-10-23 06:31:30.000,45,54.8,7.7,17
2020-10-23 07:01:30.000,31,4.7,1.3,1
2020-10-23 08:31:30.001,23,0.0,0.0,0
2020-10-23 09:01:30.001,21,0.0,0.0,0
2020-10-23 09:46:30.000,23,2.6,0.7,1
2020-10-23 10:16:30.000,22,2.8,0.2,1
2020-10-23 11:01:30.000,20,0.0,0.0,0
2020-10-23 12:46:30.000,23,3.8,0.9,2
2020-10-23 13:46:30.000,31,21.4,3.7,7
2020-10-23 14:31:30.001,35,35.0,6.0,12
2020-10-23 15:01:30.000,31,13.5,2.3,5
2020-10-23 16:01:30.000,21,0.0,0.0,0
2020-10-23 17:01:30.000,15,0.0,0.0,0
2020-10-23 18:01:30.000,10,0.0,0.0,0
2020-10-23 19:01:30.001,6,0.0,0.0,0
2020-10-23 20:01:30.001,5,0.0,0.0,0
2020-10-23 21:16:30.001,3,3.5,0.1,1
2020-10-23 22:46:30.000,1,0.7,1.5,1
2020-10-23 23:46:30.000,2,0.0,0.0,0
2020-10-24 00:01:30.000,2,0.0,0.0,0
2020-10-24 01:01:30.000,1,0.0,0.0,0
2020-10-24 02:46:30.000,11,0.0,0.0,0
2020-10-24 03:01:30.000,11,0.0,0.0,0
2020-10-24 04:01:30.000,2,0.0,0.0,0
2020-10-24 05:01:30.000,3,0.0,0.0,0
2020-10-24 06:46:30.000,5,0.0,0.0,0
2020-10-24 07:46:30.000,10,0.0,0.0,0
2020-10-24 08:46:30.000,15,0.0,0.0,0
2020-10-24 09:46:30.000,18,6.1,0.2,2
2020-10-24 10:01:30.000,20,7.4,0.8,2
2020-10-24 11:01:30.000,17,1.0,0.3,1
2020-10-24 12:46:30.000,23,2.0,0.6,1
2020-10-24 13:01:30.001,22,5.0,0.8,2
2020-10-24 14:01:30.000,21,1.1,0.1,1
2020-10-24 15:01:30.000,18,0.0,0.0,0
2020-10-24 16:01:30.000,17,0.0,0.0,0
2020-10-24 17:01:30.000,13,0.0,0.0,0
2020-10-24 18:01:30.000,8,0.0,0.0,0
2020-10-24 19:16:30.000,6,0.0,0.0,0
2020-10-24 20:01:30.000,2,0.0,0.0,0
2020-10-24 21:01:30.000,0,0.0,0.0,0
2020-10-24 22:01:30.000,0,0.0,0.0,0
2020-10-24 23:16:30.000,1,0.0,0.0,0
2020-10-25 00:01:30.001,0,0.0,0.0,0
2020-10-25 02:01:30.000,0,0.0,0.0,0
2020-10-25 03:01:30.000,0,0.0,0.0,0
2020-10-25 04:01:30.000,0,0.0,0.0,0
2020-10-25 05:01:30.000,0,0.0,0.0,0
2020-10-25 06:16:30.000,2,0.0,0.0,0
2020-10-25 07:16:30.000,5,0.0,0.0,0
2020-10-25 08:46:30.000,6,0.0,0.0,0
2020-10-25 09:46:30.001,7,0.0,0.0,0
2020-10-25 10:31:30.001,10,0.0,0.0,0
2020-10-25 11:01:30.000,9,0.0,0.0,0
2020-10-25 12:01:30.001,6,2.3,0.1,1
2020-10-25 13:16:30.000,7,0.0,0.0,0
2020-10-25 14:01:30.000,8,0.0,0.0,0
2020-10-25 15:31:30.000,10,0.0,0.0,0
2020-10-25 16:01:30.000,10,0.0,0.0,0
2020-10-25 17:01:30.001,11,0.0,0.0,0
2020-10-25 18:01:30.000,7,0.0,0.0,0
2020-10-25 19:01:30.000,5,0.0,0.0,0
2020-10-25 20:01:30.000,4,0.0,0.0,0
2020-10-25 21:01:30.000,2,0.0,0.0,0
2020-10-25 22:01:30.000,0,0.0,0.0,0
2020-10-25 23:31:30.000,1,0.0,0.0,0
2020-10-26 00:46:30.000,3,0.0,0.0,0
2020-10-26 01:46:30.000,9,0.5,1.6,1
2020-10-26 02:01:30.000,9,0.0,0.0,0
2020-10-26 03:01:30.000,7,0.0,0.0,0
2020-10-26 04:01:30.000,4,0.0,0.0,0
2020-10-26 05:46:30.000,5,0.0,0.0,0
2020-10-26 06:46:30.000,18,0.9,0.6,1
2020-10-26 07:16:30.000,32,56.0,5.3,13
2020-10-26 08:01:30.000,20,2.0,0.6,1
2020-10-26 09:46:30.001,29,42.5,3.5,6
2020-10-26 10:16:30.000,34,39.0,3.4,4
2020-10-26 11:31:30.000,30,24.4,1.8,2
2020-10-26 12:16:30.001,27,30.0,1.8,4
2020-10-26 13:31:30.000,26,19.8,1.1,2
2020-10-26 14:46:30.000,28,18.1,2.3,6
2020-10-26 15:46:30.000,31,17.3,3.2,5
2020-10-26 16:01:30.000,28,19.2,2.3,5
2020-10-26 17:01:30.000,19,0.0,0.0,0
2020-10-26 18:01:30.001,11,2.3,0.3,1
2020-10-26 19:01:30.000,8,0.0,0.0,0
2020-10-26 20:16:30.000,8,0.0,0.0,0
2020-10-26 21:01:30.000,2,0.0,0.0,0
2020-10-26 22:46:30.000,2,0.0,0.0,0
2020-10-26 23:31:30.000,7,0.0,0.0,0
2020-10-27 00:01:30.000,11,0.0,0.0,0
2020-10-27 01:46:30.001,10,0.0,0.0,0
2020-10-27 02:16:30.001,9,0.0,0.0,0
2020-10-27 03:01:30.000,8,0.0,0.0,0
2020-10-27 04:01:30.000,5,0.0,0.0,0
2020-10-27 05:46:30.000,5,0.0,0.0,0
2020-10-27 06:46:30.000,17,0.0,0.0,0
2020-10-27 07:31:30.000,31,21.9,3.2,6
2020-10-27 08:01:30.000,22,3.9,0.2,1
2020-10-27 09:46:30.000,19,0.0,0.0,0
2020-10-27 10:46:30.000,23,11.8,1.3,2
2020-10-27 11:16:30.000,23,14.3,1.5,3
2020-10-27 12:01:30.000,22,9.1,1.5,2
2020-10-27 13:46:30.001,25,17.6,1.4,2
2020-10-27 14:46:30.001,28,16.1,2.6,6
2020-10-27 15:46:30.000,34,31.2,5.4,8
2020-10-27 16:01:30.000,32,11.5,2.7,5
2020-10-27 17:01:30.000,22,2.2,1.0,1
2020-10-27 18:01:30.000,12,0.0,0.0,0
2020-10-27 19:01:30.000,8,0.0,0.0,0
2020-10-27 20:01:30.000,5,0.0,0.0,0
2020-10-27 21:01:30.000,2,0.0,0.0,0
2020-10-27 22:01:30.000,3,0.0,0.0,0
2020-10-27 23:46:30.000,4,0.0,0.0,0
2020-10-28 00:01:30.000,4,0.0,0.0,0
2020-10-28 01:01:30.000,3,0.0,0.0,0
2020-10-28 02:01:30.000,5,0.0,0.0,0
2020-10-28 03:46:30.000,5,0.0,0.0,0
2020-10-28 04:01:30.000,3,0.0,0.0,0
2020-10-28 05:01:30.000,2,0.0,0.0,0
2020-10-28 05:46:30.000,5,0.0,0.0,0
2020-10-28 06:46:30.000,11,0.0,0.0,0
2020-10-28 07:31:30.000,17,9.7,1.1,3
2020-10-28 08:01:30.000,16,0.0,0.0,0
2020-10-28 09:31:30.000,19,4.4,0.7,2
2020-10-28 10:46:30.000,21,2.6,0.2,1
2020-10-28 11:31:30.000,26,27.0,2.3,4
2020-10-28 12:01:30.000,28,38.3,2.7,4
2020-10-28 13:01:30.000,25,0.0,0.0,0
2020-10-28 14:01:30.000,22,5.8,1.1,3
2020-10-28 15:16:30.000,23,2.1,0.5,1
2020-10-28 16:01:30.000,23,0.0,0.0,0
2020-10-28 17:01:30.000,20,0.0,0.0,0
2020-10-28 18:01:30.000,12,0.0,0.0,0
2020-10-28 19:01:30.000,7,0.0,0.0,0
2020-10-28 20:31:30.000,9,0.0,0.0,0
2020-10-28 21:01:30.000,6,0.0,0.0,0
2020-10-28 22:46:30.000,6,0.0,0.0,0
2020-10-28 23:01:30.000,6,0.0,0.0,0
2020-10-29 00:31:30.000,5,0.0,0.0,0
2020-10-29 01:01:30.000,5,0.7,1.4,1
2020-10-29 02:31:30.000,8,0.0,0.0,0
2020-10-29 03:16:30.000,8,0.0,0.0,0
2020-10-29 04:01:30.000,5,0.0,0.0,0
2020-10-29 05:46:30.000,5,0.0,0.0,0
2020-10-29 06:46:30.000,12,0.0,0.0,0
2020-10-29 07:31:30.000,21,12.9,1.6,4
2020-10-29 08:46:30.000,19,2.5,0.2,1
2020-10-29 09:46:30.000,23,0.0,0.0,0
2020-10-29 10:46:30.000,24,9.8,0.9,2
2020-10-29 11:02:00.000,22,3.1,0.5,1
2020-10-29 12:46:30.000,21,2.4,0.3,1
2020-10-29 13:31:30.001,22,3.2,0.7,1
2020-10-29 14:46:30.000,30,19.3,3.6,7
2020-10-29 15:01:30.000,29,10.7,2.0,3
2020-10-29 16:31:30.000,30,5.6,2.0,2
2020-10-29 17:01:30.000,25,2.5,0.3,1
2020-10-29 18:01:30.001,15,2.0,1.0,1
2020-10-29 19:01:30.000,8,0.0,0.0,0
2020-10-29 20:46:30.000,6,0.0,0.0,0
2020-10-29 21:01:30.000,4,0.0,0.0,0
2020-10-29 22:31:30.000,1,0.0,0.0,0
2020-10-29 23:31:30.000,2,0.5,1.2,1
2020-10-30 00:31:30.001,6,0.0,0.0,0
2020-10-30 01:31:30.000,5,0.0,0.0,0
2020-10-30 02:16:30.001,5,0.0,0.0,0
2020-10-30 03:16:30.000,7,0.0,0.0,0
2020-10-30 04:01:30.001,6,0.0,0.0,0
2020-10-30 05:46:30.000,5,0.0,0.0,0
2020-10-30 06:46:30.000,12,0.0,0.0,0
2020-10-30 07:31:30.000,19,0.0,0.0,0
2020-10-30 08:01:30.000,17,4.5,0.3,1
2020-10-30 09:46:30.000,23,0.0,0.0,0
2020-10-30 10:46:30.000,26,7.2,1.3,3
2020-10-30 11:01:30.000,25,3.5,0.3,1
2020-10-30 12:01:30.000,22,0.0,0.0,0
2020-10-30 13:46:30.000,25,4.9,1.2,2
2020-10-30 14:46:30.000,91,93.1,16.3,17
2020-10-30 15:46:30.001,110,119.2,18.8,19
2020-10-30 16:01:30.001,120,109.4,19.2,16
2020-10-30 17:01:30.000,50,5.7,1.2,2
2020-10-30 18:01:30.000,15,0.0,0.0,0
2020-10-30 19:01:30.000,7,0.0,0.0,0
2020-10-30 20:01:30.000,5,0.0,0.0,0
2020-10-30 21:01:30.000,3,0.0,0.0,0
2020-10-30 22:31:30.000,2,0.0,0.0,0
2020-10-30 23:31:30.000,4,0.0,0.0,0
2020-10-31 00:01:30.001,3,0.6,1.4,1
2020-10-31 01:46:30.000,7,1.2,1.5,1
2020-10-31 02:01:30.000,7,0.0,0.0,0
2020-10-31 03:01:30.001,6,0.0,0.0,0
2020-10-31 04:01:30.000,3,0.0,0.0,0
2020-10-31 05:31:30.000,3,0.0,0.0,0
2020-10-31 06:46:30.000,3,0.0,0.0,0
2020-10-31 07:01:30.000,3,0.0,0.0,0
2020-10-31 08:46:30.000,10,0.0,0.0,0
2020-10-31 09:46:30.000,19,7.2,0.7,3
2020-10-31 10:31:30.000,26,8.6,2.0,3
2020-10-31 11:01:30.000,27,9.6,1.9,4
2020-10-31 12:01:30.000,20,2.1,0.3,1
2020-10-31 13:46:30.000,29,11.6,1.8,4
2020-10-31 14:01:30.001,31,17.9,3.9,8
2020-10-31 15:01:30.000,28,7.2,1.2,3
2020-10-31 16:01:30.000,27,10.2,1.4,3
2020-10-31 17:01:30.001,22,2.6,0.3,1
2020-10-31 18:01:30.000,14,3.0,0.7,1
2020-10-31 19:01:30.000,9,0.0,0.0,0
2020-10-31 20:01:30.000,6,0.0,0.0,0
2020-10-31 21:01:30.000,4,0.0,0.0,0
2020-10-31 22:01:30.000,3,0.0,0.0,0
2020-10-31 23:31:30.000,3,0.0,0.0,0
2020-11-01 00:01:30.001,3,0.0,0.0,0
2020-11-01 01:01:30.000,3,0.0,0.0,0
2020-11-01 02:01:30.000,3,0.0,0.0,0
2020-11-01 03:01:30.000,2,0.0,0.0,0
2020-11-01 04:01:30.001,0,0.0,0.0,0
2020-11-01 05:01:30.000,0,0.0,0.0,0
2020-11-01 06:46:30.000,2,0.0,0.0,0
2020-11-01 07:01:30.000,4,0.0,0.0,0
2020-11-01 08:01:30.000,4,0.0,0.0,0
2020-11-01 09:46:30.000,8,0.0,0.0,0
2020-11-01 10:01:30.000,9,0.0,0.0,0
2020-11-01 11:01:30.000,9,0.0,0.0,0
2020-11-01 12:01:30.000,8,0.0,0.0,0
2020-11-01 13:46:30.000,8,2.9,0.5,1
2020-11-01 14:46:30.001,10,0.0,0.0,0
2020-11-01 15:31:30.001,11,0.0,0.0,0
2020-11-01 16:46:30.001,11,0.0,0.0,0
2020-11-01 17:01:30.000,10,0.0,0.0,0
2020-11-01 18:16:30.000,9,0.0,0.0,0
2020-11-01 19:01:30.000,7,0.0,0.0,0
2020-11-01 20:16:30.000,7,0.0,0.0,0
2020-11-01 21:16:30.001,2,2.2,0.2,1
2020-11-01 22:16:30.001,2,0.0,0.0,0
2020-11-01 23:16:30.000,1,0.0,0.0,0
2020-11-02 00:01:30.001,0,0.0,0.0,0
2020-11-02 01:46:30.000,8,0.0,0.0,0
2020-11-02 02:16:30.000,12,0.0,0.0,0
2020-11-02 03:31:30.001,12,0.0,0.0,0
2020-11-02 04:01:30.000,6,0.0,0.0,0
2020-11-02 05:01:30.000,4,0.0,0.0,0
2020-11-02 06:46:30.001,6,0.0,0.0,0
2020-11-02 07:01:30.000,6,0.0,0.0,0
2020-11-02 08:01:30.000,8,0.0,0.0,0
2020-11-02 09:31:30.000,11,3.0,0.2,1
2020-11-02 10:46:30.000,12,0.0,0.0,0
2020-11-02 11:01:30.000,12,0.0,0.0,0
2020-11-02 12:01:30.000,10,0.0,0.0,0
2020-11-02 13:31:30.000,12,0.0,0.0,0
2020-11-02 14:46:30.000,14,0.0,0.0,0
2020-11-02 15:01:30.000,17,0.0,0.0,0
2020-11-02 16:01:30.000,16,0.0,0.0,0
2020-11-02 17:01:30.000,13,0.0,0.0,0
2020-11-02 18:01:30.000,9,0.0,0.0,0
2020-11-02 19:01:30.000,5,0.0,0.0,0
2020-11-02 20:16:30.000,4,0.0,0.0,0
2020-11-02 21:01:30.000,2,0.0,0.0,0
2020-11-02 22:31:30.000,6,0.0,0.0,0
2020-11-02 23:01:30.000,2,0.0,0.0,0
2020-11-03 00:31:30.000,4,0.0,0.0,0
2020-11-03 01:46:30.000,7,0.0,0.0,0
2020-11-03 02:01:30.000,8,0.0,0.0,0
2020-11-03 03:01:30.000,9,0.0,0.0,0
2020-11-03 04:01:30.000,6,0.0,0.0,0
2020-11-03 05:46:30.000,4,0.0,0.0,0
2020-11-03 06:46:30.001,10,0.0,0.0,0
2020-11-03 07:46:30.000,12,6.2,0.7,3
2020-11-03 08:01:30.000,13,0.0,0.0,0
2020-11-03 09:16:30.000,13,0.0,0.0,0
2020-11-03 10:31:30.000,16,0.0,0.0,0
2020-11-03 11:01:30.001,15,0.0,0.0,0
2020-11-03 12:46:30.000,15,4.3,0.1,1
2020-11-03 13:31:30.001,17,2.1,0.4,1
2020-11-03 14:01:30.000,17,2.2,0.2,1
2020-11-03 15:16:30.000,20,3.1,0.4,1
2020-11-03 16:01:30.001,18,2.2,0.5,1
2020-11-03 17:01:30.000,17,1.5,0.3,1
2020-11-03 18:01:30.000,9,0.0,0.0,0
2020-11-03 19:01:30.000,5,1.2,0.1,1
2020-11-03 20:01:30.000,3,2.7,0.4,1
2020-11-03 21:01:30.000,1,0.0,0.0,0
2020-11-03 22:46:30.000,3,0.0,0.0,0
2020-11-03 23:16:30.001,3,0.0,0.0,0
2020-11-04 00:01:30.000,3,0.0,0.0,0
2020-11-04 01:46:30.000,9,0.0,0.0,0
2020-11-04 02:01:30.001,8,0.0,0.0,0
2020-11-04 03:01:30.000,5,0.8,1.3,1
2020-11-04 04:16:30.000,6,0.0,0.0,0
2020-11-04 05:46:30.000,3,0.0,0.0,0
2020-11-04 06:46:30.000,10,0.0,0.0,0
2020-11-04 07:01:30.000,10,0.0,0.0,0
2020-11-04 08:46:30.000,12,0.0,0.0,0
2020-11-04 09:31:30.001,15,5.3,1.3,2
2020-11-04 10:46:30.000,17,0.0,0.0,0
2020-11-04 11:01:30.000,17,1.8,0.2,1
2020-11-04 12:16:30.000,14,0.0,0.0,0
2020-11-04 13:31:30.000,17,5.5,0.4,1
2020-11-04 14:01:30.000,17,2.6,0.4,1
2020-11-04 15:31:30.001,21,5.7,0.5,2
2020-11-04 16:01:30.001,19,2.1,0.1,1
2020-11-04 17:01:30.000,16,6.8,0.2,1
2020-11-04 18:01:30.000,8,0.0,0.0,0
2020-11-04 19:16:30.000,6,0.0,0.0,0
2020-11-04 20:01:30.000,3,0.0,0.0,0
2020-11-04 21:01:30.000,0,0.0,0.0,0
2020-11-04 22:01:30.000,0,0.0,0.0,0
2020-11-04 23:31:30.001,1,0.0,0.0,0
2020-11-05 00:46:30.000,5,0.0,0.0,0
2020-11-05 01:16:30.000,7,0.0,0.0,0
2020-11-05 02:31:30.000,12,0.0,0.0,0
2020-11-05 03:46:30.001,15,0.0,0.0,0
2020-11-05 04:01:30.000,11,0.0,0.0,0
2020-11-05 05:46:30.000,6,0.0,0.0,0
2020-11-05 06:46:30.000,11,0.6,1.1,1
2020-11-05 07:46:30.001,12,0.0,0.0,0
2020-11-05 08:16:30.000,13,0.0,0.0,0
2020-11-05 09:01:30.000,14,0.0,0.0,0
2020-11-05 10:46:30.000,16,0.0,0.0,0
2020-11-05 11:01:30.000,16,2.1,0.4,1
2020-11-05 12:01:30.000,14,0.0,0.0,0
2020-11-05 13:31:30.000,17,7.3,0.8,3
2020-11-05 14:46:30.000,19,1.8,0.3,1
2020-11-05 15:46:30.001,22,0.0,0.0,0
2020-11-05 16:01:30.000,21,8.5,1.3,2
2020-11-05 17:01:30.001,17,0.0,0.0,0
2020-11-05 18:01:30.000,10,0.0,0.0,0
2020-11-05 19:01:30.000,6,1.8,0.1,1
2020-11-05 20:01:30.000,5,0.0,0.0,0
2020-11-05 21:01:30.000,1,0.0,0.0,0
2020-11-05 22:01:30.001,2,0.0,0.0,0
2020-11-05 23:16:30.000,3,0.0,0.0,0
2020-11-06 00:46:30.000,8,0.0,0.0,0
2020-11-06 01:16:30.000,9,0.6,1.3,1
2020-11-06 02:16:30.000,12,0.0,0.0,0
2020-11-06 03:01:30.000,11,0.0,0.0,0
2020-11-06 04:16:30.000,3,0.5,1.1,1
2020-11-06 05:31:30.000,4,0.0,0.0,0
2020-11-06 06:46:30.000,9,0.0,0.0,0
2020-11-06 07:46:30.000,12,0.0,0.0,0
2020-11-06 08:01:30.000,12,0.0,0.0,0
2020-11-06 09:16:30.000,15,2.1,0.1,1
2020-11-06 10:46:30.000,17,0.0,0.0,0
2020-11-06 11:01:30.000,17,0.0,0.0,0
2020-11-06 12:01:30.000,14,0.0,0.0,0
2020-11-06 12:46:30.001,15,2.8,0.4,1
2020-11-06 13:46:30.001,19,4.1,0.7,2
2020-11-06 14:16:30.000,24,15.5,1.4,5
2020-11-06 15:16:30.000,24,8.8,1.4,3
2020-11-06 16:01:30.000,21,5.1,1.0,2
2020-11-06 17:01:30.000,17,0.0,0.0,0
2020-11-06 18:01:30.000,11,0.0,0.0,0
2020-11-06 19:01:30.000,6,0.0,0.0,0
2020-11-06 20:01:30.001,4,0.0,0.0,0
2020-11-06 21:01:30.001,1,0.0,0.0,0
2020-11-06 22:01:30.000,0,0.0,0.0,0
2020-11-06 23:46:30.000,1,0.6,1.4,1
2020-11-07 00:01:30.001,0,0.0,0.0,0
2020-11-07 01:16:30.000,3,0.0,0.0,0
2020-11-07 02:16:30.000,9,0.0,0.0,0
2020-11-07 03:01:30.001,5,0.0,0.0,0
2020-11-07 04:01:30.000,2,0.0,0.0,0
2020-11-07 05:16:30.000,2,0.6,1.3,1
2020-11-07 06:01:30.000,2,0.0,0.0,0
2020-11-07 06:46:30.000,4,0.0,0.0,0
2020-11-07 07:46:30.000,5,0.0,0.0,0
2020-11-07 08:46:30.000,6,0.0,0.0,0
2020-11-07 09:46:30.000,11,0.0,0.0,0
2020-11-07 10:46:30.000,15,2.4,0.6,1
2020-11-07 11:01:30.000,13,0.0,0.0,0
2020-11-07 12:46:30.000,13,2.1,0.2,1
2020-11-07 13:46:30.000,18,4.1,0.6,1
2020-11-07 14:01:30.000,19,6.1,0.9,1
2020-11-07 15:46:30.000,19,5.0,0.8,1
2020-11-07 16:01:30.000,21,8.3,1.5,2
2020-11-07 17:01:30.000,16,5.9,0.4,2
2020-11-07 18:01:30.000,8,0.0,0.0,0
2020-11-07 19:01:30.000,6,4.2,0.8,1
2020-11-07 20:01:30.000,4,3.6,0.1,1
2020-11-07 21:01:30.000,1,0.0,0.0,0
2020-11-07 22:16:30.000,2,0.0,0.0,0
2020-11-07 23:31:30.000,1,0.0,0.0,0
2020-11-08 00:01:30.000,1,0.0,0.0,0
2020-11-08 01:01:30.000,0,0.0,0.0,0
2020-11-08 02:01:30.001,0,0.0,0.0,0
2020-11-08 03:46:30.000,2,0.0,0.0,0
2020-11-08 04:01:30.000,2,0.0,0.0,0
2020-11-08 05:01:30.000,1,0.0,0.0,0
2020-11-08 06:01:30.000,1,0.0,0.0,0
2020-11-08 07:31:30.000,3,0.0,0.0,0
2020-11-08 08:31:30.000,3,0.0,0.0,0
2020-11-08 09:31:30.000,5,0.0,0.0,0
2020-11-08 10:16:30.000,7,0.0,0.0,0
2020-11-08 11:01:30.000,7,0.0,0.0,0
2020-11-08 12:46:30.000,6,0.0,0.0,0
2020-11-08 13:46:30.000,8,0.0,0.0,0
2020-11-08 14:46:30.000,10,2.6,0.6,1
2020-11-08 15:01:30.000,10,0.0,0.0,0
2020-11-08 16:16:30.000,11,0.0,0.0,0
2020-11-08 17:01:30.000,10,0.0,0.0,0
2020-11-08 18:01:30.000,6,0.0,0.0,0
2020-11-08 19:16:30.000,5,0.0,0.0,0
2020-11-08 20:01:30.000,4,0.0,0.0,0
2020-11-08 21:01:30.000,0,0.0,0.0,0
2020-11-08 22:01:30.000,0,0.0,0.0,0
2020-11-08 23:01:30.000,0,0.0,0.0,0
2020-11-09 00:01:30.000,1,0.0,0.0,0
2020-11-09 01:31:30.000,3,0.6,1.2,1
2020-11-09 02:01:30.000,3,0.0,0.0,0
2020-11-09 03:31:30.000,6,0.0,0.0,0
2020-11-09 04:01:30.000,3,0.0,0.0,0
2020-11-09 05:01:30.001,3,0.0,0.0,0
2020-11-09 05:31:30.000,4,3.5,0.2,2
2020-11-09 06:46:30.000,11,6.6,0.9,2
2020-11-09 07:01:30.000,13,4.8,0.4,1
2020-11-09 08:16:30.000,12,0.0,0.0,0
2020-11-09 09:46:30.001,14,1.0,0.3,1
2020-11-09 10:16:30.000,16,0.0,0.0,0
2020-11-09 11:01:30.000,15,0.0,0.0,0
2020-11-09 12:31:30.000,15,0.0,0.0,0
2020-11-09 13:31:30.000,18,5.1,0.5,2
2020-11-09 14:46:30.000,19,0.0,0.0,0
2020-11-09 15:46:30.000,22,2.2,0.4,1
2020-11-09 16:01:30.000,21,0.0,0.0,0
2020-11-09 17:01:30.000,18,0.0,0.0,0
2020-11-09 18:01:30.000,11,0.0,0.0,0
2020-11-09 19:01:30.000,6,0.0,0.0,0
2020-11-09 20:01:30.000,5,5.0,0.3,1
2020-11-09 21:01:30.000,1,0.0,0.0,0
2020-11-09 22:01:30.000,1,0.0,0.0,0
2020-11-09 23:01:30.000,0,0.0,0.0,0
2020-11-10 00:46:30.000,3,0.0,0.0,0
2020-11-10 01:46:30.000,7,0.0,0.0,0
2020-11-10 02:01:30.000,6,0.0,0.0,0
2020-11-10 03:46:30.001,5,0.6,1.2,1
2020-11-10 04:16:30.000,5,0.0,0.0,0
2020-11-10 05:16:30.000,5,0.8,1.4,1
2020-11-10 06:46:30.000,12,7.0,0.5,2
2020-11-10 07:16:30.000,13,2.4,0.1,1
2020-11-10 08:46:30.000,15,0.0,0.0,0
2020-11-10 09:46:30.000,17,0.0,0.0,0
2020-11-10 10:16:30.000,19,0.0,0.0,0
2020-11-10 11:01:30.000,17,0.0,0.0,0
2020-11-10 12:01:30.000,17,0.0,0.0,0
2020-11-10 13:31:30.000,19,0.0,0.0,0
2020-11-10 14:31:30.000,21,0.0,0.0,0
2020-11-10 15:31:30.000,23,5.6,0.7,2
2020-11-10 16:01:30.001,23,2.0,0.4,1
2020-11-10 17:01:30.000,19,4.9,0.3,2
2020-11-10 18:01:30.000,12,0.0,0.0,0
2020-11-10 19:01:30.000,8,0.0,0.0,0
2020-11-10 20:01:30.000,5,0.0,0.0,0
2020-11-10 21:01:30.000,2,0.0,0.0,0
2020-11-10 22:01:30.000,0,0.0,0.0,0
2020-11-10 23:16:30.000,4,0.0,0.0,0
2020-11-11 00:01:30.000,5,0.0,0.0,0
2020-11-11 01:46:30.000,4,0.8,1.6,1
2020-11-11 02:01:30.000,6,0.0,0.0,0
2020-11-11 03:01:30.000,4,0.0,0.0,0
2020-11-11 04:01:30.000,1,0.0,0.0,0
2020-11-11 05:01:30.000,0,0.0,0.0,0
2020-11-11 06:31:30.000,2,0.0,0.0,0
2020-11-11 07:46:30.000,3,2.9,0.2,1
2020-11-11 08:16:30.000,5,0.0,0.0,0
2020-11-11 09:46:30.000,6,0.0,0.0,0
2020-11-11 10:16:30.000,7,2.6,0.2,1
2020-11-11 11:01:30.000,7,0.0,0.0,0
2020-11-11 12:01:30.000,7,0.0,0.0,0
2020-11-11 13:46:30.000,10,0.0,0.0,0
2020-11-11 14:46:30.001,10,0.0,0.0,0
2020-11-11 15:01:30.000,11,0.0,0.0,0
2020-11-11 16:16:30.001,12,0.0,0.0,0
2020-11-11 17:01:30.000,11,0.0,0.0,0
2020-11-11 18:01:30.000,7,0.0,0.0,0
2020-11-11 19:01:30.000,5,0.0,0.0,0
2020-11-11 20:01:30.000,4,0.0,0.0,0
2020-11-11 21:01:30.000,0,0.0,0.0,0
2020-11-11 22:01:30.000,0,0.0,0.0,0
2020-11-11 23:46:30.000,2,0.0,0.0,0
2020-11-12 00:01:30.000,4,0.0,0.0,0
2020-11-12 01:01:30.000,4,0.0,0.0,0
2020-11-12 02:01:30.001,2,0.0,0.0,0
2020-11-12 03:16:30.000,1,0.0,0.0,0
2020-11-12 04:01:30.001,1,0.0,0.0,0
2020-11-12 05:01:30.000,1,0.0,0.0,0
2020-11-12 05:46:30.000,5,0.0,0.0,0
2020-11-12 06:46:30.000,14,2.8,0.3,1
2020-11-12 07:01:30.001,15,5.9,0.5,1
2020-11-12 08:46:30.000,17,5.3,0.6,2
2020-11-12 09:46:30.000,21,7.3,1.1,3
2020-11-12 10:01:30.000,22,5.2,0.7,2
2020-11-12 11:01:30.000,21,7.7,0.8,3
2020-11-12 12:01:30.000,17,8.0,0.4,1
2020-11-12 13:31:30.000,20,11.1,1.2,3
2020-11-12 14:16:30.000,23,9.2,1.1,2
2020-11-12 15:16:30.000,26,16.3,1.8,4
2020-11-12 16:01:30.000,24,0.0,0.0,0
2020-11-12 17:01:30.001,19,0.0,0.0,0
2020-11-12 18:01:30.000,11,0.0,0.0,0
2020-11-12 19:01:30.000,7,0.0,0.0,0
2020-11-12 20:01:30.000,3,0.0,0.0,0
2020-11-12 21:01:30.000,0,0.0,0.0,0
2020-11-12 22:46:30.000,3,0.0,0.0,0
2020-11-12 23:01:30.000,3,0.0,0.0,0
2020-11-13 00:01:30.000,4,0.0,0.0,0
2020-11-13 01:31:30.001,8,0.0,0.0,0
2020-11-13 02:01:30.001,8,0.5,1.6,1
2020-11-13 03:01:30.000,5,0.0,0.0,0
2020-11-13 04:01:30.000,2,0.0,0.0,0
2020-11-13 05:46:30.001,4,0.0,0.0,0
2020-11-13 06:46:30.000,12,0.0,0.0,0
2020-11-13 07:01:30.000,12,0.0,0.0,0
2020-11-13 08:46:30.000,14,0.0,0.0,0
2020-11-13 09:16:30.000,15,6.4,0.9,3
2020-11-13 10:16:30.000,18,6.0,1.0,2
2020-11-13 11:01:30.000,16,0.0,0.0,0
2020-11-13 12:46:30.000,16,0.0,0.0,0
2020-11-13 13:01:30.000,16,4.6,0.2,2
2020-11-13 13:16:30.000,19,0.0,0.0,0
2020-11-13 14:46:30.000,20,7.0,1.5,2
2020-11-13 15:46:30.000,26,4.1,0.8,1
2020-11-13 16:01:30.000,25,11.6,2.2,4
2020-11-13 17:01:30.001,21,2.5,0.7,1
2020-11-13 18:01:30.000,12,0.0,0.0,0
2020-11-13 19:01:30.000,8,0.0,0.0,0
2020-11-13 20:01:30.000,7,2.8,0.2,1
2020-11-13 21:01:30.000,2,0.0,0.0,0
2020-11-13 22:01:30.000,0,0.0,0.0,0
2020-11-13 23:46:30.000,2,11.1,2.3,1
2020-11-14 00:46:30.000,6,0.9,1.4,1
2020-11-14 01:01:30.000,7,0.6,1.8,1
2020-11-14 02:46:30.001,7,0.0,0.0,0
2020-11-14 03:01:30.000,6,0.0,0.0,0
2020-11-14 04:01:30.000,5,0.0,0.0,0
2020-11-14 05:46:30.000,4,0.0,0.0,0
2020-11-14 06:46:30.000,5,0.0,0.0,0
2020-11-14 07:16:30.000,4,0.0,0.0,0
2020-11-14 08:46:30.000,7,0.0,0.0,0
2020-11-14 09:46:30.000,13,0.0,0.0,0
2020-11-14 10:16:30.000,15,0.0,0.0,0
2020-11-14 11:01:30.000,14,0.0,0.0,0
2020-11-14 12:46:30.000,14,0.0,0.0,0
2020-11-14 13:31:30.001,17,0.0,0.0,0
2020-11-14 14:01:30.000,17,0.0,0.0,0
2020-11-14 15:46:30.000,19,0.0,0.0,0
2020-11-14 16:01:30.000,18,2.7,0.5,1
2020-11-14 17:01:30.000,15,0.0,0.0,0
2020-11-14 18:01:30.000,10,2.8,0.1,1
2020-11-14 19:16:30.000,5,0.0,0.0,0
2020-11-14 20:01:30.000,4,0.0,0.0,0
2020-11-14 21:01:30.000,1,0.0,0.0,0
2020-11-14 22:01:30.000,0,0.0,0.0,0
2020-11-14 23:01:30.000,0,0.0,0.0,0
2020-11-15 00:01:30.001,0,0.0,0.0,0
2020-11-15 01:01:30.000,0,0.0,0.0,0
2020-11-15 02:01:30.000,0,0.0,0.0,0
2020-11-15 03:46:30.000,1,0.0,0.0,0
2020-11-15 04:01:30.000,1,1.4,2.1,1
2020-11-15 05:01:30.000,0,0.0,0.0,0
2020-11-15 06:01:30.000,0,0.0,0.0,0
2020-11-15 07:16:30.000,2,0.0,0.0,0
2020-11-15 08:31:30.000,3,0.0,0.0,0
2020-11-15 09:46:30.000,5,0.0,0.0,0
2020-11-15 10:31:30.000,7,0.0,0.0,0
2020-11-15 11:01:30.000,8,0.0,0.0,0
2020-11-15 12:01:30.000,6,0.0,0.0,0
2020-11-15 13:46:30.000,7,0.0,0.0,0
2020-11-15 14:16:30.001,8,0.0,0.0,0
2020-11-15 15:46:30.000,10,2.6,0.2,1
2020-11-15 16:01:30.000,12,0.0,0.0,0
2020-11-15 17:01:30.001,11,2.4,0.2,1
2020-11-15 18:01:30.000,8,0.0,0.0,0
2020-11-15 19:16:30.000,4,0.0,0.0,0
2020-11-15 20:01:30.000,5,1.5,0.0,1
2020-11-15 21:01:30.000,0,0.0,0.0,0
2020-11-15 22:01:30.000,0,0.0,0.0,0
2020-11-15 23:01:30.000,0,0.0,0.0,0
2020-11-16 00:16:30.000,3,0.0,0.0,0
2020-11-16 01:31:30.000,5,1.1,2.0,1
2020-11-16 02:46:30.000,11,0.0,0.0,0
2020-11-16 03:16:30.000,10,0.0,0.0,0
2020-11-16 04:01:30.000,10,4.5,0.4,1
2020-11-16 05:46:30.000,5,0.0,0.0,0
2020-11-16 06:46:30.000,16,2.5,0.6,1
2020-11-16 07:31:30.000,40,51.6,6.2,16
2020-11-16 08:01:30.000,25,9.8,1.3,3
2020-11-16 09:01:30.000,16,0.0,0.0,0
2020-11-16 10:16:30.000,16,0.0,0.0,0
2020-11-16 11:16:30.001,17,0.0,0.0,0
2020-11-16 12:16:30.000,15,2.7,0.2,1
2020-11-16 13:46:30.000,17,0.0,0.0,0
2020-11-16 14:46:30.000,25,5.9,0.7,2
2020-11-16 15:31:30.000,31,14.6,2.2,5
2020-11-16 16:01:30.000,27,4.7,0.4,2
2020-11-16 17:01:30.000,19,0.0,0.0,0
2020-11-16 18:01:30.000,10,0.0,0.0,0
2020-11-16 19:01:30.001,6,3.0,1.5,2
2020-11-16 20:01:30.000,5,0.0,0.0,0
2020-11-16 21:01:30.000,3,2.3,0.1,1
2020-11-16 22:31:30.000,5,0.0,0.0,0
2020-11-16 23:01:30.000,3,0.0,0.0,0
2020-11-17 00:01:30.000,3,0.0,0.0,0
2020-11-17 01:46:30.000,5,0.0,0.0,0
2020-11-17 02:16:30.000,8,0.5,1.1,1
2020-11-17 03:01:30.001,7,1.6,3.2,2
2020-11-17 04:01:30.000,11,1.6,0.4,1
2020-11-17 04:16:30.001,13,4.5,0.8,2
2020-11-17 05:46:30.001,6,0.0,0.0,0
2020-11-17 06:46:30.000,18,2.0,0.6,1
2020-11-17 07:31:30.000,42,26.6,3.1,7
2020-11-17 08:01:30.000,24,13.0,0.8,4
2020-11-17 09:46:30.000,17,0.0,0.0,0
2020-11-17 10:01:30.000,19,0.0,0.0,0
2020-11-17 11:31:30.001,17,0.0,0.0,0
2020-11-17 12:01:30.000,16,0.0,0.0,0
2020-11-17 13:31:30.000,19,0.0,0.0,0
2020-11-17 14:46:30.001,29,21.8,4.4,7
2020-11-17 15:46:30.000,39,55.4,7.3,13
2020-11-17 16:01:30.000,34,19.5,3.9,7
2020-11-17 17:01:30.000,19,3.0,0.2,1
2020-11-17 18:01:30.000,11,0.0,0.0,0
2020-11-17 19:01:30.001,8,0.0,0.0,0
2020-11-17 20:01:30.000,4,0.0,0.0,0
2020-11-17 21:16:30.000,2,0.0,0.0,0
2020-11-17 22:31:30.000,4,0.0,0.0,0
2020-11-17 23:01:30.000,4,0.0,0.0,0
2020-11-18 00:46:30.000,7,0.0,0.0,0
2020-11-18 01:31:30.000,10,0.0,0.0,0
2020-11-18 02:16:30.000,9,0.0,0.0,0
2020-11-18 03:16:30.000,7,0.6,1.1,1
2020-11-18 04:01:30.000,7,0.0,0.0,0
2020-11-18 05:46:30.000,4,0.8,1.5,1
2020-11-18 06:46:30.000,15,3.0,0.6,1
2020-11-18 07:31:30.000,32,26.9,4.6,9
2020-11-18 08:01:30.000,20,4.5,0.7,2
2020-11-18 09:31:30.000,17,0.0,0.0,0
2020-11-18 10:46:30.000,20,5.8,1.0,2
2020-11-18 11:31:30.001,34,44.1,5.0,13
2020-11-18 12:01:30.001,27,13.5,1.4,3
2020-11-18 13:01:30.000,21,4.7,0.8,1
2020-11-18 14:01:30.000,23,3.3,0.6,1
2020-11-18 15:31:30.000,28,17.4,3.3,6
2020-11-18 16:01:30.000,27,10.0,1.8,5
2020-11-18 17:01:30.000,21,0.0,0.0,0
2020-11-18 18:01:30.001,11,0.0,0.0,0
2020-11-18 19:16:30.000,7,0.0,0.0,0
2020-11-18 20:01:30.001,5,0.0,0.0,0
2020-11-18 21:01:30.000,1,0.0,0.0,0
2020-11-18 22:01:30.001,1,0.4,1.3,1
2020-11-18 23:16:30.001,2,0.0,0.0,0
2020-11-19 00:46:30.000,4,0.9,1.6,1
2020-11-19 01:01:30.000,5,0.0,0.0,0
2020-11-19 02:01:30.000,5,0.0,0.0,0
2020-11-19 03:16:30.000,6,0.0,0.0,0
2020-11-19 04:01:30.000,6,0.0,0.0,0
2020-11-19 05:01:30.001,1,0.0,0.0,0
2020-11-19 05:46:30.000,5,0.0,0.0,0
2020-11-19 06:46:30.000,16,0.0,0.0,0
2020-11-19 07:31:30.000,41,55.3,7.4,12
2020-11-19 08:01:30.000,23,0.0,0.0,0
2020-11-19 09:46:30.000,17,2.7,0.2,1
2020-11-19 10:01:30.000,18,0.0,0.0,0
2020-11-19 11:01:30.000,18,0.0,0.0,0
2020-11-19 12:01:30.000,16,4.1,0.5,2
2020-11-19 13:46:30.000,18,0.0,0.0,0
2020-11-19 14:46:30.000,26,8.8,1.6,3
2020-11-19 15:46:30.000,32,28.5,4.5,10
2020-11-19 16:01:30.000,33,19.6,4.4,8
2020-11-19 17:01:30.000,20,0.0,0.0,0
2020-11-19 18:01:30.000,12,5.0,0.5,2
2020-11-19 19:31:30.000,7,0.0,0.0,0
2020-11-19 20:01:30.000,5,0.0,0.0,0
2020-11-19 21:01:30.000,2,0.0,0.0,0
2020-11-19 22:46:30.000,3,0.0,0.0,0
2020-11-19 23:01:30.000,1,0.0,0.0,0
2020-11-20 00:31:30.000,1,0.0,0.0,0
2020-11-20 01:01:30.000,2,0.0,0.0,0
2020-11-20 02:46:30.000,4,0.0,0.0,0
2020-11-20 03:31:30.001,5,0.0,0.0,0
2020-11-20 04:01:30.000,5,0.5,1.3,1
2020-11-20 05:01:30.000,1,0.0,0.0,0
2020-11-20 05:46:30.000,4,0.0,0.0,0
2020-11-20 06:46:30.000,15,0.0,0.0,0
2020-11-20 07:31:30.000,33,25.7,4.4,9
2020-11-20 08:01:30.000,21,0.0,0.0,0
2020-11-20 09:31:30.006,18,2.6,0.8,1
2020-11-20 10:01:30.000,18,3.1,0.4,1
2020-11-20 11:16:30.000,19,6.9,1.0,3
2020-11-20 12:01:30.001,16,0.0,0.0,0
2020-11-20 13:46:30.000,22,2.4,0.5,1
2020-11-20 14:46:30.000,28,22.9,3.1,6
2020-11-20 15:01:30.000,33,38.9,4.4,11
2020-11-20 16:01:30.000,31,17.2,2.6,6
2020-11-20 17:01:30.000,21,0.0,0.0,0
2020-11-20 18:01:30.000,12,2.4,0.4,2
2020-11-20 19:01:30.000,7,0.0,0.0,0
2020-11-20 20:01:30.000,5,0.0,0.0,0
2020-11-20 21:01:30.000,2,0.0,0.0,0
2020-11-20 22:01:30.000,0,0.6,1.1,1
2020-11-20 23:01:30.000,0,0.0,0.0,0
2020-11-21 00:46:30.000,2,0.6,1.4,1
2020-11-21 01:01:30.000,2,0.0,0.0,0
2020-11-21 02:31:30.001,3,0.0,0.0,0
2020-11-21 03:31:30.000,6,0.7,1.9,1
2020-11-21 04:01:30.000,4,0.0,0.0,0
2020-11-21 05:01:30.000,2,0.0,0.0,0
2020-11-21 06:01:30.000,3,0.0,0.0,0
2020-11-21 07:31:30.000,3,0.0,0.0,0
2020-11-21 08:46:30.000,8,0.0,0.0,0
2020-11-21 09:31:30.000,11,0.0,0.0,0
2020-11-21 10:31:30.001,15,0.0,0.0,0
2020-11-21 11:01:30.000,16,0.0,0.0,0
2020-11-21 12:01:30.000,13,0.0,0.0,0
2020-11-21 13:46:30.000,16,0.0,0.0,0
2020-11-21 14:31:30.000,17,2.5,0.9,1
2020-11-21 15:31:30.000,17,2.4,0.2,1
2020-11-21 16:16:30.001,17,0.0,0.0,0
2020-11-21 17:01:30.000,13,0.0,0.0,0
2020-11-21 18:01:30.000,9,4.0,0.2,1
2020-11-21 19:01:30.000,9,3.9,0.1,1
2020-11-21 20:01:30.000,4,0.0,0.0,0
2020-11-21 21:01:30.000,2,0.0,0.0,0
2020-11-21 22:01:30.000,0,0.0,0.0,0
2020-11-21 23:01:30.001,0,0.0,0.0,0
2020-11-22 00:01:30.000,1,0.0,0.0,0
2020-11-22 01:01:30.000,0,0.0,0.0,0
2020-11-22 02:01:30.001,0,0.0,0.0,0
2020-11-22 03:31:30.000,1,0.0,0.0,0
2020-11-22 04:01:30.000,1,0.0,0.0,0
2020-11-22 05:01:30.001,0,0.0,0.0,0
2020-11-22 06:01:30.000,0,0.0,0.0,0
2020-11-22 07:01:30.001,0,0.0,0.0,0
2020-11-22 07:46:30.000,3,0.0,0.0,0
2020-11-22 08:01:30.000,3,0.0,0.0,0
2020-11-22 09:31:30.001,6,0.0,0.0,0
2020-11-22 10:01:30.001,7,0.0,0.0,0
2020-11-22 11:01:30.000,7,0.0,0.0,0
2020-11-22 12:46:30.001,6,0.0,0.0,0
2020-11-22 13:01:30.000,7,0.0,0.0,0
2020-11-22 14:46:30.000,8,0.0,0.0,0
2020-11-22 15:46:30.000,9,0.0,0.0,0
2020-11-22 16:31:30.000,10,0.0,0.0,0
2020-11-22 17:16:30.000,9,0.0,0.0,0
2020-11-22 18:01:30.000,7,2.9,0.2,1
2020-11-22 19:16:30.000,6,0.0,0.0,0
2020-11-22 20:01:30.000,5,3.2,0.5,1
2020-11-22 21:01:30.001,2,0.0,0.0,0
2020-11-22 22:01:30.000,0,0.0,0.0,0
2020-11-22 23:01:30.000,0,0.0,0.0,0
2020-11-23 00:01:30.000,1,0.0,0.0,0
2020-11-23 01:46:30.000,3,0.0,0.0,0
2020-11-23 02:31:30.000,5,0.0,0.0,0
2020-11-23 03:01:30.001,5,0.0,0.0,0
2020-11-23 04:01:30.000,4,0.0,0.0,0
2020-11-23 05:46:30.000,4,0.0,0.0,0
2020-11-23 06:46:30.000,17,2.6,0.7,1
2020-11-23 07:31:30.000,41,59.4,8.6,17
2020-11-23 08:01:30.000,24,4.0,0.7,2
2020-11-23 09:16:30.000,16,0.0,0.0,0
2020-11-23 10:01:30.000,17,0.0,0.0,0
2020-11-23 11:01:30.000,16,0.0,0.0,0
2020-11-23 12:46:30.000,17,2.2,0.2,1
2020-11-23 13:31:30.000,19,0.0,0.0,0
2020-11-23 14:46:30.000,28,18.0,2.0,5
2020-11-23 15:46:30.000,33,31.9,4.1,8
2020-11-23 16:01:30.000,30,4.8,0.7,2
2020-11-23 17:01:30.000,18,0.0,0.0,0
2020-11-23 18:01:30.000,11,0.0,0.0,0
2020-11-23 19:01:30.000,6,0.0,0.0,0
2020-11-23 20:01:30.000,4,0.0,0.0,0
2020-11-23 21:01:30.000,2,0.0,0.0,0
2020-11-23 22:46:30.000,3,0.0,0.0,0
2020-11-23 23:46:30.000,5,0.8,1.9,1
2020-11-24 00:46:30.000,9,0.7,1.7,1
2020-11-24 01:01:30.000,11,0.0,0.0,0
2020-11-24 02:01:30.000,10,0.0,0.0,0
2020-11-24 03:01:30.001,7,0.0,0.0,0
2020-11-24 04:01:30.000,8,0.5,1.5,1
2020-11-24 05:46:30.000,3,0.0,0.0,0
2020-11-24 06:46:30.001,17,2.3,0.4,1
2020-11-24 07:31:30.000,37,27.5,3.8,8
2020-11-24 08:01:30.000,21,7.4,0.7,2
2020-11-24 09:01:30.000,15,0.0,0.0,0
2020-11-24 10:31:30.000,17,0.0,0.0,0
2020-11-24 11:31:30.000,19,5.1,0.5,1
2020-11-24 12:01:30.000,17,3.4,0.2,1
2020-11-24 13:46:30.000,19,2.8,0.4,1
2020-11-24 14:46:30.000,27,17.8,2.8,5
2020-11-24 15:31:30.000,37,49.4,6.8,12
2020-11-24 16:01:30.000,35,21.4,2.9,7
2020-11-24 17:01:30.001,20,0.0,0.0,0
2020-11-24 18:01:30.000,10,0.0,0.0,0
2020-11-24 19:31:30.000,7,4.9,0.5,2
2020-11-24 20:01:30.000,6,2.9,0.2,1
2020-11-24 21:46:30.000,2,0.0,0.0,0
2020-11-24 22:16:30.000,1,0.6,1.2,1
2020-11-24 23:01:30.000,2,0.0,0.0,0
2020-11-25 00:46:30.000,2,0.0,0.0,0
2020-11-25 01:46:30.001,7,0.0,0.0,0
2020-11-25 02:01:30.000,6,0.0,0.0,0
2020-11-25 03:01:30.000,5,0.0,0.0,0
2020-11-25 04:01:30.000,5,0.0,0.0,0
2020-11-25 05:46:30.000,5,0.0,0.0,0
2020-11-25 06:46:30.000,15,0.0,0.0,0
2020-11-25 07:31:30.000,33,30.3,3.8,11
2020-11-25 08:01:30.000,19,5.5,0.5,1
2020-11-25 09:31:30.000,18,3.2,0.1,1
2020-11-25 10:16:30.000,18,2.3,0.6,1
2020-11-25 11:31:30.000,34,42.9,6.9,12
2020-11-25 12:01:30.000,25,2.4,0.3,1
2020-11-25 13:46:30.000,19,0.0,0.0,0
2020-11-25 14:31:30.000,21,2.8,0.6,1
2020-11-25 15:46:30.000,27,11.8,1.9,4
2020-11-25 16:01:30.000,25,14.9,1.9,4
2020-11-25 17:01:30.000,20,0.0,0.0,0
2020-11-25 18:01:30.000,12,2.0,0.3,1
2020-11-25 19:01:30.000,6,0.0,0.0,0
2020-11-25 20:01:30.000,5,0.0,0.0,0
2020-11-25 21:01:30.000,0,0.0,0.0,0
2020-11-25 22:16:30.001,1,0.0,0.0,0
2020-11-25 23:01:30.000,0,0.0,0.0,0
2020-11-26 00:01:30.000,3,0.0,0.0,0
2020-11-26 01:46:30.001,5,0.0,0.0,0
2020-11-26 02:01:30.000,6,0.0,0.0,0
2020-11-26 03:46:30.000,4,0.0,0.0,0
2020-11-26 04:01:30.000,6,0.5,1.3,1
2020-11-26 05:46:30.000,4,0.0,0.0,0
2020-11-26 06:46:30.000,16,0.0,0.0,0
2020-11-26 07:31:30.000,38,44.8,6.6,14
2020-11-26 08:01:30.000,23,16.2,1.4,4
2020-11-26 09:16:30.000,17,0.0,0.0,0
2020-11-26 10:16:30.000,18,0.0,0.0,0
2020-11-26 11:01:30.000,17,0.0,0.0,0
2020-11-26 12:46:30.000,17,0.0,0.0,0
2020-11-26 13:46:30.000,18,0.0,0.0,0
2020-11-26 14:46:30.000,28,21.8,3.2,7
2020-11-26 15:01:30.000,33,31.3,4.4,9
2020-11-26 16:01:30.001,32,20.3,3.7,6
2020-11-26 17:01:30.000,20,0.0,0.0,0
2020-11-26 18:01:30.000,12,0.0,0.0,0
2020-11-26 19:01:30.000,7,0.0,0.0,0
2020-11-26 20:01:30.000,2,0.0,0.0,0
2020-11-26 21:01:30.000,0,1.8,0.2,1
2020-11-26 22:01:30.000,1,0.0,0.0,0
2020-11-26 23:31:30.000,4,0.0,0.0,0
2020-11-27 00:01:30.000,5,0.0,0.0,0
2020-11-27 01:16:30.001,9,0.7,1.8,1
2020-11-27 02:16:30.000,10,3.9,0.1,1
2020-11-27 03:16:30.000,9,0.8,1.7,1
2020-11-27 04:01:30.000,6,0.0,0.0,0
2020-11-27 05:31:30.000,3,0.0,0.0,0
2020-11-27 05:46:30.000,5,0.0,0.0,0
2020-11-27 06:46:30.000,15,0.0,0.0,0
2020-11-27 07:31:30.000,34,30.3,3.9,8
2020-11-27 08:01:30.000,23,4.0,0.5,2
2020-11-27 09:46:30.001,18,0.0,0.0,0
2020-11-27 10:46:30.000,19,0.0,0.0,0
2020-11-27 11:01:30.000,20,0.0,0.0,0
2020-11-27 12:01:30.001,17,0.0,0.0,0
2020-11-27 13:46:30.000,21,0.0,0.0,0
2020-11-27 14:46:30.000,30,33.2,4.9,11
2020-11-27 15:46:30.000,39,53.0,6.3,14
2020-11-27 16:01:30.000,36,38.5,4.8,10
2020-11-27 17:01:30.000,22,5.3,0.6,2
2020-11-27 18:01:30.000,12,0.0,0.0,0
2020-11-27 19:01:30.000,7,0.0,0.0,0
2020-11-27 20:16:30.000,7,0.0,0.0,0
2020-11-27 21:01:30.000,2,0.0,0.0,0
2020-11-27 22:01:30.000,0,0.0,0.0,0
2020-11-27 23:01:30.000,0,0.0,0.0,0
2020-11-28 00:01:30.000,0,0.0,0.0,0
2020-11-28 01:31:30.000,1,0.0,0.0,0
2020-11-28 02:46:30.000,2,0.5,1.4,1
2020-11-28 03:01:30.000,1,0.0,0.0,0
2020-11-28 04:46:30.000,1,0.0,0.0,0
2020-11-28 05:01:30.000,1,0.0,0.0,0
2020-11-28 06:31:30.000,2,2.6,0.3,1
2020-11-28 07:31:30.000,4,0.0,0.0,0
2020-11-28 08:46:30.001,8,0.0,0.0,0
2020-11-28 09:46:30.000,13,0.0,0.0,0
2020-11-28 10:31:30.000,17,0.0,0.0,0
2020-11-28 11:01:30.000,18,3.4,0.2,1
2020-11-28 12:01:30.000,14,0.0,0.0,0
2020-11-28 13:46:30.000,19,3.5,0.5,1
2020-11-28 14:01:30.308,20,1.9,0.5,1
2020-11-28 15:01:30.000,20,7.7,1.4,2
2020-11-28 16:01:30.000,19,0.0,0.0,0
2020-11-28 17:01:30.000,16,3.6,0.4,1
2020-11-28 18:01:30.000,9,0.0,0.0,0
2020-11-28 19:01:30.000,6,0.0,0.0,0
2020-11-28 20:01:30.000,5,0.0,0.0,0
2020-11-28 21:01:30.000,2,0.0,0.0,0
2020-11-28 22:01:30.000,0,0.0,0.0,0
2020-11-28 23:01:30.000,0,0.0,0.0,0
2020-11-29 00:01:30.000,0,0.0,0.0,0
2020-11-29 01:16:30.000,3,0.0,0.0,0
2020-11-29 02:01:30.000,2,0.0,0.0,0
2020-11-29 03:31:30.000,3,0.0,0.0,0
2020-11-29 04:01:30.000,2,0.0,0.0,0
2020-11-29 05:31:30.000,2,0.0,0.0,0
2020-11-29 06:01:30.000,1,0.0,0.0,0
2020-11-29 07:46:30.000,5,0.0,0.0,0
2020-11-29 08:01:30.000,3,0.0,0.0,0
2020-11-29 09:46:30.000,5,0.0,0.0,0
2020-11-29 10:31:30.000,8,0.0,0.0,0
2020-11-29 11:01:30.000,8,1.0,0.3,1
2020-11-29 12:01:30.000,6,0.0,0.0,0
2020-11-29 13:46:30.000,7,0.0,0.0,0
2020-11-29 14:01:30.000,8,2.2,0.3,1
2020-11-29 15:16:30.000,9,0.0,0.0,0
2020-11-29 16:46:30.000,10,2.4,0.1,1
2020-11-29 17:01:30.001,9,0.0,0.0,0
2020-11-29 18:01:30.000,7,0.0,0.0,0
2020-11-29 19:01:30.000,5,0.0,0.0,0
2020-11-29 20:16:30.000,3,2.7,0.3,1
2020-11-29 21:01:30.000,3,0.0,0.0,0
2020-11-29 22:01:30.000,1,0.0,0.0,0
2020-11-29 23:46:30.000,4,0.0,0.0,0
2020-11-30 00:16:30.000,4,0.0,0.0,0
2020-11-30 01:46:30.000,8,0.0,0.0,0
2020-11-30 02:46:30.001,12,0.0,0.0,0
2020-11-30 03:01:30.000,11,0.0,0.0,0
2020-11-30 04:01:30.000,5,0.0,0.0,0
2020-11-30 05:31:30.000,2,0.0,0.0,0
2020-11-30 05:46:30.000,3,0.0,0.0,0
2020-11-30 06:46:30.000,16,1.1,0.6,1
2020-11-30 07:31:30.000,39,40.6,6.3,14
2020-11-30 08:01:30.000,22,0.0,0.0,0
2020-11-30 09:46:30.000,18,2.3,0.1,1
2020-11-30 10:01:30.000,19,7.1,0.2,1
2020-11-30 11:01:30.002,19,0.0,0.0,0
2020-11-30 12:01:30.000,18,0.0,0.0,0
2020-11-30 13:46:30.000,21,0.0,0.0,0
2020-11-30 14:46:30.000,29,9.9,1.9,3
2020-11-30 15:46:30.000,43,69.5,8.8,14
2020-11-30 16:01:30.000,42,66.5,5.7,10
2020-11-30 17:01:30.000,27,33.8,1.8,3
2020-11-30 18:01:30.000,15,0.0,0.0,0
2020-11-30 19:01:30.000,9,0.0,0.0,0
2020-11-30 20:16:30.000,8,0.0,0.0,0
2020-11-30 21:01:30.000,2,0.0,0.0,0
2020-11-30 22:31:30.001,5,0.0,0.0,0
2020-11-30 23:01:30.000,4,0.0,0.0,0
2020-12-01 00:01:30.000,4,0.0,0.0,0
2020-12-01 01:46:30.000,11,0.0,0.0,0
2020-12-01 02:01:30.000,14,0.0,0.0,0
2020-12-01 03:01:30.000,12,0.0,0.0,0
2020-12-01 04:01:30.000,8,0.0,0.0,0
2020-12-01 05:46:30.000,7,0.0,0.0,0
2020-12-01 06:46:30.000,19,10.8,2.1,2
2020-12-01 07:31:30.000,55,96.3,13.4,23
2020-12-01 08:01:30.000,35,12.8,1.5,4
2020-12-01 09:46:30.000,22,0.0,0.0,0
2020-12-01 10:46:30.000,24,3.9,0.4,1
2020-12-01 11:01:30.000,22,6.2,0.7,2
2020-12-01 12:01:30.000,21,3.1,0.2,1
2020-12-01 13:46:30.000,24,17.0,1.6,4
2020-12-01 14:46:30.000,33,29.2,4.4,9
2020-12-01 15:31:30.001,41,55.5,6.0,12
2020-12-01 16:01:30.000,39,42.4,4.5,9
2020-12-01 17:01:30.000,23,12.6,1.0,3
2020-12-01 18:01:30.000,13,5.2,0.1,1
2020-12-01 19:01:30.000,7,0.0,0.0,0
2020-12-01 20:16:30.000,7,0.0,0.0,0
2020-12-01 21:01:30.000,1,0.0,0.0,0
2020-12-01 22:01:30.000,0,0.0,0.0,0
2020-12-01 23:46:30.000,6,0.0,0.0,0
2020-12-02 00:46:30.000,10,0.0,0.0,0
2020-12-02 01:01:30.000,9,0.0,0.0,0
2020-12-02 02:01:30.000,6,0.0,0.0,0
2020-12-02 03:01:30.000,6,0.0,0.0,0
2020-12-02 04:01:30.001,5,0.0,0.0,0
2020-12-02 05:16:30.000,3,0.0,0.0,0
2020-12-02 05:46:30.000,5,0.0,0.0,0
2020-12-02 06:46:30.000,17,2.3,0.3,1
2020-12-02 07:31:30.000,38,36.6,6.0,10
2020-12-02 08:01:30.000,26,5.8,0.5,2
2020-12-02 09:31:30.000,22,0.0,0.0,0
2020-12-02 10:46:30.000,28,2.1,0.3,1
2020-12-02 11:31:30.000,42,63.2,7.6,15
2020-12-02 12:01:30.000,37,14.8,2.1,5
2020-12-02 13:46:30.000,27,6.3,1.5,2
2020-12-02 14:01:30.000,29,10.6,1.7,3
2020-12-02 15:46:30.000,40,48.1,7.6,13
2020-12-02 16:01:30.000,38,34.6,4.6,10
2020-12-02 17:01:30.001,25,17.7,0.7,2
2020-12-02 18:01:30.000,14,2.6,0.2,1
2020-12-02 19:01:30.000,9,0.0,0.0,0
2020-12-02 20:01:30.000,6,0.0,0.0,0
2020-12-02 21:01:30.000,3,0.0,0.0,0
2020-12-02 22:16:30.000,2,0.0,0.0,0
2020-12-02 23:16:30.000,2,0.0,0.0,0
2020-12-03 00:46:30.000,7,0.0,0.0,0
2020-12-03 01:01:30.000,6,0.0,0.0,0
2020-12-03 02:31:30.000,5,0.0,0.0,0
2020-12-03 03:31:30.000,7,0.0,0.0,0
2020-12-03 04:01:30.000,9,0.0,0.0,0
2020-12-03 05:01:30.000,5,0.0,0.0,0
2020-12-03 06:46:30.000,17,16.0,2.7,4
2020-12-03 07:31:30.000,46,58.4,9.9,19
2020-12-03 08:01:30.000,29,7.3,1.7,2
2020-12-03 09:31:30.000,22,0.0,0.0,0
2020-12-03 10:01:30.000,24,0.0,0.0,0
2020-12-03 11:01:30.000,25,5.9,0.8,2
2020-12-03 12:01:30.000,22,3.2,0.4,1
2020-12-03 13:46:30.000,24,5.4,1.7,4
2020-12-03 14:46:30.001,39,62.9,8.2,15
2020-12-03 15:31:30.000,44,46.8,6.1,9
2020-12-03 16:01:30.000,44,40.2,5.3,11
2020-12-03 17:01:30.000,29,7.5,1.1,3
2020-12-03 18:01:30.000,12,0.0,0.0,0
2020-12-03 19:01:30.000,7,2.4,0.2,1
2020-12-03 20:01:30.000,5,0.0,0.0,0
2020-12-03 21:01:30.000,2,0.0,0.0,0
2020-12-03 22:46:30.000,1,0.0,0.0,0
2020-12-03 23:31:30.000,2,1.2,1.8,1
2020-12-04 00:01:30.000,0,0.0,0.0,0
2020-12-04 01:31:30.000,6,0.0,0.0,0
2020-12-04 02:46:30.000,9,0.9,1.6,1
2020-12-04 03:16:30.000,14,0.0,0.0,0
2020-12-04 04:01:30.000,7,0.0,0.0,0
2020-12-04 05:31:30.000,5,0.0,0.0,0
2020-12-04 06:46:30.000,16,0.0,0.0,0
2020-12-04 07:31:30.001,37,37.3,5.5,10
2020-12-04 08:01:30.000,24,7.1,0.5,1
2020-12-04 09:46:30.000,23,2.4,0.2,1
2020-12-04 10:46:30.000,26,12.0,1.4,4
2020-12-04 11:01:30.001,26,5.3,0.7,2
2020-12-04 12:01:30.000,23,4.4,0.1,1
2020-12-04 13:46:30.000,35,30.5,4.9,7
2020-12-04 14:46:30.000,41,75.2,9.2,23
2020-12-04 15:46:30.000,49,90.0,10.2,19
2020-12-04 16:01:30.000,48,66.3,6.0,13
2020-12-04 17:01:30.000,29,25.0,2.6,7
2020-12-04 18:01:30.000,16,0.0,0.0,0
2020-12-04 19:01:30.000,8,0.0,0.0,0
2020-12-04 20:01:30.000,6,2.3,0.1,1
2020-12-04 21:16:30.000,4,0.0,0.0,0
2020-12-04 22:46:30.000,2,0.0,0.0,0
2020-12-04 23:01:30.000,1,0.0,0.0,0
2020-12-05 00:46:30.000,3,0.0,0.0,0
2020-12-05 01:46:30.000,8,0.5,1.5,1
2020-12-05 02:01:30.000,11,0.5,1.5,1
2020-12-05 03:01:30.000,7,0.0,0.0,0
2020-12-05 04:01:30.000,4,0.0,0.0,0
2020-12-05 05:31:30.000,1,0.0,0.0,0
2020-12-05 06:46:30.000,4,0.0,0.0,0
2020-12-05 07:46:30.000,6,0.0,0.0,0
2020-12-05 08:46:30.000,9,0.0,0.0,0
2020-12-05 09:46:30.000,16,2.6,0.2,1
2020-12-05 10:31:30.000,24,4.3,1.1,2
2020-12-05 11:01:30.000,23,9.6,1.0,3
2020-12-05 12:01:30.000,18,0.0,0.0,0
2020-12-05 13:46:30.001,23,2.1,0.3,1
2020-12-05 14:01:30.000,26,6.0,1.1,2
2020-12-05 15:01:30.000,22,1.7,0.5,1
2020-12-05 16:16:30.000,22,2.5,0.3,1
2020-12-05 17:01:30.000,17,2.5,0.2,1
2020-12-05 18:01:30.000,12,0.0,0.0,0
2020-12-05 19:01:30.000,9,4.3,0.1,1
2020-12-05 20:01:30.000,6,0.0,0.0,0
2020-12-05 21:01:30.000,3,0.0,0.0,0
2020-12-05 22:31:30.000,3,0.0,0.0,0
2020-12-05 23:46:30.000,4,0.0,0.0,0
2020-12-06 00:01:30.000,4,0.0,0.0,0
2020-12-06 01:46:30.000,5,0.0,0.0,0
2020-12-06 02:01:30.000,5,0.0,0.0,0
2020-12-06 03:01:30.000,4,0.0,0.0,0
2020-12-06 04:01:30.000,3,0.0,0.0,0
2020-12-06 05:01:30.000,2,0.0,0.0,0
2020-12-06 06:01:30.000,1,0.0,0.0,0
2020-12-06 06:46:30.001,4,0.0,0.0,0
2020-12-06 07:01:30.000,4,0.0,0.0,0
2020-12-06 08:01:30.000,3,0.0,0.0,0
2020-12-06 09:46:30.000,6,0.0,0.0,0
2020-12-06 10:16:30.000,8,0.0,0.0,0
2020-12-06 11:01:30.000,8,0.0,0.0,0
2020-12-06 12:01:30.000,6,0.0,0.0,0
2020-12-06 13:01:30.000,7,0.0,0.0,0
2020-12-06 14:46:30.000,8,0.0,0.0,0
2020-12-06 15:01:30.000,9,0.0,0.0,0
2020-12-06 16:16:30.000,10,0.0,0.0,0
2020-12-06 17:01:30.000,10,0.0,0.0,0
2020-12-06 18:01:30.000,7,5.5,0.2,1
2020-12-06 19:01:30.000,6,0.0,0.0,0
2020-12-06 20:01:30.000,4,3.1,0.2,1
2020-12-06 21:01:30.000,0,0.0,0.0,0
2020-12-06 22:01:30.000,0,0.0,0.0,0
2020-12-06 23:46:30.001,2,0.0,0.0,0
2020-12-07 00:01:30.000,4,1.2,1.8,1
2020-12-07 01:01:30.000,5,0.0,0.0,0
2020-12-07 02:46:30.000,9,0.9,1.7,1
2020-12-07 03:16:30.000,12,0.0,0.0,0
2020-12-07 04:01:30.001,5,0.4,1.2,1
2020-12-07 05:46:30.000,5,0.0,0.0,0
2020-12-07 06:46:30.000,18,2.5,0.6,1
2020-12-07 07:31:30.000,39,41.9,6.9,14
2020-12-07 08:01:30.000,23,7.3,0.6,3
2020-12-07 09:46:30.000,18,2.2,0.3,1
2020-12-07 10:31:30.000,20,3.2,0.4,1
2020-12-07 11:01:30.000,19,2.3,0.3,1
2020-12-07 12:01:30.000,18,0.0,0.0,0
2020-12-07 13:46:30.000,20,0.0,0.0,0
2020-12-07 14:46:30.000,31,38.6,6.4,11
2020-12-07 15:46:30.000,41,55.8,9.4,16
2020-12-07 16:01:30.001,37,26.4,4.1,8
2020-12-07 17:01:30.000,21,0.0,0.0,0
2020-12-07 18:16:30.000,11,2.4,0.1,1
2020-12-07 19:31:30.000,8,0.8,1.3,1
2020-12-07 20:16:30.000,8,0.0,0.0,0
2020-12-07 21:01:30.000,5,0.0,0.0,0
2020-12-07 22:46:30.000,14,9.1,1.0,2
2020-12-07 23:31:30.001,22,9.1,4.1,2
2020-12-08 00:01:30.000,16,0.0,0.0,0
2020-12-08 01:16:30.000,14,0.0,0.0,0
2020-12-08 02:16:30.000,12,1.0,1.8,1
2020-12-08 03:01:30.000,11,0.0,0.0,0
2020-12-08 04:01:30.000,7,0.0,0.0,0
2020-12-08 05:31:30.000,6,0.0,0.0,0
2020-12-08 06:46:30.000,18,3.2,0.6,1
2020-12-08 07:31:30.451,37,27.4,4.5,9
2020-12-08 08:01:30.000,22,1.9,0.3,1
2020-12-08 09:31:30.000,21,2.1,0.2,1
2020-12-08 10:46:30.000,20,9.9,1.0,3
2020-12-08 11:01:30.000,20,3.4,0.3,1
2020-12-08 12:01:30.000,18,0.0,0.0,0
2020-12-08 13:46:30.000,22,0.0,0.0,0
2020-12-08 14:46:30.000,31,32.1,5.3,12
2020-12-08 15:46:30.001,43,73.8,10.9,18
2020-12-08 16:01:30.000,40,53.0,8.7,12
2020-12-08 17:01:30.000,23,0.0,0.0,0
2020-12-08 18:01:30.000,13,0.0,0.0,0
2020-12-08 19:01:30.000,7,0.0,0.0,0
2020-12-08 20:01:30.000,5,0.0,0.0,0
2020-12-08 21:01:30.000,2,0.0,0.0,0
2020-12-08 22:16:30.000,3,0.0,0.0,0
2020-12-08 23:46:30.000,8,4.6,0.2,1
2020-12-09 00:31:30.001,12,0.0,0.0,0
2020-12-09 01:01:30.000,10,0.0,0.0,0
2020-12-09 02:01:30.000,10,0.6,1.5,1
2020-12-09 03:16:30.000,8,0.6,1.4,1
2020-12-09 04:01:30.000,6,0.0,0.0,0
2020-12-09 05:31:30.000,6,0.0,0.0,0
2020-12-09 06:46:30.000,17,5.2,0.8,2
2020-12-09 07:31:30.000,38,35.6,3.8,9
2020-12-09 08:01:30.000,24,11.0,1.5,3
2020-12-09 09:46:30.000,20,2.8,0.2,1
2020-12-09 10:46:30.000,24,3.0,0.6,1
2020-12-09 11:31:30.000,38,66.7,6.9,19
2020-12-09 12:01:30.000,30,5.1,0.4,2
2020-12-09 13:46:30.000,25,10.5,0.8,2
2020-12-09 14:01:30.000,26,15.1,1.8,4
2020-12-09 15:31:30.000,30,15.9,3.0,4
2020-12-09 16:01:30.000,30,10.9,1.5,3
2020-12-09 17:01:30.000,23,1.9,0.2,1
2020-12-09 18:01:30.000,13,0.0,0.0,0
2020-12-09 19:01:30.000,8,0.0,0.0,0
2020-12-09 20:01:30.000,4,0.0,0.0,0
2020-12-09 21:01:30.000,3,3.8,0.5,1
2020-12-09 22:46:30.000,3,0.0,0.0,0
2020-12-09 23:01:30.000,2,0.0,0.0,0
2020-12-10 00:31:30.000,5,0.0,0.0,0
2020-12-10 01:01:30.000,6,0.0,0.0,0
2020-12-10 02:16:30.000,9,0.0,0.0,0
2020-12-10 03:31:30.000,10,0.0,0.0,0
2020-12-10 04:01:30.000,9,0.0,0.0,0
2020-12-10 05:01:30.000,2,0.0,0.0,0
2020-12-10 05:16:30.001,4,0.0,0.0,0
2020-12-10 06:46:30.000,17,2.7,0.6,1
2020-12-10 07:31:30.000,43,75.0,12.5,21
2020-12-10 08:01:30.000,26,2.6,1.0,1
2020-12-10 09:46:30.000,21,3.5,0.2,1
2020-12-10 10:16:30.000,23,11.6,1.3,3
2020-12-10 11:01:30.000,22,5.5,0.5,2
2020-12-10 12:01:30.000,21,13.2,1.3,5
2020-12-10 13:16:30.000,21,5.3,0.3,2
2020-12-10 14:46:30.000,32,39.8,5.8,12
2020-12-10 15:46:30.001,44,83.9,9.6,15
2020-12-10 16:01:30.001,40,43.5,6.0,11
2020-12-10 17:01:30.000,25,8.0,0.2,1
2020-12-10 18:01:30.000,13,0.0,0.0,0
2020-12-10 19:01:30.000,10,2.6,0.7,1
2020-12-10 20:16:30.000,6,0.0,0.0,0
2020-12-10 21:01:30.000,2,0.0,0.0,0
2020-12-10 22:01:30.000,0,0.0,0.0,0
2020-12-10 23:46:30.000,2,0.0,0.0,0
2020-12-11 00:46:30.000,5,0.0,0.0,0
2020-12-11 01:46:30.000,12,0.0,0.0,0
2020-12-11 02:01:30.000,12,0.0,0.0,0
2020-12-11 03:01:30.001,9,0.0,0.0,0
2020-12-11 04:16:30.000,5,0.0,0.0,0
2020-12-11 05:46:30.000,6,0.0,0.0,0
2020-12-11 06:46:30.000,17,9.5,2.5,4
2020-12-11 07:31:30.000,38,35.0,5.0,10
2020-12-11 08:01:30.000,25,8.5,1.0,2
2020-12-11 09:46:30.000,23,0.0,0.0,0
2020-12-11 10:01:30.000,24,4.6,0.9,2
2020-12-11 11:16:30.000,24,6.7,0.4,2
2020-12-11 12:01:30.000,20,0.0,0.0,0
2020-12-11 13:46:30.000,26,3.6,0.6,1
2020-12-11 14:46:30.000,42,50.3,6.4,10
2020-12-11 15:16:30.000,48,80.9,11.6,18
2020-12-11 16:01:30.000,40,31.7,4.9,10
2020-12-11 17:01:30.000,26,5.5,0.7,2
2020-12-11 18:01:30.000,14,0.0,0.0,0
2020-12-11 19:01:30.000,11,0.0,0.0,0
2020-12-11 20:01:30.000,7,0.0,0.0,0
2020-12-11 21:01:30.000,5,0.0,0.0,0
2020-12-11 22:31:30.000,3,0.0,0.0,0
2020-12-11 23:01:30.000,1,0.0,0.0,0
2020-12-12 00:31:30.000,7,0.0,0.0,0
2020-12-12 01:46:30.001,11,0.0,0.0,0
2020-12-12 02:01:30.000,11,0.0,0.0,0
2020-12-12 03:01:30.000,8,0.0,0.0,0
2020-12-12 04:01:30.001,7,0.0,0.0,0
2020-12-12 05:01:30.000,4,0.0,0.0,0
2020-12-12 06:01:30.000,1,0.0,0.0,0
2020-12-12 06:46:30.000,4,0.0,0.0,0
2020-12-12 07:31:30.000,5,0.0,0.0,0
2020-12-12 08:31:30.000,9,0.0,0.0,0
2020-12-12 09:46:30.000,17,0.0,0.0,0
2020-12-12 10:46:30.000,22,1.8,0.4,1
2020-12-12 11:01:30.000,20,0.0,0.0,0
2020-12-12 12:16:30.001,17,0.0,0.0,0
2020-12-12 13:31:30.000,23,3.9,0.8,2
2020-12-12 14:31:30.000,27,6.2,0.9,2
2020-12-12 15:01:30.000,28,9.7,1.0,3
2020-12-12 16:01:30.000,23,2.2,0.4,1
2020-12-12 17:01:30.000,18,0.0,0.0,0
2020-12-12 18:01:30.000,14,0.0,0.0,0
2020-12-12 19:01:30.000,8,0.0,0.0,0
2020-12-12 20:01:30.001,8,0.0,0.0,0
2020-12-12 21:01:30.000,3,0.0,0.0,0
2020-12-12 22:01:30.000,2,0.0,0.0,0
2020-12-12 23:01:30.000,0,0.0,0.0,0
2020-12-13 00:46:30.000,2,0.0,0.0,0
2020-12-13 01:46:30.000,5,0.0,0.0,0
2020-12-13 02:01:30.000,8,0.4,1.3,1
2020-12-13 03:46:30.000,4,0.0,0.0,0
2020-12-13 04:01:30.000,4,0.0,0.0,0
2020-12-13 05:46:30.000,3,0.0,0.0,0
2020-12-13 06:31:30.000,2,0.0,0.0,0
2020-12-13 07:31:30.000,2,0.0,0.0,0
2020-12-13 08:31:30.000,4,0.0,0.0,0
2020-12-13 09:46:30.000,7,0.0,0.0,0
2020-12-13 10:01:30.000,8,0.0,0.0,0
2020-12-13 11:16:30.000,9,0.0,0.0,0
2020-12-13 12:01:30.000,8,2.8,0.2,1
2020-12-13 13:31:30.000,10,0.0,0.0,0
2020-12-13 14:16:30.000,12,0.0,0.0,0
2020-12-13 15:16:30.000,12,0.0,0.0,0
2020-12-13 16:31:30.001,14,2.6,0.3,1
2020-12-13 17:01:30.000,13,0.0,0.0,0
2020-12-13 18:01:30.000,9,0.0,0.0,0
2020-12-13 19:01:30.000,5,0.0,0.0,0
2020-12-13 20:01:30.000,6,0.0,0.0,0
2020-12-13 21:01:30.000,4,0.0,0.0,0
2020-12-13 22:46:30.000,1,0.0,0.0,0
2020-12-13 23:31:30.000,2,0.0,0.0,0
2020-12-14 00:01:30.000,1,0.5,1.4,1
2020-12-14 01:46:30.000,6,0.7,1.5,1
2020-12-14 02:31:30.000,7,0.0,0.0,0
2020-12-14 03:16:30.000,6,0.0,0.0,0
2020-12-14 04:01:30.000,5,0.0,0.0,0
2020-12-14 05:46:30.000,5,0.0,0.0,0
2020-12-14 06:46:30.000,16,0.0,0.0,0
2020-12-14 07:31:30.000,37,34.3,4.0,7
2020-12-14 08:01:30.000,27,7.3,0.7,2
2020-12-14 09:01:30.000,18,0.0,0.0,0
2020-12-14 10:46:30.001,20,2.9,0.3,1
2020-12-14 11:01:30.000,18,0.0,0.0,0
2020-12-14 12:01:30.000,18,5.1,1.2,2
2020-12-14 13:46:30.000,22,0.0,0.0,0
2020-12-14 14:46:30.001,32,40.1,5.2,13
2020-12-14 15:31:30.000,38,39.1,5.9,9
2020-12-14 16:01:30.000,34,28.2,3.7,6
2020-12-14 17:01:30.000,23,2.1,0.4,1
2020-12-14 18:01:30.000,12,1.8,0.1,1
2020-12-14 19:01:30.000,7,0.0,0.0,0
2020-12-14 20:01:30.000,6,0.0,0.0,0
2020-12-14 21:16:30.000,3,0.0,0.0,0
2020-12-14 22:01:30.000,3,0.0,0.0,0
2020-12-14 23:01:30.000,3,0.0,0.0,0
2020-12-15 00:46:30.000,5,0.5,1.7,1
2020-12-15 01:31:30.000,9,0.0,0.0,0
2020-12-15 02:16:30.000,10,0.5,1.3,1
2020-12-15 03:46:30.000,10,0.0,0.0,0
2020-12-15 04:01:30.001,11,0.6,1.9,1
2020-12-15 05:01:30.000,5,0.5,1.1,1
2020-12-15 06:46:30.000,19,20.7,1.2,4
2020-12-15 07:31:30.000,41,104.2,11.1,21
2020-12-15 08:01:30.000,38,39.6,3.9,6
2020-12-15 09:31:30.000,23,12.6,1.1,3
2020-12-15 10:31:30.000,29,19.4,1.7,4
2020-12-15 11:01:30.000,27,11.8,2.2,4
2020-12-15 12:01:30.000,21,0.0,0.0,0
2020-12-15 13:46:30.000,22,7.9,1.1,3
2020-12-15 14:46:30.000,35,49.9,6.9,13
2020-12-15 15:16:30.000,41,73.0,7.9,13
2020-12-15 16:01:30.000,39,41.7,6.5,9
2020-12-15 17:01:30.000,26,8.1,1.3,2
2020-12-15 18:01:30.000,13,0.0,0.0,0
2020-12-15 19:01:30.000,8,0.0,0.0,0
2020-12-15 20:01:30.000,7,0.0,0.0,0
2020-12-15 21:01:30.000,2,0.0,0.0,0
2020-12-15 22:16:30.000,2,0.0,0.0,0
2020-12-15 23:46:30.000,4,0.0,0.0,0
2020-12-16 00:31:30.000,6,0.0,0.0,0
2020-12-16 01:31:30.000,10,0.0,0.0,0
2020-12-16 02:16:30.000,11,0.0,0.0,0
2020-12-16 03:01:30.000,10,0.0,0.0,0
2020-12-16 04:01:30.000,6,0.0,0.0,0
2020-12-16 05:31:30.000,5,0.0,0.0,0
2020-12-16 06:46:30.001,16,2.7,0.3,1
2020-12-16 07:31:30.000,32,24.0,3.1,6
2020-12-16 08:01:00.000,21,6.8,0.4,1
2020-12-16 09:46:30.000,22,3.1,0.3,1
2020-12-16 10:46:30.000,28,15.0,1.8,4
2020-12-16 11:46:30.001,41,52.4,6.7,11
2020-12-16 12:01:30.000,37,28.2,4.3,6
2020-12-16 13:31:30.001,26,2.1,0.4,1
2020-12-16 14:16:30.000,29,23.6,4.4,6
2020-12-16 15:46:30.001,37,32.3,6.0,9
2020-12-16 16:01:30.001,37,28.5,5.5,8
2020-12-16 17:01:30.000,26,5.3,0.8,1
2020-12-16 18:01:30.000,14,0.0,0.0,0
2020-12-16 19:01:30.000,8,7.4,0.3,2
2020-12-16 20:01:30.001,5,0.0,0.0,0
2020-12-16 21:01:30.000,3,0.0,0.0,0
2020-12-16 22:16:30.000,2,0.0,0.0,0
2020-12-16 23:01:30.000,0,0.0,0.0,0
2020-12-17 00:46:30.000,5,0.0,0.0,0
2020-12-17 01:01:30.001,6,0.0,0.0,0
2020-12-17 02:16:30.001,7,0.0,0.0,0
2020-12-17 03:31:30.000,8,0.0,0.0,0
2020-12-17 04:46:30.000,5,0.0,0.0,0
2020-12-17 05:31:30.000,6,0.0,0.0,0
2020-12-17 05:46:30.000,7,0.0,0.0,0
2020-12-17 06:46:30.000,17,11.8,1.1,2
2020-12-17 07:31:30.000,34,41.3,6.1,12
2020-12-17 08:01:00.000,25,10.8,1.5,3
2020-12-17 09:46:30.001,23,7.2,1.0,2
2020-12-17 10:01:30.001,23,6.0,0.9,2
2020-12-17 11:01:30.000,24,7.0,0.9,3
2020-12-17 12:01:30.000,22,4.7,0.5,2
2020-12-17 13:31:30.001,26,8.2,1.6,4
2020-12-17 14:46:30.000,38,62.5,7.3,12
2020-12-17 15:31:30.000,43,48.2,6.2,12
2020-12-17 16:01:30.000,36,30.3,3.0,6
2020-12-17 17:01:30.000,26,7.9,1.1,2
2020-12-17 18:01:30.000,15,2.9,0.1,1
2020-12-17 19:01:30.001,8,0.0,0.0,0
2020-12-17 20:01:30.000,5,0.0,0.0,0
2020-12-17 21:01:30.000,2,0.0,0.0,0
2020-12-17 22:46:30.000,3,0.0,0.0,0
2020-12-17 23:16:30.001,4,0.0,0.0,0
2020-12-18 00:46:30.001,5,0.0,0.0,0
2020-12-18 01:01:30.000,7,0.0,0.0,0
2020-12-18 02:01:30.000,5,0.0,0.0,0
2020-12-18 03:01:30.000,6,0.0,0.0,0
2020-12-18 04:01:30.000,4,3.7,0.2,1
2020-12-18 05:46:30.000,6,0.0,0.0,0
2020-12-18 06:46:30.000,14,6.2,0.5,2
2020-12-18 07:31:30.001,33,27.5,4.5,9
2020-12-18 08:01:30.000,24,3.6,0.6,2
2020-12-18 09:31:30.000,26,13.0,1.3,3
2020-12-18 10:46:30.000,32,26.8,2.4,3
2020-12-18 11:16:30.000,36,31.8,3.8,6
2020-12-18 12:46:30.000,30,21.6,2.2,3
2020-12-18 13:46:30.000,39,27.1,5.6,9
2020-12-18 14:46:30.000,44,62.8,6.7,11
2020-12-18 15:01:30.000,44,71.8,9.2,15
2020-12-18 16:01:30.000,38,34.7,4.5,9
2020-12-18 16:16:30.000,39,21.3,3.0,7
2020-12-18 17:01:30.000,31,20.7,2.4,5
2020-12-18 18:01:30.000,20,4.8,0.8,2
2020-12-18 19:01:30.000,10,6.1,0.4,2
2020-12-18 20:16:30.000,8,0.0,0.0,0
2020-12-18 21:01:30.000,3,1.5,0.0,1
2020-12-18 22:46:30.000,1,0.0,0.0,0
2020-12-18 23:01:30.000,1,0.0,0.0,0
2020-12-19 00:01:30.001,0,0.0,0.0,0
2020-12-19 01:31:30.000,2,0.0,0.0,0
2020-12-19 02:31:30.001,7,0.0,0.0,0
2020-12-19 03:01:30.000,8,0.0,0.0,0
2020-12-19 04:01:30.000,3,0.0,0.0,0
2020-12-19 05:01:30.000,2,0.0,0.0,0
2020-12-19 06:16:30.000,1,0.0,0.0,0
2020-12-19 06:46:30.000,2,0.0,0.0,0
2020-12-19 07:46:30.000,6,0.0,0.0,0
2020-12-19 08:46:30.000,9,0.0,0.0,0
2020-12-19 09:46:30.000,14,0.0,0.0,0
2020-12-19 10:46:30.000,22,2.3,0.4,1
2020-12-19 11:01:30.000,24,0.0,0.0,0
2020-12-19 12:01:30.000,18,0.0,0.0,0
2020-12-19 13:46:30.001,24,5.2,0.9,2
2020-12-19 14:46:30.000,29,7.3,1.4,4
2020-12-19 15:16:30.000,28,10.1,1.5,3
2020-12-19 16:16:30.000,28,11.2,1.4,3
2020-12-19 17:01:30.001,25,10.5,1.2,2
2020-12-19 18:01:30.001,18,3.2,0.5,1
2020-12-19 19:01:30.000,10,4.3,0.3,1
2020-12-19 20:01:30.001,9,4.6,0.3,1
2020-12-19 21:01:30.000,4,0.0,0.0,0
2020-12-19 22:01:30.000,0,0.0,0.0,0
2020-12-19 23:46:30.000,3,0.0,0.0,0
2020-12-20 00:01:30.000,2,0.0,0.0,0
2020-12-20 01:01:30.000,2,0.0,0.0,0
2020-12-20 02:01:30.000,3,0.0,0.0,0
2020-12-20 03:01:30.000,2,0.0,0.0,0
2020-12-20 04:01:30.000,0,0.0,0.0,0
2020-12-20 05:01:30.000,0,0.0,0.0,0
2020-12-20 06:46:30.000,2,0.0,0.0,0
2020-12-20 07:46:30.000,3,0.0,0.0,0
2020-12-20 08:46:30.000,5,2.2,0.4,1
2020-12-20 09:16:30.000,7,0.0,0.0,0
2020-12-20 10:46:30.000,10,0.0,0.0,0
2020-12-20 11:16:30.000,12,6.8,0.8,1
2020-12-20 12:01:30.001,10,0.0,0.0,0
2020-12-20 13:31:30.000,11,0.0,0.0,0
2020-12-20 14:46:30.000,15,0.0,0.0,0
2020-12-20 15:46:30.001,21,9.4,2.1,3
2020-12-20 16:16:30.001,23,12.3,1.4,3
2020-12-20 17:01:30.001,23,11.5,1.3,2
2020-12-20 18:01:30.005,21,4.3,0.5,1
2020-12-20 19:01:30.001,8,0.0,0.0,0
2020-12-20 20:16:30.000,6,0.0,0.0,0
2020-12-20 21:01:30.000,4,3.7,0.1,1
2020-12-20 22:31:30.000,2,1.1,0.7,1
2020-12-20 23:46:30.000,6,0.0,0.0,0
2020-12-21 00:46:30.000,7,0.0,0.0,0
2020-12-21 01:01:30.001,7,0.0,0.0,0
2020-12-21 02:31:30.000,6,0.0,0.0,0
2020-12-21 03:16:30.000,8,0.0,0.0,0
2020-12-21 04:16:30.000,3,0.0,0.0,0
2020-12-21 04:46:30.000,5,0.0,0.0,0
2020-12-21 05:01:30.000,4,0.0,0.0,0
2020-12-21 06:46:30.000,10,1.8,0.2,1
2020-12-21 07:46:30.000,13,0.0,0.0,0
2020-12-21 08:46:30.000,14,0.0,0.0,0
2020-12-21 09:46:30.000,19,0.0,0.0,0
2020-12-21 10:46:30.001,23,4.2,0.3,1
2020-12-21 11:01:30.000,22,5.1,0.4,1
2020-12-21 12:46:30.000,23,5.5,1.1,2
2020-12-21 13:46:30.000,31,6.1,0.6,2
2020-12-21 14:01:30.000,30,3.5,0.4,1
2020-12-21 15:31:30.000,31,16.2,2.7,5
2020-12-21 16:01:30.000,29,2.8,0.3,1
2020-12-21 17:01:30.000,20,0.0,0.0,0
2020-12-21 18:01:30.000,11,0.0,0.0,0
2020-12-21 19:01:30.000,9,0.0,0.0,0
2020-12-21 20:01:30.000,8,0.8,1.6,1
2020-12-21 21:01:30.000,2,0.0,0.0,0
2020-12-21 22:46:30.000,6,0.0,0.0,0
2020-12-21 23:46:30.000,10,0.0,0.0,0
2020-12-22 00:16:30.000,10,0.0,0.0,0
2020-12-22 01:31:30.000,14,0.0,0.0,0
2020-12-22 02:01:30.000,11,0.5,1.2,1
2020-12-22 03:01:30.000,9,0.0,0.0,0
2020-12-22 04:31:30.000,6,0.0,0.0,0
2020-12-22 05:01:30.000,4,0.0,0.0,0
2020-12-22 05:46:30.000,5,0.0,0.0,0
2020-12-22 06:46:30.000,10,0.0,0.0,0
2020-12-22 07:46:30.000,14,0.0,0.0,0
2020-12-22 08:46:30.001,15,2.2,0.4,1
2020-12-22 09:46:30.000,22,7.4,1.0,3
2020-12-22 10:31:30.001,30,33.4,3.0,5
2020-12-22 11:01:30.001,27,2.7,0.4,1
2020-12-22 12:16:30.000,24,10.8,1.4,4
2020-12-22 13:46:30.001,29,24.8,3.9,9
2020-12-22 14:46:30.000,34,16.6,2.5,5
2020-12-22 15:46:30.000,44,29.2,4.7,7
2020-12-22 16:16:30.000,45,45.8,6.0,13
2020-12-22 17:01:30.000,28,6.2,1.0,2
2020-12-22 18:01:30.000,13,0.0,0.0,0
2020-12-22 19:01:30.000,9,0.0,0.0,0
2020-12-22 20:01:30.000,7,0.0,0.0,0
2020-12-22 21:01:30.000,5,0.6,1.2,1
2020-12-22 22:46:30.000,4,0.0,0.0,0
2020-12-22 23:31:30.001,5,0.0,0.0,0
2020-12-23 00:46:30.001,7,0.0,0.0,0
2020-12-23 01:16:30.000,8,0.8,1.9,1
2020-12-23 02:31:30.000,9,0.8,1.2,1
2020-12-23 03:01:30.000,9,0.0,0.0,0
2020-12-23 04:01:30.000,6,0.0,0.0,0
2020-12-23 05:01:30.001,3,0.0,0.0,0
2020-12-23 05:16:30.000,6,2.3,0.2,1
2020-12-23 06:46:30.001,11,2.6,0.2,1
2020-12-23 07:31:30.000,12,1.2,0.1,1
2020-12-23 08:46:30.000,16,3.2,0.6,1
2020-12-23 09:46:30.001,30,11.3,1.5,3
2020-12-23 10:46:30.001,35,15.8,2.8,5
2020-12-23 11:01:30.000,34,7.3,0.9,2
2020-12-23 12:01:30.000,24,0.0,0.0,0
2020-12-23 13:46:30.001,33,11.1,1.8,5
2020-12-23 14:01:00.000,33,11.4,1.8,4
2020-12-23 15:46:30.000,38,29.9,5.6,10
2020-12-23 16:01:30.000,37,16.7,2.7,7
2020-12-23 17:01:30.000,26,1.9,0.4,1
2020-12-23 18:01:30.000,15,0.0,0.0,0
2020-12-23 19:16:30.000,8,0.0,0.0,0
2020-12-23 20:01:30.000,5,3.1,0.2,1
2020-12-23 21:01:30.000,3,0.0,0.0,0
2020-12-23 22:01:30.000,0,0.0,0.0,0
2020-12-23 23:01:30.000,0,0.0,0.0,0
2020-12-24 00:46:30.001,1,0.0,0.0,0
2020-12-24 01:46:30.000,7,0.0,0.0,0
2020-12-24 02:01:30.000,6,0.0,0.0,0
2020-12-24 03:01:30.000,6,0.0,0.0,0
2020-12-24 04:31:30.000,4,0.0,0.0,0
2020-12-24 05:01:30.001,3,0.0,0.0,0
2020-12-24 05:46:30.000,4,0.0,0.0,0
2020-12-24 06:46:30.001,10,2.5,0.1,1
2020-12-24 07:46:30.000,13,0.0,0.0,0
2020-12-24 08:46:30.000,15,0.0,0.0,0
2020-12-24 09:46:30.001,27,9.7,1.8,4
2020-12-24 10:46:30.000,32,20.1,2.5,6
2020-12-24 11:01:30.000,32,24.7,2.8,6
2020-12-24 12:01:30.000,27,3.4,0.4,1
2020-12-24 13:16:30.000,25,13.0,1.8,5
2020-12-24 14:01:30.001,22,0.0,0.0,0
2020-12-24 15:01:30.000,23,2.6,0.3,1
2020-12-24 16:01:30.000,20,2.5,0.3,1
2020-12-24 17:01:30.000,15,0.0,0.0,0
2020-12-24 18:01:30.001,10,0.0,0.0,0
2020-12-24 19:01:30.000,7,0.0,0.0,0
2020-12-24 20:31:30.003,7,2.3,0.1,1
2020-12-24 21:01:30.000,5,0.0,0.0,0
2020-12-24 22:46:30.001,4,0.0,0.0,0
2020-12-24 23:01:30.000,3,0.0,0.0,0
2020-12-25 00:31:30.001,2,0.0,0.0,0
2020-12-25 01:31:30.001,2,0.0,0.0,0
2020-12-25 02:01:30.000,3,0.0,0.0,0
2020-12-25 03:01:30.000,3,0.0,0.0,0
2020-12-25 04:01:30.000,3,0.0,0.0,0
2020-12-25 05:01:30.000,1,0.0,0.0,0
2020-12-25 06:16:30.000,1,0.0,0.0,0
2020-12-25 07:31:30.000,6,0.0,0.0,0
2020-12-25 08:01:30.000,4,0.0,0.0,0
2020-12-25 09:01:30.000,4,0.0,0.0,0
2020-12-25 10:01:30.000,4,0.0,0.0,0
2020-12-25 10:46:30.000,6,0.0,0.0,0
2020-12-25 11:01:30.000,6,0.0,0.0,0
2020-12-25 12:01:30.001,5,0.0,0.0,0
2020-12-25 13:16:30.000,6,0.0,0.0,0
2020-12-25 14:16:30.000,8,0.0,0.0,0
2020-12-25 15:46:30.000,9,0.0,0.0,0
2020-12-25 16:31:30.000,11,2.2,0.1,1
2020-12-25 17:01:30.000,10,0.0,0.0,0
2020-12-25 18:01:30.000,10,0.0,0.0,0
2020-12-25 19:16:30.000,8,0.0,0.0,0
2020-12-25 20:16:30.000,5,0.0,0.0,0
2020-12-25 21:01:30.000,3,0.0,0.0,0
2020-12-25 22:01:30.000,1,0.0,0.0,0
2020-12-25 23:46:30.000,5,0.0,0.0,0
2020-12-26 00:16:30.000,7,0.0,0.0,0
2020-12-26 01:01:30.000,3,0.0,0.0,0
2020-12-26 02:01:30.000,1,0.0,0.0,0
2020-12-26 03:01:30.000,1,0.0,0.0,0
2020-12-26 04:16:30.000,1,0.6,1.2,1
2020-12-26 05:01:30.001,1,0.0,0.0,0
2020-12-26 06:31:30.000,2,0.0,0.0,0
2020-12-26 07:46:30.000,5,2.5,0.2,1
2020-12-26 08:16:30.001,6,0.0,0.0,0
2020-12-26 09:46:30.000,11,0.0,0.0,0
2020-12-26 10:46:30.000,15,3.4,0.2,1
2020-12-26 11:01:30.000,15,0.0,0.0,0
2020-12-26 12:46:30.000,14,1.7,0.1,1
2020-12-26 13:31:30.000,17,0.0,0.0,0
2020-12-26 14:16:30.000,18,2.7,0.6,1
2020-12-26 15:46:30.000,20,0.0,0.0,0
2020-12-26 16:16:30.000,21,6.9,1.3,3
2020-12-26 17:01:30.000,18,0.0,0.0,0
2020-12-26 18:01:30.001,11,0.0,0.0,0
2020-12-26 19:01:30.000,7,0.0,0.0,0
2020-12-26 20:31:30.000,5,0.0,0.0,0
2020-12-26 21:01:30.001,3,0.0,0.0,0
2020-12-26 22:01:30.001,0,3.6,0.9,1
2020-12-26 23:01:30.001,1,0.0,0.0,0
2020-12-27 00:16:30.000,2,1.3,2.5,1
2020-12-27 01:01:30.000,2,0.0,0.0,0
2020-12-27 02:01:30.000,3,0.0,0.0,0
2020-12-27 03:01:30.000,3,0.0,0.0,0
2020-12-27 04:01:30.000,2,0.0,0.0,0
2020-12-27 05:46:30.000,1,0.0,0.0,0
2020-12-27 06:01:30.000,1,0.0,0.0,0
2020-12-27 07:46:30.000,5,0.0,0.0,0
2020-12-27 08:16:30.000,5,0.0,0.0,0
2020-12-27 09:01:30.000,5,0.0,0.0,0
2020-12-27 10:31:30.000,8,0.0,0.0,0
2020-12-27 11:01:30.000,8,0.0,0.0,0
2020-12-27 12:01:30.000,6,0.0,0.0,0
2020-12-27 13:16:30.001,7,0.0,0.0,0
2020-12-27 14:01:30.000,7,0.0,0.0,0
2020-12-27 15:16:30.000,8,1.7,0.1,1
2020-12-27 16:31:30.000,9,0.0,0.0,0
2020-12-27 17:01:30.000,8,0.0,0.0,0
2020-12-27 18:01:30.001,6,0.0,0.0,0
2020-12-27 19:01:30.000,5,3.1,0.2,1
2020-12-27 20:31:30.000,6,0.0,0.0,0
2020-12-27 21:16:30.000,3,0.0,0.0,0
2020-12-27 22:46:30.000,2,0.0,0.0,0
2020-12-27 23:01:30.000,2,0.0,0.0,0
2020-12-28 00:31:30.000,6,0.0,0.0,0
2020-12-28 01:46:30.000,7,0.0,0.0,0
2020-12-28 02:01:30.000,7,0.0,0.0,0
2020-12-28 03:16:30.000,5,0.0,0.0,0
2020-12-28 04:01:30.000,5,0.0,0.0,0
2020-12-28 05:01:30.000,3,0.0,0.0,0
2020-12-28 06:46:30.000,10,3.5,0.2,1
2020-12-28 07:01:30.000,10,0.0,0.0,0
2020-12-28 08:01:30.000,10,0.0,0.0,0
2020-12-28 09:46:30.000,15,0.0,0.0,0
2020-12-28 10:46:30.001,17,0.0,0.0,0
2020-12-28 11:01:30.001,17,0.0,0.0,0
2020-12-28 12:46:30.000,15,1.2,0.2,1
2020-12-28 13:46:30.000,20,2.5,0.4,1
2020-12-28 14:31:30.001,25,8.5,1.9,3
2020-12-28 15:16:30.000,23,2.5,0.9,1
2020-12-28 16:16:30.000,24,2.0,0.4,1
2020-12-28 17:01:30.000,20,2.0,0.4,1
2020-12-28 18:01:30.000,12,0.0,0.0,0
2020-12-28 19:01:30.000,7,0.0,0.0,0
2020-12-28 20:01:30.000,5,0.0,0.0,0
2020-12-28 21:01:30.000,3,0.0,0.0,0
2020-12-28 22:31:30.000,5,0.0,0.0,0
2020-12-28 23:01:30.000,4,0.0,0.0,0
2020-12-29 00:01:30.000,6,0.0,0.0,0
2020-12-29 01:01:30.000,6,0.0,0.0,0
2020-12-29 02:16:30.000,6,0.6,1.4,1
2020-12-29 03:01:30.000,4,0.0,0.0,0
2020-12-29 04:01:30.000,4,0.0,0.0,0
2020-12-29 05:16:30.000,6,0.0,0.0,0
2020-12-29 05:46:30.000,8,4.8,0.2,1
2020-12-29 06:46:30.000,10,0.0,0.0,0
2020-12-29 07:01:30.000,13,0.0,0.0,0
2020-12-29 08:46:30.000,12,4.3,0.2,1
2020-12-29 09:46:30.000,15,2.9,0.3,1
2020-12-29 10:46:30.001,19,0.0,0.0,0
2020-12-29 11:01:30.000,18,0.0,0.0,0
2020-12-29 12:16:30.000,16,2.6,0.3,1
2020-12-29 13:46:30.000,23,3.3,0.4,1
2020-12-29 14:16:30.000,24,9.4,1.1,4
2020-12-29 15:46:30.000,26,8.5,1.8,3
2020-12-29 16:31:30.000,28,22.2,2.2,5
2020-12-29 17:01:30.000,23,11.1,1.3,3
2020-12-29 18:01:30.000,17,3.3,0.4,1
2020-12-29 19:01:30.000,8,0.0,0.0,0
2020-12-29 20:31:30.000,6,0.0,0.0,0
2020-12-29 21:01:30.001,3,0.0,0.0,0
2020-12-29 22:01:30.001,1,0.0,0.0,0
2020-12-29 23:31:30.000,3,0.0,0.0,0
2020-12-30 00:16:30.001,4,0.0,0.0,0
2020-12-30 01:01:30.000,2,0.0,0.0,0
2020-12-30 02:46:30.000,3,0.0,0.0,0
2020-12-30 03:16:30.000,4,0.0,0.0,0
2020-12-30 04:01:30.000,2,0.0,0.0,0
2020-12-30 05:31:30.000,5,0.0,0.0,0
2020-12-30 06:46:30.000,9,0.0,0.0,0
2020-12-30 07:01:30.001,11,1.9,0.1,1
2020-12-30 08:46:30.000,10,0.0,0.0,0
2020-12-30 09:46:30.000,16,0.0,0.0,0
2020-12-30 10:46:30.000,20,5.6,1.2,2
2020-12-30 11:16:30.000,21,2.0,0.4,1
2020-12-30 12:01:30.001,17,0.0,0.0,0
2020-12-30 13:46:30.000,22,4.5,0.7,2
2020-12-30 14:01:30.000,25,9.4,1.5,4
2020-12-30 15:46:30.000,28,13.8,3.0,5
2020-12-30 16:46:30.000,30,27.0,2.4,6
2020-12-30 17:01:30.001,25,13.8,1.4,3
2020-12-30 18:01:30.000,18,0.0,0.0,0
2020-12-30 19:01:30.000,8,0.0,0.0,0
2020-12-30 20:16:30.001,6,5.1,0.3,2
2020-12-30 21:01:30.000,4,0.0,0.0,0
2020-12-30 22:46:30.000,3,0.0,0.0,0
2020-12-30 23:01:30.000,2,0.0,0.0,0
2020-12-31 00:16:30.000,5,0.0,0.0,0
2020-12-31 01:01:30.000,4,0.0,0.0,0
2020-12-31 02:01:30.000,4,0.0,0.0,0
2020-12-31 03:01:30.000,5,0.0,0.0,0
2020-12-31 04:01:30.001,4,0.0,0.0,0
2020-12-31 05:01:30.001,5,0.0,0.0,0
2020-12-31 06:31:30.001,8,0.0,0.0,0
2020-12-31 07:16:30.000,10,0.0,0.0,0
2020-12-31 08:46:30.000,11,0.0,0.0,0
2020-12-31 09:46:30.000,18,2.5,0.3,1
2020-12-31 10:31:30.000,23,14.0,2.1,5
2020-12-31 11:16:30.000,22,13.2,1.2,4
2020-12-31 12:01:30.000,20,6.3,0.7,2
2020-12-31 13:31:30.001,22,3.1,0.3,1
2020-12-31 14:01:30.001,21,0.0,0.0,0
2020-12-31 15:01:30.000,20,0.0,0.0,0
2020-12-31 16:01:30.000,18,4.3,0.6,1
2020-12-31 17:01:30.000,13,6.6,0.3,2
2020-12-31 18:01:30.000,8,0.0,0.0,0
2020-12-31 19:01:30.000,5,0.0,0.0,0
2020-12-31 20:01:30.000,6,0.0,0.0,0
2020-12-31 21:16:30.000,5,0.0,0.0,0
2020-12-31 22:01:30.000,1,0.0,0.0,0
2020-12-31 23:01:30.001,0,0.0,0.0,0
2021-01-01 00:01:30.000,0,0.0,0.0,0
2021-01-01 01:31:30.000,1,0.0,0.0,0
2021-01-01 02:01:30.001,1,0.0,0.0,0
2021-01-01 03:31:30.001,2,0.0,0.0,0
2021-01-01 04:46:30.000,3,0.0,0.0,0
2021-01-01 05:01:30.000,2,0.0,0.0,0
2021-01-01 06:46:30.000,2,0.0,0.0,0
2021-01-01 07:16:30.001,3,0.0,0.0,0
2021-01-01 08:01:30.000,4,0.0,0.0,0
2021-01-01 09:01:30.000,4,0.0,0.0,0
2021-01-01 10:16:30.000,4,2.6,0.1,1
2021-01-01 11:16:30.000,5,2.2,0.3,1
2021-01-01 12:46:30.000,5,0.0,0.0,0
2021-01-01 13:01:30.000,5,0.0,0.0,0
2021-01-01 14:46:30.000,8,0.0,0.0,0
2021-01-01 15:46:30.000,9,2.1,0.2,1
2021-01-01 16:31:30.000,10,0.0,0.0,0
2021-01-01 17:16:30.000,10,2.2,0.2,1
2021-01-01 18:01:30.000,10,0.0,0.0,0
2021-01-01 19:01:30.000,6,0.0,0.0,0
2021-01-01 20:31:30.000,5,0.0,0.0,0
2021-01-01 21:01:30.001,2,0.0,0.0,0
2021-01-01 22:31:30.000,1,0.0,0.0,0
2021-01-01 23:46:30.001,4,0.0,0.0,0
2021-01-02 00:31:30.000,6,0.0,0.0,0
2021-01-02 01:31:30.000,9,0.7,1.4,1
2021-01-02 02:01:30.000,7,0.0,0.0,0
2021-01-02 03:01:30.000,6,0.0,0.0,0
2021-01-02 04:01:30.000,4,0.0,0.0,0
2021-01-02 05:46:30.001,3,0.0,0.0,0
2021-01-02 06:01:30.000,4,0.0,0.0,0
2021-01-02 07:01:30.000,4,0.0,0.0,0
2021-01-02 07:46:30.000,7,2.5,0.3,1
2021-01-02 08:46:30.001,9,0.0,0.0,0
2021-01-02 09:31:30.000,10,0.0,0.0,0
2021-01-02 10:31:30.000,13,2.3,0.5,1
2021-01-02 11:46:30.000,14,3.4,0.1,1
2021-01-02 12:46:30.000,14,0.0,0.0,0
2021-01-02 13:46:30.001,17,3.0,0.2,1
2021-01-02 14:46:30.001,19,4.5,0.6,2
2021-01-02 15:01:30.000,18,0.0,0.0,0
2021-01-02 16:16:30.000,19,5.7,1.0,2
2021-01-02 17:01:30.000,16,2.0,0.4,1
2021-01-02 18:01:30.000,12,0.0,0.0,0
2021-01-02 19:01:30.000,7,0.0,0.0,0
2021-01-02 20:01:30.001,4,0.0,0.0,0
2021-01-02 21:01:30.000,2,2.4,0.2,1
2021-01-02 22:01:30.000,2,0.0,0.0,0
2021-01-02 23:01:30.000,0,0.0,0.0,0
2021-01-03 00:46:30.001,1,0.0,0.0,0
2021-01-03 01:16:30.000,2,0.0,0.0,0
2021-01-03 02:46:30.000,1,0.0,0.0,0
2021-01-03 03:01:30.000,1,0.0,0.0,0
2021-01-03 04:01:30.000,1,0.0,0.0,0
2021-01-03 05:31:30.000,1,0.0,0.0,0
2021-01-03 06:46:30.000,2,0.0,0.0,0
2021-01-03 07:01:30.000,2,0.0,0.0,0
2021-01-03 07:46:30.000,3,3.0,0.2,1
2021-01-03 08:31:30.000,4,0.0,0.0,0
2021-01-03 09:01:30.000,4,3.4,0.6,1
2021-01-03 10:46:30.290,6,0.0,0.0,0
2021-01-03 11:01:30.000,6,0.0,0.0,0
2021-01-03 12:01:30.001,5,0.0,0.0,0
2021-01-03 13:31:30.000,7,0.0,0.0,0
2021-01-03 14:46:30.000,8,0.0,0.0,0
2021-01-03 15:31:30.001,9,0.0,0.0,0
2021-01-03 16:01:30.000,9,0.0,0.0,0
2021-01-03 17:01:30.000,9,0.0,0.0,0
2021-01-03 18:16:30.001,7,0.0,0.0,0
2021-01-03 19:01:30.001,6,0.0,0.0,0
2021-01-03 20:01:30.001,4,0.0,0.0,0
2021-01-03 21:01:30.000,3,0.0,0.0,0
2021-01-03 22:31:30.000,5,0.0,0.0,0
2021-01-03 23:01:30.000,3,0.0,0.0,0
2021-01-04 00:46:30.000,3,0.0,0.0,0
2021-01-04 01:46:30.000,4,0.0,0.0,0
2021-01-04 02:46:30.000,15,0.6,1.4,1
2021-01-04 03:01:30.001,14,0.0,0.0,0
2021-01-04 04:01:30.000,9,0.0,0.0,0
2021-01-04 05:46:30.001,6,0.0,0.0,0
2021-01-04 06:16:30.000,8,0.0,0.0,0
2021-01-04 06:46:30.001,18,2.1,0.6,1
2021-01-04 07:31:30.000,46,61.3,8.8,18
2021-01-04 08:01:30.000,24,0.0,0.0,0
2021-01-04 09:46:30.000,18,0.0,0.0,0
2021-01-04 10:01:30.000,20,2.8,0.2,1
2021-01-04 11:16:30.000,20,5.4,0.4,1
2021-01-04 12:01:30.000,18,0.0,0.0,0
2021-01-04 13:46:30.000,23,2.9,0.4,1
2021-01-04 14:46:30.000,33,33.9,4.3,9
2021-01-04 15:16:30.000,39,24.2,3.9,8
2021-01-04 16:01:30.000,34,7.5,1.2,2
2021-01-04 17:01:30.000,20,0.0,0.0,0
2021-01-04 18:01:30.001,10,0.0,0.0,0
2021-01-04 19:01:30.001,7,0.0,0.0,0
2021-01-04 20:16:30.000,7,0.0,0.0,0
2021-01-04 21:01:30.000,2,0.7,1.4,1
2021-01-04 22:16:30.001,2,4.6,0.2,1
2021-01-04 23:31:30.000,5,0.0,0.0,0
2021-01-05 00:16:30.000,6,0.0,0.0,0
2021-01-05 01:01:30.000,4,0.0,0.0,0
2021-01-05 02:31:30.000,5,0.0,0.0,0
2021-01-05 03:46:30.000,7,0.8,1.5,1
2021-01-05 04:01:30.000,6,0.0,0.0,0
2021-01-05 05:31:30.000,6,1.0,2.0,1
2021-01-05 06:46:30.000,17,0.0,0.0,0
2021-01-05 07:31:30.000,43,48.8,6.5,14
2021-01-05 08:01:30.001,27,0.0,0.0,0
2021-01-05 09:46:30.001,26,16.4,1.8,5
2021-01-05 10:16:30.000,27,18.2,1.8,5
2021-01-05 11:01:30.000,28,6.5,1.3,2
2021-01-05 12:01:30.000,21,0.0,0.0,0
2021-01-05 13:46:30.000,24,5.2,0.6,2
2021-01-05 14:46:30.001,35,38.6,7.3,12
2021-01-05 15:16:30.001,39,29.3,4.4,10
2021-01-05 16:01:30.000,36,28.1,4.5,9
2021-01-05 17:01:30.000,21,2.2,0.3,1
2021-01-05 18:01:30.000,12,3.3,0.3,1
2021-01-05 19:01:30.000,9,3.1,0.3,1
2021-01-05 20:01:30.000,5,0.0,0.0,0
2021-01-05 21:01:30.000,2,0.0,0.0,0
2021-01-05 22:46:30.000,1,0.0,0.0,0
2021-01-05 23:01:30.001,2,0.0,0.0,0
2021-01-06 00:01:30.000,3,0.0,0.0,0
2021-01-06 01:01:30.001,4,0.5,1.6,1
2021-01-06 02:01:30.001,4,0.0,0.0,0
2021-01-06 03:46:30.000,5,0.8,1.8,1
2021-01-06 04:01:30.000,6,0.0,0.0,0
2021-01-06 05:31:30.000,5,0.0,0.0,0
2021-01-06 05:46:30.000,6,2.8,0.6,1
2021-01-06 06:46:30.000,17,2.5,0.6,1
2021-01-06 07:31:30.000,42,73.1,8.3,17
2021-01-06 08:01:30.000,25,6.8,0.3,1
2021-01-06 09:46:30.000,21,2.4,0.5,1
2021-01-06 10:31:30.000,26,8.4,0.9,3
2021-01-06 11:31:30.001,39,59.5,7.8,14
2021-01-06 12:01:30.000,29,9.0,1.4,3
2021-01-06 13:01:30.000,22,5.2,1.7,2
2021-01-06 14:31:30.000,27,4.5,0.9,2
2021-01-06 15:31:30.000,30,10.1,1.5,4
2021-01-06 16:01:30.000,29,15.2,2.8,7
2021-01-06 17:01:30.000,21,0.0,0.0,0
2021-01-06 18:01:30.001,12,0.0,0.0,0
2021-01-06 19:01:30.000,8,0.0,0.0,0
2021-01-06 20:01:30.001,7,0.0,0.0,0
2021-01-06 21:01:30.000,5,0.0,0.0,0
2021-01-06 22:01:30.000,3,0.0,0.0,0
2021-01-06 23:16:30.001,5,0.5,1.5,1
2021-01-07 00:01:30.000,4,0.0,0.0,0
2021-01-07 01:01:30.000,4,0.0,0.0,0
2021-01-07 02:46:30.001,10,0.7,1.4,1
2021-01-07 03:01:30.000,9,0.0,0.0,0
2021-01-07 04:01:30.001,6,0.0,0.0,0
2021-01-07 05:01:30.000,4,0.0,0.0,0
2021-01-07 06:46:30.000,20,7.5,2.5,2
2021-01-07 07:31:00.000,46,79.2,10.0,21
2021-01-07 08:01:30.000,29,6.9,0.8,2
2021-01-07 09:31:30.000,20,2.2,0.3,1
2021-01-07 10:16:30.000,23,3.8,0.7,2
2021-01-07 11:01:30.000,21,0.0,0.0,0
2021-01-07 12:01:30.000,19,0.0,0.0,0
2021-01-07 13:46:30.001,22,0.0,0.0,0
2021-01-07 14:46:30.000,30,23.0,3.7,8
2021-01-07 15:31:30.000,38,26.7,3.5,7
2021-01-07 16:01:30.000,36,34.3,4.6,9
2021-01-07 17:01:30.000,21,0.0,0.0,0
2021-01-07 18:01:30.000,11,0.0,0.0,0
2021-01-07 19:01:30.001,8,4.3,0.1,1
2021-01-07 20:01:30.000,5,0.0,0.0,0
2021-01-07 21:46:30.000,5,3.0,0.2,1
2021-01-07 22:01:30.001,6,3.1,0.2,1
2021-01-07 23:01:30.000,4,0.0,0.0,0
2021-01-08 00:16:30.001,5,0.0,0.0,0
2021-01-08 01:46:30.000,7,0.8,1.5,1
2021-01-08 02:31:30.000,7,0.4,1.2,1
2021-01-08 03:01:30.000,6,0.0,0.0,0
2021-01-08 04:31:30.000,6,2.9,0.2,1
2021-01-08 05:46:30.000,6,0.0,0.0,0
2021-01-08 06:31:30.000,10,0.0,0.0,0
2021-01-08 06:46:30.001,18,2.0,0.4,1
2021-01-08 07:31:30.001,39,50.3,7.4,14
2021-01-08 08:01:30.000,25,8.6,1.2,3
2021-01-08 09:46:30.000,21,0.0,0.0,0
2021-01-08 10:31:30.001,23,2.5,0.3,1
2021-01-08 11:01:30.001,22,5.5,0.6,2
2021-01-08 12:01:30.000,19,0.0,0.0,0
2021-01-08 13:46:30.000,25,6.1,1.6,2
2021-01-08 14:46:30.000,35,42.4,5.5,12
2021-01-08 15:46:30.000,44,59.6,9.7,18
2021-01-08 16:01:30.001,42,27.6,4.9,8
2021-01-08 17:01:30.000,24,0.0,0.0,0
2021-01-08 18:01:30.000,14,0.0,0.0,0
2021-01-08 19:01:30.000,8,2.5,0.1,1
2021-01-08 20:01:30.000,6,3.4,0.1,1
2021-01-08 21:01:30.000,4,0.0,0.0,0
2021-01-08 22:16:30.000,2,0.0,0.0,0
2021-01-08 23:46:30.000,6,0.0,0.0,0
2021-01-09 00:16:30.001,7,0.0,0.0,0
2021-01-09 01:01:30.000,8,0.0,0.0,0
2021-01-09 02:01:30.000,5,0.0,0.0,0
2021-01-09 03:16:30.001,7,0.0,0.0,0
2021-01-09 04:16:30.000,9,0.0,0.0,0
2021-01-09 05:01:30.000,5,0.0,0.0,0
2021-01-09 06:16:30.000,5,0.0,0.0,0
2021-01-09 07:46:30.001,7,0.0,0.0,0
2021-01-09 08:16:30.004,9,0.0,0.0,0
2021-01-09 08:46:30.000,10,2.3,0.3,1
2021-01-09 09:46:30.001,15,0.0,0.0,0
2021-01-09 10:31:30.001,18,0.0,0.0,0
2021-01-09 11:01:30.000,20,0.0,0.0,0
2021-01-09 12:01:30.000,16,0.0,0.0,0
2021-01-09 13:31:30.000,23,11.9,1.8,5
2021-01-09 14:31:30.000,25,7.8,1.5,3
2021-01-09 15:01:30.000,24,7.6,0.9,3
2021-01-09 16:01:30.000,23,0.0,0.0,0
2021-01-09 17:01:30.000,20,5.3,0.4,2
2021-01-09 18:01:30.000,13,3.8,0.2,2
2021-01-09 19:01:30.000,9,0.0,0.0,0
2021-01-09 20:01:30.000,6,0.0,0.0,0
2021-01-09 21:01:30.000,5,0.0,0.0,0
2021-01-09 22:01:30.001,0,0.0,0.0,0
2021-01-09 23:01:30.000,0,0.0,0.0,0
2021-01-10 00:01:30.000,0,0.0,0.0,0
2021-01-10 01:01:30.000,0,0.0,0.0,0
2021-01-10 02:01:30.001,0,0.0,0.0,0
2021-01-10 03:16:30.001,1,0.0,0.0,0
2021-01-10 04:01:30.001,0,0.0,0.0,0
2021-01-10 05:46:30.000,1,0.0,0.0,0
2021-01-10 06:31:30.000,2,0.0,0.0,0
2021-01-10 07:46:30.001,5,0.0,0.0,0
2021-01-10 08:31:30.000,5,0.0,0.0,0
2021-01-10 09:01:30.001,5,0.0,0.0,0
2021-01-10 10:46:30.000,7,0.0,0.0,0
2021-01-10 11:01:30.001,7,0.0,0.0,0
2021-01-10 12:01:30.000,5,2.7,0.3,1
2021-01-10 13:16:30.000,7,0.0,0.0,0
2021-01-10 14:31:30.001,9,0.0,0.0,0
2021-01-10 15:31:30.000,10,0.0,0.0,0
2021-01-10 16:31:30.000,12,0.0,0.0,0
2021-01-10 17:01:30.000,12,2.7,0.3,1
2021-01-10 18:31:30.000,11,0.0,0.0,0
2021-01-10 19:01:30.000,6,0.0,0.0,0
2021-01-10 20:01:30.001,5,0.0,0.0,0
2021-01-10 21:01:30.000,3,0.0,0.0,0
2021-01-10 22:31:30.000,1,0.0,0.0,0
2021-01-10 23:46:30.001,7,0.0,0.0,0
2021-01-11 00:01:30.000,6,0.0,0.0,0
2021-01-11 01:01:30.000,5,0.0,0.0,0
2021-01-11 02:31:30.000,9,0.0,0.0,0
2021-01-11 03:16:30.000,9,0.0,0.0,0
2021-01-11 04:01:30.000,5,0.0,0.0,0
2021-01-11 05:31:30.000,5,0.0,0.0,0
2021-01-11 06:46:30.001,17,4.6,1.1,2
2021-01-11 07:31:30.000,47,61.9,8.8,16
2021-01-11 08:01:30.000,28,3.8,1.0,2
2021-01-11 09:46:30.001,19,3.6,1.8,2
2021-01-11 10:46:30.000,20,3.1,0.2,1
2021-01-11 11:01:30.000,20,1.8,0.4,1
2021-01-11 12:01:30.000,18,0.0,0.0,0
2021-01-11 13:46:30.000,20,2.2,0.2,1
2021-01-11 14:46:30.000,29,20.8,3.0,6
2021-01-11 15:46:30.001,37,38.8,5.9,11
2021-01-11 16:01:30.000,36,17.4,3.0,5
2021-01-11 17:01:30.001,22,2.3,0.3,1
2021-01-11 18:01:30.000,11,0.0,0.0,0
2021-01-11 19:01:30.001,7,0.0,0.0,0
2021-01-11 20:01:30.000,5,0.0,0.0,0
2021-01-11 21:46:30.000,2,0.0,0.0,0
2021-01-11 22:46:30.000,5,0.0,0.0,0
2021-01-11 23:46:30.001,11,0.0,0.0,0
2021-01-12 00:01:30.001,11,0.0,0.0,0
2021-01-12 01:46:30.000,11,0.0,0.0,0
2021-01-12 02:01:30.001,12,0.0,0.0,0
2021-01-12 03:01:30.000,14,0.0,0.0,0
2021-01-12 04:01:30.000,9,0.0,0.0,0
2021-01-12 05:46:30.000,7,0.0,0.0,0
2021-01-12 06:46:30.000,49,33.6,4.7,5
2021-01-12 07:16:30.001,73,72.2,14.5,18
2021-01-12 08:01:30.000,37,9.4,2.1,3
2021-01-12 09:46:30.000,20,0.0,0.0,0
2021-01-12 10:16:30.001,22,3.6,0.3,1
2021-01-12 11:16:30.001,21,2.3,0.3,1
2021-01-12 12:01:30.000,19,0.0,0.0,0
2021-01-12 13:46:30.000,23,4.8,0.9,2
2021-01-12 14:46:30.000,32,18.5,2.6,6
2021-01-12 15:46:30.000,37,41.3,6.8,13
2021-01-12 16:01:30.000,34,26.1,3.5,8
2021-01-12 17:01:30.000,21,0.0,0.0,0
2021-01-12 18:01:30.001,12,0.0,0.0,0
2021-01-12 19:01:30.000,8,0.0,0.0,0
2021-01-12 20:01:30.000,5,0.0,0.0,0
2021-01-12 21:01:30.000,2,0.0,0.0,0
2021-01-12 22:31:30.000,2,0.0,0.0,0
2021-01-12 23:46:30.001,3,0.0,0.0,0
2021-01-13 00:01:30.001,4,0.0,0.0,0
2021-01-13 01:01:30.001,5,0.0,0.0,0
2021-01-13 02:46:30.000,6,0.5,1.2,1
2021-01-13 03:46:30.000,9,0.7,1.5,1
2021-01-13 04:01:30.000,6,0.7,1.4,1
2021-01-13 05:46:30.000,6,3.2,0.2,1
2021-01-13 06:46:30.000,18,0.0,0.0,0
2021-01-13 07:31:30.000,42,42.4,6.2,12
2021-01-13 08:01:30.000,24,1.6,0.5,1
2021-01-13 09:46:30.000,20,2.0,0.2,1
2021-01-13 10:46:30.000,24,11.9,1.3,4
2021-01-13 11:31:30.000,38,39.8,5.9,10
2021-01-13 12:01:30.000,33,15.8,1.3,5
2021-01-13 13:46:30.000,25,10.1,1.8,4
2021-01-13 14:01:30.001,27,8.1,0.8,2
2021-01-13 15:46:30.000,32,22.1,3.5,7
2021-01-13 16:01:30.001,31,18.1,2.6,6
2021-01-13 17:01:30.001,23,3.2,0.7,1
2021-01-13 18:01:30.000,13,0.0,0.0,0
2021-01-13 19:01:30.000,8,0.0,0.0,0
2021-01-13 20:31:30.001,6,0.0,0.0,0
2021-01-13 21:01:30.000,5,0.0,0.0,0
2021-01-13 22:01:30.000,0,0.0,0.0,0
2021-01-13 23:46:30.001,7,0.0,0.0,0
2021-01-14 00:31:30.000,9,0.0,0.0,0
2021-01-14 01:46:30.001,11,0.0,0.0,0
2021-01-14 02:01:30.000,9,0.0,0.0,0
2021-01-14 03:31:30.000,10,0.0,0.0,0
2021-01-14 04:46:30.001,7,0.0,0.0,0
2021-01-14 05:01:30.000,5,0.6,1.1,1
2021-01-14 05:46:30.000,7,0.8,1.4,1
2021-01-14 06:46:33.121,22,7.4,1.3,3
2021-01-14 07:31:30.000,57,105.8,14.3,24
2021-01-14 08:01:30.000,34,12.3,0.9,3
2021-01-14 09:46:30.000,24,2.9,0.3,1
2021-01-14 10:16:30.000,26,3.1,0.2,1
2021-01-14 11:16:30.000,23,5.2,0.7,2
2021-01-14 12:16:30.000,22,6.0,0.5,2
2021-01-14 13:46:30.000,23,0.0,0.0,0
2021-01-14 14:46:30.000,33,25.9,4.0,7
2021-01-14 15:46:30.001,39,31.6,4.6,8
2021-01-14 16:01:30.000,43,38.7,5.0,10
2021-01-14 17:01:30.000,27,0.0,0.0,0
2021-01-14 18:01:30.000,20,0.0,0.0,0
2021-01-14 19:01:30.001,13,3.5,0.4,1
2021-01-14 20:16:30.000,10,0.0,0.0,0
2021-01-14 21:01:30.000,7,0.0,0.0,0
2021-01-14 22:01:30.000,6,0.0,0.0,0
2021-01-14 23:01:30.000,5,0.0,0.0,0
2021-01-15 00:31:30.001,7,0.0,0.0,0
2021-01-15 01:46:30.000,10,0.9,1.6,1
2021-01-15 02:01:30.000,8,0.0,0.0,0
2021-01-15 03:16:30.001,8,0.0,0.0,0
2021-01-15 04:31:30.000,9,0.0,0.0,0
2021-01-15 05:31:30.000,8,0.0,0.0,0
2021-01-15 06:46:30.001,23,0.0,0.0,0
2021-01-15 07:31:30.000,47,54.7,6.5,13
2021-01-15 08:01:30.000,32,9.8,0.9,3
2021-01-15 09:46:30.000,21,1.0,0.2,1
2021-01-15 10:31:30.000,24,3.0,0.3,1
2021-01-15 11:01:30.000,23,2.3,0.3,1
2021-01-15 12:01:30.000,21,9.3,1.1,3
2021-01-15 13:46:30.000,24,5.4,0.7,2
2021-01-15 14:46:30.000,33,37.1,5.0,9
2021-01-15 15:01:30.000,38,45.0,4.8,9
2021-01-15 16:01:30.000,37,24.6,4.4,7
2021-01-15 17:01:30.000,25,8.8,1.5,3
2021-01-15 18:01:30.000,15,0.0,0.0,0
2021-01-15 19:01:30.000,8,0.0,0.0,0
2021-01-15 20:01:30.001,8,0.0,0.0,0
2021-01-15 21:01:30.000,4,0.0,0.0,0
2021-01-15 22:46:30.000,2,0.0,0.0,0
2021-01-15 23:31:30.000,3,0.0,0.0,0
2021-01-16 00:01:30.000,1,0.0,0.0,0
2021-01-16 01:16:30.000,2,0.0,0.0,0
2021-01-16 02:16:30.001,3,0.0,0.0,0
2021-01-16 03:01:30.000,3,0.0,0.0,0
2021-01-16 04:31:30.000,4,0.7,1.6,1
2021-01-16 05:46:30.000,5,2.8,0.3,1
2021-01-16 06:01:30.000,3,2.6,0.2,1
2021-01-16 06:46:30.001,4,0.0,0.0,0
2021-01-16 07:01:30.000,4,0.0,0.0,0
2021-01-16 08:46:30.000,8,0.0,0.0,0
2021-01-16 09:46:30.000,14,0.0,0.0,0
2021-01-16 10:31:30.000,20,0.0,0.0,0
2021-01-16 11:01:30.001,19,0.0,0.0,0
2021-01-16 12:01:30.000,16,0.0,0.0,0
2021-01-16 13:46:30.001,21,0.0,0.0,0
2021-01-16 14:46:30.000,26,5.7,3.2,3
2021-01-16 15:31:30.000,42,9.7,8.8,4
2021-01-16 16:46:30.000,39,7.5,16.1,3
2021-01-16 17:01:30.000,39,9.1,12.3,4
2021-01-16 18:01:30.001,26,2.3,2.4,1
2021-01-16 19:01:30.000,17,0.0,0.0,0
2021-01-16 20:01:30.000,15,0.0,0.0,0
2021-01-16 21:01:30.000,17,0.0,0.0,0
2021-01-16 22:01:30.000,13,0.0,0.0,0
2021-01-16 23:01:30.000,10,0.0,0.0,0
2021-01-17 00:01:30.000,8,0.0,0.0,0
2021-01-17 01:31:30.001,7,0.0,0.0,0
2021-01-17 02:01:30.001,6,0.0,0.0,0
2021-01-17 03:16:30.000,5,0.0,0.0,0
2021-01-17 04:16:30.000,4,0.0,0.0,0
2021-01-17 05:01:30.001,3,0.0,0.0,0
2021-01-17 06:01:30.000,4,0.0,0.0,0
2021-01-17 06:16:30.000,5,0.0,0.0,0
2021-01-17 07:46:30.001,6,0.0,0.0,0
2021-01-17 08:01:30.000,5,0.0,0.0,0
2021-01-17 09:31:30.000,5,0.0,0.0,0
2021-01-17 10:46:30.000,7,0.0,0.0,0
2021-01-17 11:01:30.000,7,0.0,0.0,0
2021-01-17 12:46:30.000,6,0.0,0.0,0
2021-01-17 13:31:30.000,8,0.0,0.0,0
2021-01-17 14:01:30.000,8,0.0,0.0,0
2021-01-17 15:01:30.000,8,0.0,0.0,0
2021-01-17 16:31:30.000,11,0.0,0.0,0
2021-01-17 17:01:30.000,11,0.0,0.0,0
2021-01-17 18:01:30.000,7,0.0,0.0,0
2021-01-17 19:16:30.000,7,0.0,0.0,0
2021-01-17 20:01:30.001,5,0.0,0.0,0
2021-01-17 21:01:30.000,2,0.0,0.0,0
2021-01-17 22:01:30.000,1,0.0,0.0,0
2021-01-17 23:16:30.000,1,0.0,0.0,0
2021-01-18 00:01:30.000,1,0.0,0.0,0
2021-01-18 01:46:30.000,5,0.0,0.0,0
2021-01-18 02:16:30.000,10,0.6,1.2,1
2021-01-18 03:01:30.000,7,0.0,0.0,0
2021-01-18 04:01:30.000,4,0.0,0.0,0
2021-01-18 05:31:30.000,4,0.0,0.0,0
2021-01-18 05:46:30.000,6,0.0,0.0,0
2021-01-18 06:46:30.000,18,1.7,0.6,1
2021-01-18 07:31:30.001,43,63.5,9.1,15
2021-01-18 08:01:30.000,29,9.2,0.6,2
2021-01-18 09:16:30.000,19,2.6,0.3,1
2021-01-18 10:16:30.001,19,4.5,0.1,1
2021-01-18 11:01:30.001,19,0.0,0.0,0
2021-01-18 12:01:30.000,19,0.0,0.0,0
2021-01-18 13:46:30.000,21,0.0,0.0,0
2021-01-18 14:46:30.000,31,23.8,3.2,5
2021-01-18 15:46:30.000,42,44.2,5.7,11
2021-01-18 16:01:30.000,40,19.8,4.2,7
2021-01-18 17:01:30.125,24,0.0,0.0,0
2021-01-18 18:01:30.000,13,0.0,0.0,0
2021-01-18 19:01:30.000,8,0.0,0.0,0
2021-01-18 20:01:30.001,6,0.0,0.0,0
2021-01-18 21:01:30.000,5,0.0,0.0,0
2021-01-18 22:46:30.000,6,0.0,0.0,0
2021-01-18 23:01:30.000,5,0.0,0.0,0
2021-01-19 00:46:30.000,7,0.0,0.0,0
2021-01-19 01:46:30.000,6,0.0,0.0,0
2021-01-19 02:01:30.000,9,0.8,1.5,1
2021-01-19 03:16:30.000,9,0.9,1.6,1
2021-01-19 04:01:30.000,6,0.0,0.0,0
2021-01-19 05:01:30.000,5,0.0,0.0,0
2021-01-19 06:46:00.000,21,4.5,1.4,3
2021-01-19 07:31:30.000,55,99.8,15.0,26
2021-01-19 08:01:30.000,35,14.6,1.7,4
2021-01-19 09:46:30.000,21,4.7,1.0,2
2021-01-19 10:01:30.001,22,0.0,0.0,0
2021-01-19 11:01:30.000,22,2.6,0.2,1
2021-01-19 12:01:30.000,20,3.8,0.1,1
2021-01-19 13:16:30.000,21,4.8,0.3,1
2021-01-19 14:46:30.000,30,27.3,4.8,9
2021-01-19 15:01:30.000,36,34.2,4.1,9
2021-01-19 16:01:30.000,33,13.0,2.6,5
2021-01-19 17:01:30.001,22,0.0,0.0,0
2021-01-19 18:01:30.000,11,0.0,0.0,0
2021-01-19 19:01:30.000,7,0.0,0.0,0
2021-01-19 20:16:30.001,7,0.0,0.0,0
2021-01-19 21:46:30.001,3,0.0,0.0,0
2021-01-19 22:16:30.000,3,0.0,0.0,0
2021-01-19 23:01:30.000,5,0.0,0.0,0
2021-01-20 00:46:30.000,7,0.0,0.0,0
2021-01-20 01:46:30.001,11,0.9,1.5,1
2021-01-20 02:01:30.000,11,0.0,0.0,0
2021-01-20 03:46:30.000,9,0.8,1.6,1
2021-01-20 04:01:30.001,6,0.0,0.0,0
2021-01-20 05:46:30.000,4,0.0,0.0,0
2021-01-20 06:46:30.000,17,3.0,1.3,1
2021-01-20 07:31:30.000,41,42.0,5.4,11
2021-01-20 08:01:30.000,24,2.1,0.3,1
2021-01-20 09:31:30.000,20,0.0,0.0,0
2021-01-20 10:46:30.000,24,0.0,0.0,0
2021-01-20 11:46:30.000,40,43.0,6.3,9
2021-01-20 12:01:30.000,35,21.9,2.5,5
2021-01-20 13:01:30.000,23,4.9,0.7,2
2021-01-20 14:01:30.000,22,2.2,0.3,1
2021-01-20 15:31:30.000,29,18.1,2.6,6
2021-01-20 16:16:30.000,28,14.7,2.2,4
2021-01-20 17:01:30.000,21,0.0,0.0,0
2021-01-20 18:01:30.000,12,0.0,0.0,0
2021-01-20 19:16:30.000,8,0.0,0.0,0
2021-01-20 20:01:30.000,7,0.0,0.0,0
2021-01-20 21:01:30.000,3,0.0,0.0,0
2021-01-20 22:31:30.000,1,0.0,0.0,0
2021-01-20 23:01:30.000,0,0.0,0.0,0
2021-01-21 00:16:30.000,3,0.0,0.0,0
2021-01-21 01:01:30.000,4,0.0,0.0,0
2021-01-21 02:31:30.000,6,0.0,0.0,0
2021-01-21 03:46:30.000,9,0.8,1.6,1
2021-01-21 04:16:30.001,9,0.8,1.8,1
2021-01-21 05:01:30.001,6,0.0,0.0,0
2021-01-21 06:46:30.000,20,4.9,1.0,2
2021-01-21 07:31:30.000,43,57.3,8.1,14
2021-01-21 08:01:30.000,25,5.5,1.0,2
2021-01-21 09:46:30.000,19,0.0,0.0,0
2021-01-21 10:16:30.000,21,3.4,0.4,1
2021-01-21 11:01:30.000,19,0.0,0.0,0
2021-01-21 12:46:30.000,18,4.4,0.3,1
2021-01-21 13:31:30.000,21,10.2,1.3,3
2021-01-21 14:46:30.000,34,49.0,6.1,12
2021-01-21 15:16:30.000,40,37.5,6.2,10
2021-01-21 16:01:30.000,35,17.9,2.4,5
2021-01-21 17:01:30.001,23,2.1,0.4,1
2021-01-21 18:01:30.001,15,2.7,0.2,1
2021-01-21 19:01:30.000,9,0.7,1.1,1
2021-01-21 20:31:30.000,7,0.0,0.0,0
2021-01-21 21:01:30.000,5,0.0,0.0,0
2021-01-21 22:31:30.000,3,0.0,0.0,0
2021-01-21 23:31:30.000,4,0.0,0.0,0
2021-01-22 00:31:30.000,7,0.0,0.0,0
2021-01-22 01:01:30.000,12,0.0,0.0,0
2021-01-22 02:31:30.000,11,0.0,0.0,0
2021-01-22 03:01:30.000,9,0.0,0.0,0
2021-01-22 04:16:30.000,7,0.0,0.0,0
2021-01-22 05:01:30.000,2,0.0,0.0,0
2021-01-22 05:46:30.000,5,0.0,0.0,0
2021-01-22 06:46:30.000,16,0.9,0.6,1
2021-01-22 07:31:30.000,40,37.9,6.0,11
2021-01-22 08:01:30.000,26,12.6,1.7,4
2021-01-22 09:46:30.001,19,0.0,0.0,0
2021-01-22 10:01:30.001,20,0.0,0.0,0
2021-01-22 11:01:30.000,20,2.3,0.3,1
2021-01-22 11:16:30.000,22,7.8,0.8,2
2021-01-22 12:46:30.000,18,5.0,0.4,1
2021-01-22 13:46:30.001,25,9.2,1.5,3
2021-01-22 14:46:30.000,37,68.4,6.2,13
2021-01-22 15:31:30.000,51,109.9,9.7,16
2021-01-22 16:01:30.000,49,112.1,11.4,17
2021-01-22 17:01:30.000,30,17.8,2.3,5
2021-01-22 18:01:30.000,17,0.0,0.0,0
2021-01-22 19:01:30.001,7,0.0,0.0,0
2021-01-22 20:01:30.001,5,0.0,0.0,0
2021-01-22 21:01:30.000,4,0.0,0.0,0
2021-01-22 22:01:30.000,0,0.0,0.0,0
2021-01-22 23:01:30.000,1,0.0,0.0,0
2021-01-23 00:01:30.000,0,0.0,0.0,0
2021-01-23 01:46:30.000,5,0.0,0.0,0
2021-01-23 02:01:30.000,4,0.6,1.4,1
2021-01-23 03:01:30.001,4,0.0,0.0,0
2021-01-23 04:01:30.000,5,0.0,0.0,0
2021-01-23 05:31:30.001,2,0.0,0.0,0
2021-01-23 06:16:30.000,2,0.0,0.0,0
2021-01-23 07:46:30.001,5,0.0,0.0,0
2021-01-23 08:46:30.000,9,0.0,0.0,0
2021-01-23 09:46:30.000,15,0.0,0.0,0
2021-01-23 10:46:30.001,21,3.5,0.4,1
2021-01-23 11:01:30.000,22,2.3,0.4,1
2021-01-23 12:01:30.001,17,2.6,0.5,1
2021-01-23 13:31:30.000,22,2.9,0.1,1
2021-01-23 14:31:30.000,23,4.3,1.0,2
2021-01-23 15:01:30.000,23,2.6,0.6,1
2021-01-23 16:01:30.000,24,6.6,1.3,2
2021-01-23 17:01:30.000,22,1.5,0.3,1
2021-01-23 18:01:30.000,15,0.0,0.0,0
2021-01-23 19:46:30.001,36,6.6,4.8,3
2021-01-23 20:46:30.001,82,53.8,42.8,10
2021-01-23 21:31:30.001,98,31.1,15.0,9
2021-01-23 22:01:30.000,79,77.2,21.1,6
2021-01-23 23:01:30.000,52,79.5,42.7,3
2021-01-24 00:01:30.000,39,9.4,18.5,2
2021-01-24 01:01:30.000,33,0.0,0.0,0
2021-01-24 02:01:30.000,25,0.0,0.0,0
2021-01-24 03:01:30.000,21,0.0,0.0,0
2021-01-24 04:01:30.000,17,0.0,0.0,0
2021-01-24 05:01:30.001,11,0.6,1.3,1
2021-01-24 06:16:30.000,10,0.0,0.0,0
2021-01-24 07:46:30.000,9,0.0,0.0,0
2021-01-24 08:01:30.001,9,0.0,0.0,0
2021-01-24 08:16:30.000,10,0.0,0.0,0
2021-01-24 09:46:30.000,12,0.0,0.0,0
2021-01-24 10:16:30.000,12,0.0,0.0,0
2021-01-24 11:01:30.001,12,0.0,0.0,0
2021-01-24 12:01:30.000,9,0.0,0.0,0
2021-01-24 13:46:30.000,10,0.0,0.0,0
2021-01-24 14:01:30.000,9,0.0,0.0,0
2021-01-24 15:16:30.000,9,0.0,0.0,0
2021-01-24 16:16:30.000,9,0.0,0.0,0
2021-01-24 17:01:30.001,10,0.0,0.0,0
2021-01-24 18:01:30.000,9,0.0,0.0,0
2021-01-24 19:01:30.001,7,0.0,0.0,0
2021-01-24 20:01:30.001,7,0.0,0.0,0
2021-01-24 21:01:30.000,3,0.0,0.0,0
2021-01-24 22:01:30.000,3,0.0,0.0,0
2021-01-24 23:46:30.000,6,0.0,0.0,0
2021-01-25 00:46:30.001,9,0.0,0.0,0
2021-01-25 01:31:30.000,10,0.6,1.5,1
2021-01-25 02:01:30.000,11,0.0,0.0,0
2021-01-25 03:46:30.000,9,0.0,0.0,0
2021-01-25 04:01:30.000,7,0.0,0.0,0
2021-01-25 05:46:30.000,6,0.0,0.0,0
2021-01-25 06:46:30.000,19,3.3,0.6,1
2021-01-25 07:31:30.000,45,49.2,8.0,15
2021-01-25 08:01:30.000,27,10.8,0.7,2
2021-01-25 09:46:30.000,19,0.0,0.0,0
2021-01-25 10:01:30.001,19,5.5,0.4,2
2021-01-25 10:16:30.023,20,0.0,0.0,0
2021-01-25 11:01:30.001,18,0.0,0.0,0
2021-01-25 12:46:30.000,18,0.0,0.0,0
2021-01-25 13:46:30.001,19,0.0,0.0,0
2021-01-25 14:46:30.000,29,23.6,3.3,6
2021-01-25 15:46:30.000,35,25.9,4.7,8
2021-01-25 16:01:30.000,33,8.4,2.0,3
2021-01-25 17:01:30.000,19,0.0,0.0,0
2021-01-25 18:01:30.000,11,0.0,0.0,0
2021-01-25 19:01:30.000,9,0.0,0.0,0
2021-01-25 20:01:30.000,7,0.0,0.0,0
2021-01-25 21:16:30.001,6,3.5,0.2,1
2021-01-25 22:46:30.000,2,0.0,0.0,0
2021-01-25 23:31:30.000,3,0.0,0.0,0
2021-01-26 00:31:30.001,5,0.0,0.0,0
2021-01-26 01:46:30.000,10,0.0,0.0,0
2021-01-26 02:16:30.000,11,1.1,1.6,1
2021-01-26 03:01:30.000,9,0.0,0.0,0
2021-01-26 04:01:30.000,8,0.0,0.0,0
2021-01-26 05:46:30.000,6,0.0,0.0,0
2021-01-26 06:46:30.001,18,1.8,0.7,1
2021-01-26 07:31:30.000,46,70.7,9.9,18
2021-01-26 08:01:30.000,29,7.6,0.5,1
2021-01-26 09:31:30.000,19,0.0,0.0,0
2021-01-26 10:16:30.000,22,0.0,0.0,0
2021-01-26 11:01:30.000,20,0.0,0.0,0
2021-01-26 12:16:30.000,19,0.0,0.0,0
2021-01-26 13:46:30.000,23,0.0,0.0,0
2021-01-26 14:46:30.001,34,27.8,3.6,6
2021-01-26 15:46:30.001,43,55.4,6.5,13
2021-01-26 16:01:30.001,39,18.5,3.2,6
2021-01-26 17:01:30.001,22,0.0,0.0,0
2021-01-26 18:01:30.000,13,0.0,0.0,0
2021-01-26 19:01:30.000,7,2.4,0.2,1
2021-01-26 20:01:30.001,6,4.3,0.3,1
2021-01-26 21:01:30.000,3,0.0,0.0,0
2021-01-26 22:46:30.000,2,0.0,0.0,0
2021-01-26 23:46:30.001,6,0.0,0.0,0
2021-01-27 00:01:30.000,4,0.0,0.0,0
2021-01-27 01:31:30.000,6,0.5,1.0,1
2021-01-27 02:16:30.000,12,0.0,0.0,0
2021-01-27 03:01:30.000,11,0.0,0.0,0
2021-01-27 04:01:30.000,9,0.0,0.0,0
2021-01-27 05:46:30.000,5,0.0,0.0,0
2021-01-27 06:46:30.001,17,1.5,0.6,1
2021-01-27 07:31:30.000,42,59.6,8.5,16
2021-01-27 08:01:30.000,25,8.1,0.8,2
2021-01-27 09:46:30.000,20,2.5,0.3,1
2021-01-27 10:46:30.000,25,9.3,1.4,3
2021-01-27 11:31:30.000,41,45.8,6.3,10
2021-01-27 12:01:30.000,36,4.8,1.5,2
2021-01-27 13:16:30.000,25,8.6,0.6,1
2021-01-27 14:16:30.000,26,13.4,0.6,2
2021-01-27 15:46:30.000,31,26.3,3.5,7
2021-01-27 16:01:30.000,30,12.6,1.8,4
2021-01-27 17:01:30.000,24,3.0,1.6,2
2021-01-27 18:01:30.001,13,0.0,0.0,0
2021-01-27 19:01:30.004,9,0.0,0.0,0
2021-01-27 20:01:30.000,5,0.0,0.0,0
2021-01-27 21:01:30.000,2,0.0,0.0,0
2021-01-27 22:46:30.000,4,0.0,0.0,0
2021-01-27 23:46:30.000,6,0.0,0.0,0
2021-01-28 00:46:30.000,8,0.0,0.0,0
2021-01-28 01:31:30.000,8,0.0,0.0,0
2021-01-28 02:16:30.001,7,0.6,1.4,1
2021-01-28 03:46:30.001,11,0.0,0.0,0
2021-01-28 04:01:30.000,9,0.0,0.0,0
2021-01-28 05:01:30.000,4,0.0,0.0,0
2021-01-28 05:46:30.000,6,0.0,0.0,0
2021-01-28 06:46:30.000,20,3.0,0.8,2
2021-01-28 07:31:30.001,55,87.8,14.1,23
2021-01-28 08:01:30.000,41,15.1,3.1,4
2021-01-28 09:46:30.000,23,3.0,0.5,1
2021-01-28 10:01:30.001,24,12.8,1.7,4
2021-01-28 11:31:30.000,23,2.9,0.4,1
2021-01-28 12:01:30.000,22,3.1,0.4,1
2021-01-28 13:16:30.000,25,2.2,0.3,1
2021-01-28 14:46:30.000,35,37.4,5.1,10
2021-01-28 15:31:30.000,42,61.0,6.9,12
2021-01-28 16:01:30.000,37,36.0,5.0,10
2021-01-28 17:01:30.000,23,2.4,0.4,1
2021-01-28 18:01:30.000,12,0.0,0.0,0
2021-01-28 19:01:30.000,9,0.0,0.0,0
2021-01-28 20:01:30.000,6,0.0,0.0,0
2021-01-28 21:01:30.000,2,0.0,0.0,0
2021-01-28 22:01:30.000,0,0.0,0.0,0
2021-01-28 23:01:30.000,0,0.0,0.0,0
2021-01-29 00:46:30.000,4,0.0,0.0,0
2021-01-29 01:46:30.000,10,0.0,0.0,0
2021-01-29 02:01:30.000,11,0.0,0.0,0
2021-01-29 03:01:30.000,10,0.0,0.0,0
2021-01-29 04:01:30.000,8,0.0,0.0,0
2021-01-29 05:16:30.001,6,0.6,1.6,1
2021-01-29 06:46:30.000,17,0.0,0.0,0
2021-01-29 07:31:30.000,44,40.5,6.0,11
2021-01-29 08:01:30.000,27,6.5,1.1,2
2021-01-29 09:46:30.000,24,12.3,1.4,4
2021-01-29 10:01:30.000,25,5.4,1.0,2
2021-01-29 11:01:30.000,25,3.8,0.6,1
2021-01-29 12:01:30.001,21,0.0,0.0,0
2021-01-29 13:46:30.000,25,4.9,0.4,1
2021-01-29 14:46:30.000,39,67.3,8.0,17
2021-01-29 15:16:30.000,46,60.5,7.9,13
2021-01-29 16:01:30.001,40,25.0,5.5,8
2021-01-29 17:01:30.000,24,2.4,0.4,1
2021-01-29 18:01:30.000,16,0.0,0.0,0
2021-01-29 19:01:30.000,8,0.0,0.0,0
2021-01-29 20:01:30.000,6,0.0,0.0,0
2021-01-29 21:01:30.000,4,0.0,0.0,0
2021-01-29 22:16:30.000,1,0.0,0.0,0
2021-01-29 23:31:30.001,2,0.0,0.0,0
2021-01-30 00:46:30.000,2,0.0,0.0,0
2021-01-30 01:16:30.000,3,0.0,0.0,0
2021-01-30 02:31:30.000,8,0.0,0.0,0
2021-01-30 03:16:30.000,8,0.0,0.0,0
2021-01-30 04:01:30.000,7,0.0,0.0,0
2021-01-30 05:01:30.000,2,0.0,0.0,0
2021-01-30 06:31:30.000,1,0.0,0.0,0
2021-01-30 07:46:30.000,4,0.0,0.0,0
2021-01-30 08:46:30.001,11,0.0,0.0,0
2021-01-30 09:46:30.000,17,0.0,0.0,0
2021-01-30 10:31:30.000,23,0.0,0.0,0
2021-01-30 11:01:30.000,22,2.5,0.4,1
2021-01-30 12:01:30.000,19,0.0,0.0,0
2021-01-30 13:46:30.000,24,0.0,0.0,0
2021-01-30 14:01:30.000,26,4.5,1.0,2
2021-01-30 15:01:30.001,26,3.1,0.3,1
2021-01-30 16:01:30.000,24,3.3,0.5,1
2021-01-30 17:01:30.001,19,0.0,0.0,0
2021-01-30 18:01:30.000,14,0.0,0.0,0
2021-01-30 19:01:30.001,10,0.0,0.0,0
2021-01-30 20:01:30.001,6,0.0,0.0,0
2021-01-30 21:01:30.000,5,0.0,0.0,0
2021-01-30 22:01:30.000,0,0.0,0.0,0
2021-01-30 23:01:30.000,0,0.0,0.0,0
2021-01-31 00:01:30.000,0,0.0,0.0,0
2021-01-31 01:01:30.000,0,0.0,0.0,0
2021-01-31 02:01:30.000,0,0.0,0.0,0
2021-01-31 03:31:30.001,1,0.0,0.0,0
2021-01-31 04:16:30.000,2,0.0,0.0,0
2021-01-31 05:01:30.000,0,0.0,0.0,0
2021-01-31 06:01:30.000,1,0.0,0.0,0
2021-01-31 07:46:30.001,2,0.0,0.0,0
2021-01-31 08:16:30.133,3,0.0,0.0,0
2021-01-31 09:31:30.000,5,0.0,0.0,0
2021-01-31 10:31:30.000,8,1.1,0.0,1
2021-01-31 11:16:30.001,9,0.0,0.0,0
2021-01-31 12:01:30.000,7,0.0,0.0,0
2021-01-31 13:31:30.000,8,0.0,0.0,0
2021-01-31 14:16:30.000,10,0.0,0.0,0
2021-01-31 15:16:30.000,11,0.0,0.0,0
2021-01-31 16:46:30.000,11,0.0,0.0,0
2021-01-31 17:01:30.000,11,0.0,0.0,0
2021-01-31 18:01:30.001,8,0.0,0.0,0
2021-01-31 19:01:30.000,7,0.0,0.0,0
2021-01-31 20:01:30.000,5,0.0,0.0,0
2021-01-31 21:01:30.000,2,0.0,0.0,0
2021-01-31 22:01:30.000,0,0.0,0.0,0
2021-01-31 23:31:30.000,1,0.0,0.0,0
2021-02-01 00:31:30.001,3,0.5,1.4,1
2021-02-01 01:46:30.001,4,0.0,0.0,0
2021-02-01 02:16:30.000,6,0.0,0.0,0
2021-02-01 03:16:30.000,8,0.0,0.0,0
2021-02-01 04:01:30.000,7,0.0,0.0,0
2021-02-01 05:46:30.000,5,0.0,0.0,0
2021-02-01 06:46:30.000,19,0.0,0.0,0
2021-02-01 07:16:30.000,42,61.0,10.4,17
2021-02-01 08:01:30.001,27,5.7,0.7,2
2021-02-01 09:01:30.000,18,8.8,0.3,1
2021-02-01 10:46:30.001,20,0.0,0.0,0
2021-02-01 11:01:30.000,21,2.9,0.3,1
2021-02-01 12:01:30.000,18,0.0,0.0,0
2021-02-01 13:46:30.000,22,0.0,0.0,0
2021-02-01 14:46:30.000,32,31.5,4.2,11
2021-02-01 15:46:30.000,42,40.0,8.3,13
2021-02-01 16:01:30.001,38,20.4,5.1,9
2021-02-01 17:01:30.000,21,0.0,0.0,0
2021-02-01 18:01:30.001,13,0.0,0.0,0
2021-02-01 19:01:30.000,7,0.0,0.0,0
2021-02-01 20:16:30.000,6,0.0,0.0,0
2021-02-01 21:01:30.001,2,0.0,0.0,0
2021-02-01 22:16:30.001,2,0.0,0.0,0
2021-02-01 23:46:30.001,8,0.0,0.0,0
2021-02-02 00:01:30.000,7,0.0,0.0,0
2021-02-02 01:46:30.001,7,0.0,0.0,0
2021-02-02 02:16:30.000,8,0.0,0.0,0
2021-02-02 03:31:30.000,7,0.0,0.0,0
2021-02-02 04:01:30.001,6,0.0,0.0,0
2021-02-02 05:46:30.000,5,0.0,0.0,0
2021-02-02 06:46:30.001,17,2.3,0.6,1
2021-02-02 07:31:30.000,55,161.9,14.0,21
2021-02-02 08:01:30.000,41,16.1,2.2,5
2021-02-02 09:46:30.000,22,34.4,1.7,2
2021-02-02 10:46:30.000,30,33.4,2.8,7
2021-02-02 11:01:30.000,26,12.0,1.3,3
2021-02-02 12:01:30.000,20,0.0,0.0,0
2021-02-02 13:46:30.000,23,1.8,0.3,1
2021-02-02 14:46:30.004,32,25.4,2.7,5
2021-02-02 15:46:30.001,37,48.4,6.6,12
2021-02-02 16:01:30.001,34,15.7,2.8,5
2021-02-02 17:01:30.000,21,0.0,0.0,0
2021-02-02 18:01:30.000,13,0.0,0.0,0
2021-02-02 19:01:30.001,9,0.0,0.0,0
2021-02-02 20:01:30.000,5,0.0,0.0,0
2021-02-02 21:01:30.000,3,0.0,0.0,0
2021-02-02 22:46:30.000,4,0.0,0.0,0
2021-02-02 23:01:30.000,5,0.0,0.0,0
2021-02-03 00:01:30.000,6,0.0,0.0,0
2021-02-03 01:01:30.000,4,0.0,0.0,0
2021-02-03 02:01:30.000,4,0.0,0.0,0
2021-02-03 03:31:30.000,7,0.0,0.0,0
2021-02-03 04:01:30.000,6,0.0,0.0,0
2021-02-03 05:46:30.000,5,0.0,0.0,0
2021-02-03 06:46:30.000,16,3.8,0.7,2
2021-02-03 07:01:30.001,26,12.7,2.3,5
2021-02-03 07:31:30.000,46,61.6,7.8,17
2021-02-03 08:01:30.000,26,6.1,0.4,1
2021-02-03 09:31:30.000,20,0.5,0.7,1
2021-02-03 10:31:30.000,22,0.0,0.0,0
2021-02-03 11:31:30.000,35,46.3,6.1,14
2021-02-03 12:01:30.000,28,2.7,0.2,1
2021-02-03 13:31:30.000,22,0.0,0.0,0
2021-02-03 14:31:30.001,25,3.4,0.9,1
2021-02-03 15:46:30.001,35,15.5,2.1,5
2021-02-03 16:01:30.000,34,6.7,1.1,3
2021-02-03 17:01:30.000,21,0.0,0.0,0
2021-02-03 18:01:30.000,13,0.0,0.0,0
2021-02-03 19:01:30.000,10,0.0,0.0,0
2021-02-03 20:01:30.000,9,2.6,0.2,1
2021-02-03 21:01:30.001,4,0.0,0.0,0
2021-02-03 22:46:30.000,5,0.0,0.0,0
2021-02-03 23:46:30.000,8,0.0,0.0,0
2021-02-04 00:16:30.000,12,0.0,0.0,0
2021-02-04 01:46:30.001,10,0.0,0.0,0
2021-02-04 02:01:30.000,10,0.0,0.0,0
2021-02-04 03:01:30.000,8,0.0,0.0,0
2021-02-04 04:01:30.001,5,0.0,0.0,0
2021-02-04 05:46:30.000,5,0.0,0.0,0
2021-02-04 06:46:30.001,16,4.2,2.0,2
2021-02-04 07:31:30.000,40,38.1,6.1,12
2021-02-04 08:01:30.000,28,2.0,0.3,1
2021-02-04 09:31:30.000,20,0.0,0.0,0
2021-02-04 10:31:30.000,23,5.2,0.6,2
2021-02-04 11:31:30.000,23,3.8,0.9,2
2021-02-04 12:01:30.000,22,2.3,0.3,1
2021-02-04 13:46:30.000,23,3.0,0.6,1
2021-02-04 14:46:30.000,38,45.3,5.3,11
2021-02-04 15:46:30.000,48,93.3,10.4,18
2021-02-04 16:01:30.000,44,77.1,7.2,12
2021-02-04 17:01:30.001,23,0.0,0.0,0
2021-02-04 18:01:30.000,12,0.0,0.0,0
2021-02-04 19:46:30.000,9,0.0,0.0,0
2021-02-04 20:01:30.000,7,0.0,0.0,0
2021-02-04 21:01:30.000,3,0.0,0.0,0
2021-02-04 22:46:30.001,2,0.0,0.0,0
2021-02-04 23:01:30.000,2,0.0,0.0,0
2021-02-05 00:01:30.001,3,0.0,0.0,0
2021-02-05 01:01:30.000,4,0.0,0.0,0
2021-02-05 02:31:30.001,4,0.0,0.0,0
2021-02-05 03:31:30.000,6,0.0,0.0,0
2021-02-05 04:01:30.000,4,0.0,0.0,0
2021-02-05 05:31:30.000,2,0.0,0.0,0
2021-02-05 05:46:30.000,4,0.0,0.0,0
2021-02-05 06:46:30.000,15,3.8,1.3,2
2021-02-05 07:31:30.001,38,27.8,3.7,7
2021-02-05 08:01:30.000,24,10.3,1.7,3
2021-02-05 09:46:30.000,20,0.0,0.0,0
2021-02-05 10:01:30.000,20,0.0,0.0,0
2021-02-05 11:01:30.001,21,0.0,0.0,0
2021-02-05 12:31:30.000,21,5.8,1.0,2
2021-02-05 13:46:30.000,25,7.5,0.7,1
2021-02-05 14:46:30.000,34,29.2,4.3,9
2021-02-05 15:31:30.000,47,79.9,10.0,19
2021-02-05 16:01:30.001,42,43.3,6.0,12
2021-02-05 17:01:30.000,26,9.2,1.2,4
2021-02-05 18:01:30.000,18,0.0,0.0,0
2021-02-05 19:01:30.000,10,0.0,0.0,0
2021-02-05 20:01:30.000,7,0.0,0.0,0
2021-02-05 21:01:30.000,3,0.0,0.0,0
2021-02-05 22:31:30.000,3,0.0,0.0,0
2021-02-05 23:01:30.000,2,0.0,0.0,0
2021-02-06 00:46:30.001,2,0.0,0.0,0
2021-02-06 01:31:30.000,4,0.0,0.0,0
2021-02-06 02:31:30.000,6,0.5,1.4,1
2021-02-06 03:01:30.000,5,0.0,0.0,0
2021-02-06 04:01:30.000,5,0.0,0.0,0
2021-02-06 05:01:30.000,1,0.0,0.0,0
2021-02-06 06:31:30.000,3,0.0,0.0,0
2021-02-06 07:46:30.000,4,0.0,0.0,0
2021-02-06 08:46:30.000,9,0.0,0.0,0
2021-02-06 09:46:30.000,16,0.0,0.0,0
2021-02-06 10:46:30.000,20,0.0,0.0,0
2021-02-06 11:01:30.000,23,0.0,0.0,0
2021-02-06 12:46:30.000,19,0.0,0.0,0
2021-02-06 13:31:30.000,27,5.4,0.8,2
2021-02-06 14:46:30.000,26,0.0,0.0,0
2021-02-06 15:01:30.000,25,0.0,0.0,0
2021-02-06 16:01:30.000,23,0.0,0.0,0
2021-02-06 17:01:30.000,21,0.0,0.0,0
2021-02-06 18:01:30.000,15,0.0,0.0,0
2021-02-06 19:01:30.001,10,0.5,1.0,1
2021-02-06 20:01:30.000,6,0.0,0.0,0
2021-02-06 21:01:30.000,5,0.0,0.0,0
2021-02-06 22:46:30.000,2,0.0,0.0,0
2021-02-06 23:01:30.000,3,0.0,0.0,0
2021-02-07 00:46:30.000,1,0.0,0.0,0
2021-02-07 01:46:30.000,2,0.0,0.0,0
2021-02-07 02:46:30.000,19,3.5,1.5,1
2021-02-07 03:01:30.000,18,6.1,1.5,1
2021-02-07 04:01:30.000,9,0.0,0.0,0
2021-02-07 05:46:30.000,3,0.0,0.0,0
2021-02-07 06:01:30.000,2,0.0,0.0,0
2021-02-07 07:46:30.000,4,3.8,0.5,1
2021-02-07 08:01:30.000,4,0.0,0.0,0
2021-02-07 09:46:30.098,7,0.0,0.0,0
2021-02-07 10:16:30.000,9,0.0,0.0,0
2021-02-07 11:01:30.000,8,0.0,0.0,0
2021-02-07 12:01:30.000,6,0.0,0.0,0
2021-02-07 13:46:30.000,7,0.0,0.0,0
2021-02-07 14:16:30.001,7,0.0,0.0,0
2021-02-07 15:16:30.001,8,0.0,0.0,0
2021-02-07 16:01:30.365,8,0.0,0.0,0
2021-02-07 17:16:30.000,9,0.0,0.0,0
2021-02-07 18:16:30.000,8,0.0,0.0,0
2021-02-07 19:16:30.001,7,0.0,0.0,0
2021-02-07 20:01:30.000,4,0.0,0.0,0
2021-02-07 21:01:30.000,4,0.0,0.0,0
2021-02-07 22:31:30.000,3,0.0,0.0,0
2021-02-07 23:31:30.000,4,0.0,0.0,0
2021-02-08 00:46:30.000,13,1.3,3.2,1
2021-02-08 01:31:30.000,24,0.5,1.6,1
2021-02-08 02:46:30.000,36,2.6,7.1,3
2021-02-08 03:31:30.000,38,0.0,0.0,0
2021-02-08 04:01:30.001,26,0.0,0.0,0
2021-02-08 05:46:30.000,21,0.0,0.0,0
2021-02-08 06:46:30.001,43,34.7,12.7,7
2021-02-08 07:46:30.000,114,319.9,56.7,54
2021-02-08 08:01:30.000,107,260.7,43.3,38
2021-02-08 09:01:30.000,38,4.1,1.1,2
2021-02-08 10:01:30.001,25,0.0,0.0,0
2021-02-08 11:01:30.000,24,0.0,0.0,0
2021-02-08 12:01:30.000,22,0.0,0.0,0
2021-02-08 13:16:30.001,21,0.0,0.0,0
2021-02-08 14:46:30.001,35,32.8,4.8,11
2021-02-08 15:46:30.001,42,27.9,5.6,7
2021-02-08 16:01:30.000,39,15.9,2.8,5
2021-02-08 17:01:30.000,23,0.0,0.0,0
2021-02-08 18:01:30.000,16,0.0,0.0,0
2021-02-08 19:31:30.000,14,0.0,0.0,0
2021-02-08 20:46:30.000,17,0.0,0.0,0
2021-02-08 21:16:30.000,20,0.0,0.0,0
2021-02-08 22:01:30.000,19,0.0,0.0,0
2021-02-08 23:31:30.000,19,0.0,0.0,0
2021-02-09 00:31:30.000,20,0.0,0.0,0
2021-02-09 01:01:30.000,21,0.0,0.0,0
2021-02-09 02:16:30.000,22,0.0,0.0,0
2021-02-09 03:46:30.001,22,0.8,1.6,1
2021-02-09 04:46:30.000,25,0.7,1.8,1
2021-02-09 05:46:30.000,35,1.4,0.6,1
2021-02-09 06:46:30.000,60,75.3,38.5,16
2021-02-09 07:31:30.000,131,435.5,102.4,62
2021-02-09 08:01:30.000,110,213.7,57.1,34
2021-02-09 09:01:30.000,53,19.3,3.2,5
2021-02-09 10:01:30.000,35,15.9,1.1,2
2021-02-09 11:01:30.000,28,20.5,1.5,3
2021-02-09 12:01:30.001,23,0.0,0.0,0
2021-02-09 13:01:30.000,22,0.0,0.0,0
2021-02-09 14:46:30.000,29,12.2,2.2,3
2021-02-09 15:46:30.000,42,36.0,5.8,11
2021-02-09 16:01:30.000,40,16.4,2.9,7
2021-02-09 17:01:30.000,25,1.7,0.4,1
2021-02-09 18:01:30.000,18,0.0,0.0,0
2021-02-09 19:16:30.000,13,0.0,0.0,0
2021-02-09 20:01:30.001,10,0.0,0.0,0
2021-02-09 21:01:30.001,8,0.0,0.0,0
2021-02-09 22:46:30.001,7,0.0,0.0,0
2021-02-09 23:01:30.000,7,0.0,0.0,0
2021-02-10 00:16:30.000,5,0.0,0.0,0
2021-02-10 01:01:30.001,4,0.0,0.0,0
2021-02-10 02:31:30.000,7,0.0,0.0,0
2021-02-10 03:46:30.000,12,0.6,1.6,1
2021-02-10 04:01:30.000,12,0.0,0.0,0
2021-02-10 05:46:30.000,8,0.0,0.0,0
2021-02-10 06:46:30.000,25,16.8,4.6,4
2021-02-10 07:31:30.000,54,61.8,8.6,10
2021-02-10 08:01:30.000,36,3.5,1.2,1
2021-02-10 09:46:30.000,22,0.0,0.0,0
2021-02-10 10:46:30.000,26,4.8,0.7,2
2021-02-10 11:31:30.000,41,69.1,8.9,16
2021-02-10 12:01:30.000,33,0.0,0.0,0
2021-02-10 13:01:30.000,23,0.0,0.0,0
2021-02-10 14:01:30.000,23,1.9,0.4,1
2021-02-10 15:46:30.000,30,18.4,3.0,6
2021-02-10 16:01:30.001,28,5.2,0.8,2
2021-02-10 17:01:30.001,21,0.0,0.0,0
2021-02-10 18:01:30.000,15,0.0,0.0,0
2021-02-10 19:01:30.000,9,0.0,0.0,0
2021-02-10 20:01:30.000,9,0.7,1.8,1
2021-02-10 21:01:30.000,6,0.0,0.0,0
2021-02-10 22:01:30.000,4,0.0,0.0,0
2021-02-10 23:31:30.000,2,0.0,0.0,0
2021-02-11 00:46:30.001,6,0.0,0.0,0
2021-02-11 01:01:30.001,7,0.0,0.0,0
2021-02-11 02:01:30.000,4,0.0,0.0,0
2021-02-11 03:31:30.001,6,0.7,1.6,1
2021-02-11 04:01:30.000,7,0.0,0.0,0
2021-02-11 05:46:30.000,7,0.0,0.0,0
2021-02-11 06:01:30.000,8,0.0,0.0,0
2021-02-11 06:46:30.000,20,3.0,0.6,1
2021-02-11 07:31:30.001,48,65.0,9.2,18
2021-02-11 08:01:30.000,31,3.6,0.9,2
2021-02-11 09:46:30.001,21,0.0,0.0,0
2021-02-11 10:01:30.000,22,5.4,0.7,2
2021-02-11 11:01:30.000,22,2.7,0.3,1
2021-02-11 12:01:30.000,20,0.0,0.0,0
2021-02-11 13:46:30.000,23,5.2,0.7,2
2021-02-11 14:46:30.000,35,29.4,4.0,6
2021-02-11 15:16:30.000,39,33.9,4.3,8
2021-02-11 16:01:30.000,39,37.8,7.2,13
2021-02-11 17:01:30.000,23,8.5,0.7,3
2021-02-11 18:01:30.000,15,0.0,0.0,0
2021-02-11 19:31:30.001,9,0.0,0.0,0
2021-02-11 20:01:30.000,7,0.0,0.0,0
2021-02-11 21:01:30.000,4,0.0,0.0,0
2021-02-11 22:01:30.000,1,0.0,0.0,0
2021-02-11 23:16:30.001,2,0.0,0.0,0
2021-02-12 00:31:30.000,6,0.0,0.0,0
2021-02-12 01:01:30.000,6,0.0,0.0,0
2021-02-12 02:16:30.001,7,0.0,0.0,0
2021-02-12 03:46:30.000,7,0.7,1.5,1
2021-02-12 04:01:30.000,9,0.5,1.3,1
2021-02-12 05:16:30.001,4,0.0,0.0,0
2021-02-12 05:46:30.001,5,0.0,0.0,0
2021-02-12 06:46:30.000,20,6.8,1.7,2
2021-02-12 07:31:30.000,42,58.9,5.9,14
2021-02-12 08:01:30.000,30,24.3,1.7,5
2021-02-12 09:31:30.000,21,0.0,0.0,0
2021-02-12 10:01:30.000,23,8.2,1.0,3
2021-02-12 11:16:30.000,23,4.3,0.4,1
2021-02-12 12:01:30.000,22,0.0,0.0,0
2021-02-12 13:46:30.000,27,7.6,1.9,3
2021-02-12 14:46:30.000,39,49.3,6.6,12
2021-02-12 15:16:30.000,50,78.0,9.9,17
2021-02-12 16:01:30.000,48,50.9,7.3,12
2021-02-12 17:01:30.000,27,4.8,1.0,1
2021-02-12 18:01:30.000,17,0.0,0.0,0
2021-02-12 19:01:30.000,10,0.0,0.0,0
2021-02-12 20:01:30.000,5,0.0,0.0,0
2021-02-12 21:01:30.000,3,0.0,0.0,0
2021-02-12 22:01:30.000,1,0.0,0.0,0
2021-02-12 23:01:30.000,0,0.0,0.0,0
2021-02-13 00:31:30.001,4,0.0,0.0,0
2021-02-13 01:31:30.000,7,0.4,1.4,1
2021-02-13 02:16:30.001,10,0.0,0.0,0
2021-02-13 03:01:30.000,8,0.0,0.0,0
2021-02-13 04:01:30.001,6,0.0,0.0,0
2021-02-13 05:01:30.000,2,0.0,0.0,0
2021-02-13 06:31:30.000,5,0.0,0.0,0
2021-02-13 07:01:30.001,4,0.0,0.0,0
2021-02-13 07:46:30.000,5,0.0,0.0,0
2021-02-13 08:46:00.001,9,1.6,0.3,1
2021-02-13 09:46:30.000,17,0.0,0.0,0
2021-02-13 10:46:30.001,25,9.1,1.8,4
2021-02-13 11:01:30.000,26,4.4,0.9,2
2021-02-13 12:46:30.000,21,2.9,0.4,1
2021-02-13 13:46:30.000,32,14.5,2.7,6
2021-02-13 14:46:30.000,38,39.2,4.7,7
2021-02-13 15:01:30.000,38,23.2,4.2,7
2021-02-13 16:01:30.000,32,17.0,2.4,5
2021-02-13 17:01:30.000,24,2.3,0.8,1
2021-02-13 18:01:30.000,15,3.6,0.2,1
2021-02-13 19:31:30.000,8,0.0,0.0,0
2021-02-13 20:01:30.000,7,0.0,0.0,0
2021-02-13 21:01:30.000,3,0.0,0.0,0
2021-02-13 22:01:30.000,2,0.0,0.0,0
2021-02-13 23:01:30.000,1,0.0,0.0,0
2021-02-14 00:01:30.000,1,0.0,0.0,0
2021-02-14 01:01:30.000,2,0.0,0.0,0
2021-02-14 02:46:30.001,2,0.0,0.0,0
2021-02-14 03:46:30.001,2,0.0,0.0,0
2021-02-14 04:01:30.000,2,0.0,0.0,0
2021-02-14 05:01:30.001,0,0.0,0.0,0
2021-02-14 06:01:30.001,0,0.0,0.0,0
2021-02-14 06:46:30.000,2,0.0,0.0,0
2021-02-14 07:01:30.000,3,0.0,0.0,0
2021-02-14 08:16:30.001,4,0.0,0.0,0
2021-02-14 09:31:30.001,6,0.0,0.0,0
2021-02-14 10:16:30.000,8,0.0,0.0,0
2021-02-14 11:31:30.000,10,0.0,0.0,0
2021-02-14 12:01:30.000,7,0.0,0.0,0
2021-02-14 13:31:30.000,11,0.0,0.0,0
2021-02-14 14:16:30.000,11,0.0,0.0,0
2021-02-14 15:46:30.000,12,0.0,0.0,0
2021-02-14 16:01:30.000,11,0.0,0.0,0
2021-02-14 17:01:30.000,9,0.0,0.0,0
2021-02-14 18:01:30.000,9,2.2,0.0,1
2021-02-14 19:01:30.000,6,0.0,0.0,0
2021-02-14 20:01:30.000,6,6.4,0.5,2
2021-02-14 21:01:30.001,1,0.0,0.0,0
2021-02-14 22:16:30.000,2,0.0,0.0,0
2021-02-14 23:16:30.000,2,0.0,0.0,0
2021-02-15 00:31:30.000,1,0.0,0.0,0
2021-02-15 01:46:30.000,7,0.0,0.0,0
2021-02-15 02:01:30.000,7,0.0,0.0,0
2021-02-15 03:01:30.000,6,0.0,0.0,0
2021-02-15 04:01:30.000,4,0.0,0.0,0
2021-02-15 05:46:30.000,4,0.0,0.0,0
2021-02-15 06:46:30.000,11,0.0,0.0,0
2021-02-15 07:16:30.000,13,0.0,0.0,0
2021-02-15 08:01:30.000,13,0.0,0.0,0
2021-02-15 09:31:30.000,16,0.0,0.0,0
2021-02-15 10:31:30.001,19,2.5,0.4,1
2021-02-15 11:01:30.000,20,0.0,0.0,0
2021-02-15 12:16:30.000,17,0.0,0.0,0
2021-02-15 13:46:30.000,19,0.0,0.0,0
2021-02-15 14:46:30.000,24,1.9,0.4,1
2021-02-15 15:46:30.000,30,10.4,2.3,4
2021-02-15 16:01:30.000,29,12.3,1.3,4
2021-02-15 17:01:30.001,19,0.0,0.0,0
2021-02-15 18:01:30.000,13,0.0,0.0,0
2021-02-15 19:01:30.000,8,0.0,0.0,0
2021-02-15 20:01:30.000,5,0.0,0.0,0
2021-02-15 21:01:30.001,3,0.0,0.0,0
2021-02-15 22:31:30.000,2,0.0,0.0,0
2021-02-15 23:16:30.000,4,0.0,0.0,0
2021-02-16 00:46:30.000,9,0.0,0.0,0
2021-02-16 01:16:30.001,10,0.0,0.0,0
2021-02-16 02:16:30.000,8,0.0,0.0,0
2021-02-16 03:16:30.000,9,0.0,0.0,0
2021-02-16 04:01:30.000,6,0.5,1.5,1
2021-02-16 05:01:30.000,2,0.0,0.0,0
2021-02-16 05:46:30.000,4,0.0,0.0,0
2021-02-16 06:46:30.001,11,0.0,0.0,0
2021-02-16 07:46:30.000,15,0.0,0.0,0
2021-02-16 08:46:30.000,17,1.9,0.2,1
2021-02-16 09:16:30.000,20,2.9,0.3,1
2021-02-16 10:46:30.000,21,0.0,0.0,0
2021-02-16 11:16:30.001,22,0.0,0.0,0
2021-02-16 12:01:30.000,21,0.0,0.0,0
2021-02-16 13:31:30.000,26,7.7,0.9,1
2021-02-16 14:31:30.000,32,18.9,2.3,3
2021-02-16 15:31:30.000,36,29.6,4.9,7
2021-02-16 16:01:30.001,32,10.8,1.8,3
2021-02-16 17:01:30.000,22,0.0,0.0,0
2021-02-16 18:01:30.001,15,0.0,0.0,0
2021-02-16 19:31:30.001,11,2.5,0.3,1
2021-02-16 20:01:30.000,11,0.0,0.0,0
2021-02-16 21:01:30.000,5,0.0,0.0,0
2021-02-16 22:01:30.001,2,0.0,0.0,0
2021-02-16 23:16:30.001,3,0.0,0.0,0
2021-02-17 00:31:30.000,4,0.0,0.0,0
2021-02-17 01:31:30.000,6,0.6,1.5,1
2021-02-17 02:01:30.000,5,0.0,0.0,0
2021-02-17 03:46:30.000,7,0.9,2.0,1
2021-02-17 04:01:30.000,7,0.0,0.0,0
2021-02-17 05:01:30.000,3,0.0,0.0,0
2021-02-17 05:46:30.000,5,0.0,0.0,0
2021-02-17 06:46:30.000,11,0.0,0.0,0
2021-02-17 07:16:30.000,14,12.4,1.7,2
2021-02-17 08:46:30.000,20,26.6,1.8,3
2021-02-17 09:46:30.000,24,17.3,1.3,2
2021-02-17 10:16:30.001,25,29.0,2.0,3
2021-02-17 11:01:30.001,24,22.4,1.4,3
2021-02-17 12:46:30.000,20,5.5,0.5,2
2021-02-17 13:46:30.001,27,11.3,1.6,2
2021-02-17 14:31:30.000,28,10.0,1.8,2
2021-02-17 15:46:30.000,31,18.9,3.0,6
2021-02-17 16:01:30.000,29,9.1,1.3,2
2021-02-17 17:01:30.001,24,10.0,1.4,3
2021-02-17 18:01:30.000,15,0.0,0.0,0
2021-02-17 19:01:30.000,9,0.0,0.0,0
2021-02-17 20:01:30.001,5,0.0,0.0,0
2021-02-17 21:01:30.001,3,0.0,0.0,0
2021-02-17 22:31:30.001,1,0.0,0.0,0
2021-02-17 23:46:30.001,2,0.0,0.0,0
2021-02-18 00:31:30.001,4,0.0,0.0,0
2021-02-18 01:46:30.000,5,0.0,0.0,0
2021-02-18 02:01:30.000,7,0.0,0.0,0
2021-02-18 03:46:30.000,6,0.0,0.0,0
2021-02-18 04:01:30.001,6,0.0,0.0,0
2021-02-18 05:01:30.000,1,0.0,0.0,0
2021-02-18 05:46:30.001,5,0.0,0.0,0
2021-02-18 06:46:30.001,11,0.0,0.0,0
2021-02-18 07:31:30.000,14,0.0,0.0,0
2021-02-18 08:01:30.248,15,0.0,0.0,0
2021-02-18 09:46:30.000,20,0.0,0.0,0
2021-02-18 10:46:30.001,22,0.0,0.0,0
2021-02-18 11:01:30.000,21,2.4,0.4,1
2021-02-18 12:46:30.001,22,3.0,0.4,1
2021-02-18 13:16:30.000,25,4.6,0.9,2
2021-02-18 14:01:30.001,23,0.9,0.2,1
2021-02-18 15:31:30.000,29,7.7,1.0,3
2021-02-18 16:01:30.000,25,2.2,0.4,1
2021-02-18 17:01:30.000,18,0.0,0.0,0
2021-02-18 18:01:30.000,15,6.5,0.8,2
2021-02-18 19:01:30.001,10,0.0,0.0,0
2021-02-18 20:01:30.000,8,0.0,0.0,0
2021-02-18 21:01:30.000,3,0.0,0.0,0
2021-02-18 22:31:30.000,4,0.0,0.0,0
2021-02-18 23:01:30.000,3,0.0,0.0,0
2021-02-19 00:46:30.001,3,0.0,0.0,0
2021-02-19 01:16:30.000,7,0.0,0.0,0
2021-02-19 02:46:30.000,5,0.5,1.2,1
2021-02-19 03:31:30.000,10,0.0,0.0,0
2021-02-19 04:01:30.000,6,0.0,0.0,0
2021-02-19 05:31:30.000,3,0.0,0.0,0
2021-02-19 05:46:30.000,4,0.0,0.0,0
2021-02-19 06:46:30.000,10,0.0,0.0,0
2021-02-19 07:31:30.000,13,0.0,0.0,0
2021-02-19 08:01:30.000,17,3.6,0.3,1
2021-02-19 09:31:30.000,20,2.5,0.2,1
2021-02-19 10:31:30.000,22,2.4,0.2,1
2021-02-19 11:01:30.000,23,0.0,0.0,0
2021-02-19 12:46:30.000,20,0.0,0.0,0
2021-02-19 13:01:30.001,21,0.0,0.0,0
2021-02-19 13:46:30.000,24,6.9,1.2,2
2021-02-19 14:46:30.000,29,18.7,2.5,4
2021-02-19 15:46:30.000,36,65.5,7.5,15
2021-02-19 16:01:30.000,35,50.2,5.1,8
2021-02-19 17:01:30.000,28,15.3,2.3,4
2021-02-19 18:01:30.000,18,0.0,0.0,0
2021-02-19 19:01:30.001,10,0.0,0.0,0
2021-02-19 20:01:30.000,6,2.5,0.2,1
2021-02-19 21:01:30.000,5,0.0,0.0,0
2021-02-19 22:31:30.000,3,0.0,0.0,0
2021-02-19 23:01:30.000,3,0.0,0.0,0
2021-02-20 00:16:30.000,2,0.6,1.7,1
2021-02-20 01:01:30.000,2,0.0,0.0,0
2021-02-20 02:16:30.000,2,0.0,0.0,0
2021-02-20 03:16:30.000,3,0.0,0.0,0
2021-02-20 04:01:30.000,3,0.0,0.0,0
2021-02-20 05:01:30.001,1,0.0,0.0,0
2021-02-20 06:16:30.000,3,0.0,0.0,0
2021-02-20 07:46:30.000,5,0.0,0.0,0
2021-02-20 08:46:30.000,10,0.0,0.0,0
2021-02-20 09:46:30.000,16,0.0,0.0,0
2021-02-20 10:46:30.000,23,4.7,0.8,1
2021-02-20 11:01:30.000,23,1.9,0.2,1
2021-02-20 12:46:30.000,22,10.8,1.2,3
2021-02-20 13:46:30.001,35,26.3,2.6,5
2021-02-20 14:01:30.001,39,28.2,3.0,6
2021-02-20 15:01:30.000,36,26.9,2.6,6
2021-02-20 16:01:30.000,33,15.0,2.4,4
2021-02-20 17:01:30.000,26,4.3,1.7,1
2021-02-20 18:01:30.001,17,0.0,0.0,0
2021-02-20 19:01:30.000,9,0.0,0.0,0
2021-02-20 20:01:30.000,6,0.0,0.0,0
2021-02-20 21:01:30.001,4,0.0,0.0,0
2021-02-20 22:01:30.000,1,0.0,0.0,0
2021-02-20 23:01:30.000,1,0.0,0.0,0
2021-02-21 00:01:30.001,0,0.0,0.0,0
2021-02-21 01:01:30.000,0,0.0,0.0,0
2021-02-21 02:01:30.000,0,0.0,0.0,0
2021-02-21 03:01:30.000,0,0.0,0.0,0
2021-02-21 04:01:30.000,0,0.0,0.0,0
2021-02-21 05:01:30.001,0,0.0,0.0,0
2021-02-21 06:01:30.000,1,0.0,0.0,0
2021-02-21 07:46:30.001,2,0.0,0.0,0
2021-02-21 08:16:30.000,3,0.0,0.0,0
2021-02-21 09:46:30.001,8,0.0,0.0,0
2021-02-21 10:46:30.000,10,0.0,0.0,0
2021-02-21 11:01:30.000,11,0.0,0.0,0
2021-02-21 12:01:30.001,9,0.0,0.0,0
2021-02-21 13:46:30.000,18,6.4,0.7,2
2021-02-21 14:46:30.000,24,16.9,2.2,5
2021-02-21 15:01:30.000,26,12.5,1.7,3
2021-02-21 16:46:30.000,24,15.3,2.0,1
2021-02-21 17:01:30.000,23,11.1,2.8,1
2021-02-21 18:01:30.000,14,2.2,0.2,1
2021-02-21 19:01:30.000,9,0.0,0.0,0
2021-02-21 20:01:30.000,7,0.0,0.0,0
2021-02-21 21:01:30.001,2,0.0,0.0,0
2021-02-21 22:01:30.001,0,0.0,0.0,0
2021-02-21 23:01:30.000,0,0.0,0.0,0
2021-02-22 00:01:30.000,4,0.0,0.0,0
2021-02-22 01:01:30.001,5,1.0,2.3,1
2021-02-22 02:01:30.000,3,0.0,0.0,0
2021-02-22 03:46:30.000,7,0.0,0.0,0
2021-02-22 04:01:30.000,4,0.0,0.0,0
2021-02-22 05:46:30.000,4,0.0,0.0,0
2021-02-22 06:46:30.000,17,4.9,1.3,2
2021-02-22 07:31:30.000,49,68.7,8.6,18
2021-02-22 08:01:30.000,30,8.3,0.6,2
2021-02-22 09:46:30.000,17,0.0,0.0,0
2021-02-22 10:46:30.000,19,0.0,0.0,0
2021-02-22 11:16:30.000,20,1.8,0.1,1
2021-02-22 12:01:30.000,19,0.0,0.0,0
2021-02-22 13:46:30.001,22,4.4,0.4,2
2021-02-22 14:46:30.000,29,12.8,2.1,4
2021-02-22 15:46:30.000,42,75.9,8.9,16
2021-02-22 16:01:30.000,44,81.5,8.9,19
2021-02-22 17:01:30.001,26,0.0,0.0,0
2021-02-22 18:01:30.000,14,0.0,0.0,0
2021-02-22 19:16:30.000,8,0.0,0.0,0
2021-02-22 20:01:30.001,7,0.0,0.0,0
2021-02-22 21:01:30.000,4,0.0,0.0,0
2021-02-22 22:31:30.000,3,0.0,0.0,0
2021-02-22 23:31:30.000,6,0.0,0.0,0
2021-02-23 00:01:30.001,5,0.0,0.0,0
2021-02-23 01:16:30.000,4,0.0,0.0,0
2021-02-23 02:31:30.000,6,0.0,0.0,0
2021-02-23 03:01:30.001,6,0.6,1.3,1
2021-02-23 04:01:30.000,5,0.0,0.0,0
2021-02-23 05:31:30.001,4,0.0,0.0,0
2021-02-23 05:46:30.001,5,0.0,0.0,0
2021-02-23 06:46:30.000,16,2.5,0.6,1
2021-02-23 07:31:30.000,44,51.8,9.1,17
2021-02-23 08:01:30.000,26,11.3,1.1,3
2021-02-23 09:31:30.000,20,0.0,0.0,0
2021-02-23 10:16:30.000,21,0.0,0.0,0
2021-02-23 11:31:30.000,20,0.0,0.0,0
2021-02-23 12:46:30.000,20,0.0,0.0,0
2021-02-23 13:46:30.000,24,0.0,0.0,0
2021-02-23 14:46:30.001,33,38.2,5.2,9
2021-02-23 15:46:30.001,52,127.3,15.1,27
2021-02-23 16:01:30.001,53,67.9,8.7,15
2021-02-23 17:01:30.001,24,2.5,0.5,1
2021-02-23 18:01:30.000,14,0.0,0.0,0
2021-02-23 19:01:30.000,9,0.0,0.0,0
2021-02-23 20:01:30.000,6,0.0,0.0,0
2021-02-23 21:01:30.000,2,0.0,0.0,0
2021-02-23 22:46:30.001,6,0.0,0.0,0
2021-02-23 23:46:30.001,9,0.0,0.0,0
2021-02-24 00:01:30.001,8,0.0,0.0,0
2021-02-24 01:31:30.000,11,0.0,0.0,0
2021-02-24 02:01:30.000,8,0.0,0.0,0
2021-02-24 03:31:30.000,10,0.6,1.5,1
2021-02-24 04:01:30.001,7,0.0,0.0,0
2021-02-24 05:46:30.001,5,0.0,0.0,0
2021-02-24 06:46:30.001,16,3.4,1.1,2
2021-02-24 07:31:30.001,35,22.8,3.4,6
2021-02-24 08:01:30.000,23,0.0,0.0,0
2021-02-24 09:46:30.001,24,6.9,0.5,2
2021-02-24 10:46:30.000,26,0.0,0.0,0
2021-02-24 11:31:30.001,39,39.8,4.7,10
2021-02-24 12:01:30.000,34,14.5,1.9,3
2021-02-24 13:46:30.000,32,16.7,3.0,5
2021-02-24 14:01:30.000,32,19.2,2.6,4
2021-02-24 15:46:30.000,40,51.9,6.7,12
2021-02-24 16:01:30.000,43,54.1,8.2,15
2021-02-24 17:01:30.000,30,19.4,2.3,4
2021-02-24 18:01:30.001,18,0.0,0.0,0
2021-02-24 19:01:30.000,10,0.0,0.0,0
2021-02-24 20:01:30.000,6,0.0,0.0,0
2021-02-24 21:01:30.000,4,0.0,0.0,0
2021-02-24 22:31:30.000,1,0.0,0.0,0
2021-02-24 23:46:30.000,1,0.0,0.0,0
2021-02-25 00:46:30.000,4,0.0,0.0,0
2021-02-25 01:01:30.000,3,0.0,0.0,0
2021-02-25 02:16:30.000,3,0.0,0.0,0
2021-02-25 03:46:30.001,6,0.0,0.0,0
2021-02-25 04:01:30.000,6,0.0,0.0,0
2021-02-25 05:46:30.001,5,0.0,0.0,0
2021-02-25 06:46:30.000,17,12.9,2.2,4
2021-02-25 07:31:30.000,43,78.3,9.9,17
2021-02-25 08:46:30.000,37,30.3,4.1,8
2021-02-25 09:01:30.000,41,48.5,5.3,9
2021-02-25 10:46:30.001,43,66.6,4.9,13
2021-02-25 11:46:30.001,45,35.8,2.8,8
2021-02-25 12:01:30.001,40,28.2,3.0,8
2021-02-25 13:31:30.001,39,34.5,3.8,8
2021-02-25 14:46:30.000,35,25.3,3.9,7
2021-02-25 15:46:30.001,43,67.3,9.8,18
2021-02-25 16:01:30.000,40,33.7,3.2,7
2021-02-25 17:01:30.000,26,5.0,0.6,2
2021-02-25 18:01:30.000,16,3.8,0.1,1
2021-02-25 19:16:30.000,11,0.0,0.0,0
2021-02-25 20:16:30.000,7,0.0,0.0,0
2021-02-25 21:01:30.002,3,0.0,0.0,0
2021-02-25 22:01:30.000,1,0.0,0.0,0
2021-02-25 23:31:30.001,1,0.0,0.0,0
2021-02-26 00:46:30.000,4,0.0,0.0,0
2021-02-26 01:46:30.000,6,0.0,0.0,0
2021-02-26 02:16:30.000,7,0.0,0.0,0
2021-02-26 03:31:30.001,8,0.0,0.0,0
2021-02-26 04:16:30.001,7,0.0,0.0,0
2021-02-26 05:16:30.000,4,0.0,0.0,0
2021-02-26 05:46:30.000,6,0.0,0.0,0
2021-02-26 06:46:30.292,16,0.0,0.0,0
2021-02-26 07:31:30.001,42,57.9,10.3,15
2021-02-26 08:01:30.000,29,4.8,1.5,3
2021-02-26 09:01:30.000,22,0.0,0.0,0
2021-02-26 09:46:30.000,25,10.0,1.9,2
2021-02-26 10:16:30.000,26,5.6,0.4,2
2021-02-26 11:01:30.000,23,10.7,0.9,3
2021-02-26 12:46:30.000,23,5.1,0.8,2
2021-02-26 13:46:30.000,29,2.7,0.4,1
2021-02-26 14:46:30.000,38,44.1,5.6,11
2021-02-26 15:46:00.000,52,73.3,11.8,20
2021-02-26 16:01:30.000,51,48.4,7.4,14
2021-02-26 17:01:30.000,31,17.6,2.3,4
2021-02-26 18:01:30.001,22,0.0,0.0,0
2021-02-26 19:01:00.000,12,0.0,0.0,0
2021-02-26 20:01:30.000,7,0.0,0.0,0
2021-02-26 21:01:30.000,5,0.0,0.0,0
2021-02-26 22:31:30.000,1,0.0,0.0,0
2021-02-26 23:16:30.001,1,0.0,0.0,0
2021-02-27 00:01:30.001,1,0.0,0.0,0
2021-02-27 01:01:30.000,1,0.0,0.0,0
2021-02-27 02:01:30.001,0,0.0,0.0,0
2021-02-27 03:16:30.000,3,0.0,0.0,0
2021-02-27 04:16:30.000,4,0.0,0.0,0
2021-02-27 05:01:30.000,2,0.0,0.0,0
2021-02-27 05:16:30.000,3,0.0,0.0,0
2021-02-27 06:16:30.000,4,0.0,0.0,0
2021-02-27 07:46:30.000,6,0.0,0.0,0
2021-02-27 08:46:30.000,11,0.0,0.0,0
2021-02-27 09:46:30.001,19,0.0,0.0,0
2021-02-27 10:31:30.000,25,5.8,1.0,3
2021-02-27 11:01:30.001,24,8.2,1.4,3
2021-02-27 12:46:30.000,19,0.0,0.0,0
2021-02-27 13:46:30.000,26,7.6,1.0,3
2021-02-27 14:01:30.000,30,17.6,3.3,5
2021-02-27 15:01:30.000,30,14.5,2.7,6
2021-02-27 16:01:30.001,25,14.7,2.0,4
2021-02-27 17:01:30.000,22,5.5,0.4,1
2021-02-27 18:01:30.000,15,3.6,0.1,1
2021-02-27 19:01:30.001,9,0.0,0.0,0
2021-02-27 20:46:30.000,7,0.0,0.0,0
2021-02-27 21:01:30.001,6,0.0,0.0,0
2021-02-27 22:01:30.000,1,0.0,0.0,0
2021-02-27 23:46:30.000,1,0.0,0.0,0
2021-02-28 00:01:30.000,0,0.0,0.0,0
2021-02-28 01:46:30.000,2,0.0,0.0,0
2021-02-28 02:01:30.000,2,0.0,0.0,0
2021-02-28 03:46:30.001,2,0.0,0.0,0
2021-02-28 04:31:30.001,3,0.0,0.0,0
2021-02-28 05:31:30.000,2,0.0,0.0,0
2021-02-28 06:01:30.001,1,0.0,0.0,0
2021-02-28 07:01:30.000,2,0.0,0.0,0
2021-02-28 08:46:30.000,4,0.0,0.0,0
2021-02-28 09:46:30.000,8,0.0,0.0,0
2021-02-28 10:01:30.001,9,0.0,0.0,0
2021-02-28 11:16:30.000,11,0.0,0.0,0
2021-02-28 12:01:30.001,10,0.0,0.0,0
2021-02-28 13:46:30.000,14,0.0,0.0,0
2021-02-28 14:31:30.001,16,0.0,0.0,0
2021-02-28 15:31:30.000,18,3.0,0.5,1
2021-02-28 16:01:30.000,18,0.0,0.0,0
2021-02-28 17:01:30.000,14,0.0,0.0,0
2021-02-28 18:01:30.000,10,0.0,0.0,0
2021-02-28 19:01:30.000,7,0.0,0.0,0
2021-02-28 20:01:30.000,6,0.0,0.0,0
2021-02-28 21:01:30.000,3,0.0,0.0,0
2021-02-28 22:01:30.000,0,0.0,0.0,0
2021-02-28 23:16:30.000,3,0.0,0.0,0
2021-03-01 00:46:30.001,4,0.0,0.0,0
2021-03-01 01:01:30.000,7,0.0,0.0,0
2021-03-01 02:01:30.001,6,0.0,0.0,0
2021-03-01 03:01:30.000,3,0.0,0.0,0
2021-03-01 04:01:30.000,5,0.0,0.0,0
2021-03-01 05:46:30.001,4,0.0,0.0,0
2021-03-01 06:31:30.000,9,0.0,0.0,0
2021-03-01 06:46:30.000,16,7.0,2.5,3
2021-03-01 07:31:30.001,43,56.1,7.7,14
2021-03-01 08:01:30.000,30,7.6,0.7,3
2021-03-01 09:46:30.000,21,1.5,0.0,1
2021-03-01 10:01:30.000,20,1.4,0.0,1
2021-03-01 11:01:30.000,20,0.0,0.0,0
2021-03-01 12:01:30.000,20,1.1,0.1,1
2021-03-01 13:46:30.000,22,2.4,0.8,1
2021-03-01 14:46:30.000,34,24.9,3.3,7
2021-03-01 15:31:30.000,39,50.3,7.6,12
2021-03-01 15:46:30.000,43,59.8,8.1,15
2021-03-01 16:01:30.000,42,38.2,6.4,12
2021-03-01 17:01:30.000,23,0.0,0.0,0
2021-03-01 18:01:30.000,14,0.0,0.0,0
2021-03-01 19:01:30.000,9,0.0,0.0,0
2021-03-01 20:16:30.000,9,0.0,0.0,0
2021-03-01 21:01:30.000,4,0.0,0.0,0
2021-03-01 22:16:30.000,2,0.0,0.0,0
2021-03-01 23:46:30.000,2,0.0,0.0,0
2021-03-02 00:46:30.001,3,0.0,0.0,0
2021-03-02 01:46:30.001,11,0.0,0.0,0
2021-03-02 02:01:30.000,9,0.0,0.0,0
2021-03-02 03:31:30.000,7,0.0,0.0,0
2021-03-02 04:01:30.000,5,0.0,0.0,0
2021-03-02 05:46:30.001,5,0.0,0.0,0
2021-03-02 06:46:30.000,18,6.6,1.7,2
2021-03-02 07:31:30.000,50,74.8,12.4,21
2021-03-02 08:01:30.000,34,11.6,1.9,4
2021-03-02 09:01:30.000,21,0.0,0.0,0
2021-03-02 10:31:30.000,24,2.4,0.3,1
2021-03-02 11:01:30.000,22,0.0,0.0,0
2021-03-02 12:16:30.001,23,0.0,0.0,0
2021-03-02 13:31:30.000,25,3.0,0.4,1
2021-03-02 14:46:30.000,37,51.5,7.3,12
2021-03-02 15:46:30.000,50,92.4,10.2,21
2021-03-02 16:01:30.001,52,65.6,8.0,19
2021-03-02 17:01:30.000,27,5.1,0.8,1
2021-03-02 18:01:30.000,17,0.0,0.0,0
2021-03-02 19:01:30.000,9,0.0,0.0,0
2021-03-02 20:01:30.000,7,1.1,0.2,1
2021-03-02 21:01:30.001,6,0.0,0.0,0
2021-03-02 22:01:30.000,1,0.0,0.0,0
2021-03-02 23:01:30.000,0,0.0,0.0,0
2021-03-03 00:46:30.001,4,0.0,0.0,0
2021-03-03 01:16:30.001,6,0.0,0.0,0
2021-03-03 02:01:30.001,6,0.0,0.0,0
2021-03-03 03:46:30.000,4,0.0,0.0,0
2021-03-03 04:01:30.000,5,0.0,0.0,0
2021-03-03 05:46:30.000,4,0.0,0.0,0
2021-03-03 06:46:30.000,14,1.2,0.6,1
2021-03-03 07:31:30.000,39,32.0,5.0,9
2021-03-03 08:01:30.000,26,0.0,0.0,0
2021-03-03 09:46:30.000,22,0.0,0.0,0
2021-03-03 10:31:30.001,25,0.0,0.0,0
2021-03-03 11:46:30.000,45,69.4,9.7,17
2021-03-03 12:01:30.000,46,60.1,8.4,15
2021-03-03 13:46:30.001,42,38.0,5.0,9
2021-03-03 14:01:30.000,42,24.6,3.5,6
2021-03-03 15:46:30.000,39,61.3,7.7,13
2021-03-03 16:01:30.000,40,22.6,2.9,6
2021-03-03 17:01:30.000,27,2.2,0.3,1
2021-03-03 18:01:30.052,16,0.0,0.0,0
2021-03-03 19:01:30.000,10,0.0,0.0,0
2021-03-03 20:01:30.000,9,0.0,0.0,0
2021-03-03 21:01:30.001,7,0.0,0.0,0
2021-03-03 22:16:30.000,2,0.0,0.0,0
2021-03-03 23:01:30.001,0,0.0,0.0,0
2021-03-04 00:46:30.001,2,0.0,0.0,0
2021-03-04 01:01:30.000,3,0.0,0.0,0
2021-03-04 02:01:30.000,2,0.0,0.0,0
2021-03-04 03:46:30.000,8,0.6,1.5,1
2021-03-04 04:16:30.000,11,0.7,1.6,1
2021-03-04 05:46:30.000,5,0.0,0.0,0
2021-03-04 06:46:30.000,19,5.5,1.8,2
2021-03-04 07:31:30.001,50,58.0,8.5,19
2021-03-04 08:01:30.000,34,25.8,4.5,7
2021-03-04 09:16:30.000,35,9.0,1.9,3
2021-03-04 10:16:30.001,36,17.2,2.5,6
2021-03-04 11:01:30.001,34,5.9,0.7,2
2021-03-04 12:01:30.000,23,6.3,0.6,2
2021-03-04 13:46:30.000,25,6.2,0.9,2
2021-03-04 14:46:30.001,37,44.6,9.4,14
2021-03-04 15:16:30.000,44,50.6,7.0,12
2021-03-04 16:01:30.000,42,28.0,4.3,7
2021-03-04 17:01:30.001,26,0.0,0.0,0
2021-03-04 18:01:30.001,14,0.0,0.0,0
2021-03-04 19:01:30.000,10,0.0,0.0,0
2021-03-04 20:31:30.001,7,0.0,0.0,0
2021-03-04 21:01:30.000,6,0.0,0.0,0
2021-03-04 22:01:30.000,2,0.0,0.0,0
2021-03-04 23:01:30.000,0,0.0,0.0,0
2021-03-05 00:46:30.000,4,0.0,0.0,0
2021-03-05 01:16:30.000,5,0.0,0.0,0
2021-03-05 02:31:30.000,7,0.0,0.0,0
2021-03-05 03:31:30.000,10,0.0,0.0,0
2021-03-05 04:01:30.000,5,0.0,0.0,0
2021-03-05 05:01:30.000,3,0.0,0.0,0
2021-03-05 05:46:30.001,4,0.0,0.0,0
2021-03-05 06:46:30.000,14,1.5,0.6,1
2021-03-05 07:31:30.000,40,21.6,3.3,7
2021-03-05 08:01:30.000,27,0.9,0.0,1
2021-03-05 09:01:30.000,23,3.3,0.6,2
2021-03-05 10:16:30.000,25,5.4,0.7,2
2021-03-05 11:01:30.000,23,4.9,0.7,2
2021-03-05 11:31:30.001,27,3.5,1.0,1
2021-03-05 12:01:30.000,24,1.9,0.4,1
2021-03-05 13:46:30.000,27,3.4,0.4,2
2021-03-05 14:46:30.000,37,30.2,4.7,8
2021-03-05 15:31:30.001,47,76.8,7.6,17
2021-03-05 16:01:30.000,47,53.5,5.8,12
2021-03-05 17:01:30.000,30,23.4,2.4,5
2021-03-05 18:01:30.001,21,0.0,0.0,0
2021-03-05 19:01:30.000,12,2.4,0.1,1
2021-03-05 20:31:30.001,8,3.1,0.1,1
2021-03-05 21:01:30.000,7,0.0,0.0,0
2021-03-05 22:01:30.001,3,0.0,0.0,0
2021-03-05 23:01:30.000,0,0.0,0.0,0
2021-03-06 00:01:30.000,1,0.0,0.0,0
2021-03-06 01:16:30.000,1,0.0,0.0,0
2021-03-06 02:01:30.000,2,0.0,0.0,0
2021-03-06 03:46:30.000,3,0.0,0.0,0
2021-03-06 04:01:30.000,4,0.0,0.0,0
2021-03-06 05:31:30.000,2,0.0,0.0,0
2021-03-06 06:01:30.000,3,0.0,0.0,0
2021-03-06 07:46:30.001,12,9.0,2.1,1
2021-03-06 08:31:30.000,41,14.3,2.1,1
2021-03-06 09:01:30.000,31,0.0,0.0,0
2021-03-06 10:16:30.001,24,3.2,0.1,1
2021-03-06 11:01:30.000,25,5.3,0.8,1
2021-03-06 12:46:30.000,24,8.0,0.9,2
2021-03-06 13:46:30.000,30,13.9,2.5,4
2021-03-06 14:01:30.001,29,7.0,1.2,2
2021-03-06 15:31:30.000,31,12.7,2.0,3
2021-03-06 16:01:30.001,26,5.3,0.8,1
2021-03-06 17:01:30.000,23,4.9,0.5,2
2021-03-06 18:01:30.000,16,0.0,0.0,0
2021-03-06 19:01:30.000,10,0.0,0.0,0
2021-03-06 20:46:30.001,9,0.0,0.0,0
2021-03-06 21:01:30.000,7,0.0,0.0,0
2021-03-06 22:01:30.000,2,0.0,0.0,0
2021-03-06 23:01:30.000,0,0.0,0.0,0
2021-03-07 00:01:30.000,0,0.0,0.0,0
2021-03-07 01:01:30.000,0,0.0,0.0,0
2021-03-07 02:01:30.000,0,0.0,0.0,0
2021-03-07 03:01:30.001,0,0.0,0.0,0
2021-03-07 04:01:30.001,0,0.0,0.0,0
2021-03-07 05:01:30.001,0,0.0,0.0,0
2021-03-07 06:31:30.000,2,0.0,0.0,0
2021-03-07 07:01:30.001,2,0.0,0.0,0
2021-03-07 08:46:30.001,4,0.0,0.0,0
2021-03-07 09:46:30.000,7,0.0,0.0,0
2021-03-07 10:46:30.000,9,0.0,0.0,0
2021-03-07 11:01:30.000,9,0.0,0.0,0
2021-03-07 12:01:30.001,9,0.0,0.0,0
2021-03-07 13:31:30.000,10,0.0,0.0,0
2021-03-07 14:31:30.000,12,0.0,0.0,0
2021-03-07 15:01:30.000,12,3.0,0.2,1
2021-03-07 16:16:30.000,13,0.0,0.0,0
2021-03-07 17:01:30.000,11,0.0,0.0,0
2021-03-07 18:31:30.000,9,7.0,0.2,1
2021-03-07 19:01:30.001,8,0.0,0.0,0
2021-03-07 20:01:30.000,7,2.2,0.1,1
2021-03-07 21:01:30.000,4,0.0,0.0,0
2021-03-07 22:01:30.000,0,0.0,0.0,0
2021-03-07 23:01:30.000,0,0.0,0.0,0
2021-03-08 00:31:30.000,1,0.0,0.0,0
2021-03-08 01:31:30.000,4,0.0,0.0,0
2021-03-08 02:01:30.000,5,0.0,0.0,0
2021-03-08 03:46:30.000,8,0.0,0.0,0
2021-03-08 04:01:30.000,6,0.0,0.0,0
2021-03-08 05:46:30.001,5,0.0,0.0,0
2021-03-08 06:46:30.000,17,5.4,1.5,2
2021-03-08 07:31:30.000,56,55.6,8.6,19
2021-03-08 08:01:30.001,43,7.3,2.5,4
2021-03-08 09:01:30.000,21,0.0,0.0,0
2021-03-08 10:16:30.000,22,0.0,0.0,0
2021-03-08 11:01:30.000,21,0.0,0.0,0
2021-03-08 12:46:30.000,20,4.8,0.6,2
2021-03-08 13:16:30.000,23,0.0,0.0,0
2021-03-08 14:46:30.000,33,37.7,4.9,7
2021-03-08 15:46:30.000,44,58.9,7.2,14
2021-03-08 16:01:30.001,41,37.2,4.7,10
2021-03-08 17:01:30.000,23,1.7,0.3,1
2021-03-08 18:01:30.000,13,0.0,0.0,0
2021-03-08 19:01:30.000,8,0.0,0.0,0
2021-03-08 20:31:30.001,7,0.0,0.0,0
2021-03-08 21:01:30.000,5,0.0,0.0,0
2021-03-08 22:01:30.000,3,0.0,0.0,0
2021-03-08 23:31:30.000,4,0.0,0.0,0
2021-03-09 00:31:30.000,4,0.0,0.0,0
2021-03-09 01:46:30.000,11,0.6,1.5,1
2021-03-09 02:01:30.000,9,0.0,0.0,0
2021-03-09 03:31:30.001,9,0.0,0.0,0
2021-03-09 04:01:30.000,6,0.0,0.0,0
2021-03-09 05:46:30.000,6,0.0,0.0,0
2021-03-09 06:46:30.000,16,0.0,0.0,0
2021-03-09 07:31:30.000,42,58.3,9.2,14
2021-03-09 08:01:30.000,31,4.5,0.5,1
2021-03-09 09:46:30.000,21,0.0,0.0,0
2021-03-09 10:16:30.000,23,2.9,0.2,1
2021-03-09 11:16:30.000,24,2.6,0.4,1
2021-03-09 12:46:30.000,22,0.0,0.0,0
2021-03-09 13:46:30.001,25,5.4,0.5,2
2021-03-09 14:46:30.000,38,33.6,5.3,7
2021-03-09 15:31:30.000,41,37.8,4.3,7
2021-03-09 16:01:30.001,38,26.3,4.1,9
2021-03-09 17:01:30.000,23,7.1,0.6,2
2021-03-09 18:01:30.000,15,0.0,0.0,0
2021-03-09 19:01:30.000,9,0.0,0.0,0
2021-03-09 20:01:30.000,7,0.0,0.0,0
2021-03-09 21:01:30.000,6,0.0,0.0,0
2021-03-09 22:01:30.000,1,0.0,0.0,0
2021-03-09 23:01:30.001,1,0.0,0.0,0
2021-03-10 00:31:30.000,2,0.0,0.0,0
2021-03-10 01:31:30.000,5,0.0,0.0,0
2021-03-10 02:16:30.000,5,0.0,0.0,0
2021-03-10 03:46:30.001,6,0.0,0.0,0
2021-03-10 04:01:30.000,7,0.0,0.0,0
2021-03-10 05:46:30.001,4,0.0,0.0,0
2021-03-10 06:46:30.000,14,1.7,0.6,1
2021-03-10 07:31:30.000,39,27.1,3.8,7
2021-03-10 08:01:30.000,25,0.0,0.0,0
2021-03-10 09:31:30.000,21,0.0,0.0,0
2021-03-10 10:31:30.000,27,3.7,0.5,1
2021-03-10 11:31:30.000,37,46.6,6.2,12
2021-03-10 12:01:30.000,35,20.5,1.9,4
2021-03-10 13:31:30.000,26,2.3,0.2,1
2021-03-10 14:46:30.001,27,10.6,1.4,3
2021-03-10 15:31:30.000,33,24.0,3.1,4
2021-03-10 16:01:30.000,35,29.5,4.9,8
2021-03-10 17:01:30.000,23,3.3,0.3,1
2021-03-10 18:01:30.001,15,0.0,0.0,0
2021-03-10 19:01:30.000,11,0.0,0.0,0
2021-03-10 20:31:30.000,9,3.8,0.2,1
2021-03-10 21:01:30.000,10,0.0,0.0,0
2021-03-10 22:01:30.000,5,0.0,0.0,0
2021-03-10 23:46:30.001,4,0.0,0.0,0
2021-03-11 00:16:30.000,5,0.0,0.0,0
2021-03-11 01:16:30.000,6,0.0,0.0,0
2021-03-11 02:16:30.001,7,0.0,0.0,0
2021-03-11 03:46:30.000,10,0.0,0.0,0
2021-03-11 04:01:30.000,11,0.0,0.0,0
2021-03-11 05:01:30.001,3,0.0,0.0,0
2021-03-11 05:46:30.000,6,0.0,0.0,0
2021-03-11 06:46:30.000,18,6.3,1.3,3
2021-03-11 07:31:30.000,46,81.7,10.3,21
2021-03-11 08:01:30.001,37,11.8,2.6,4
2021-03-11 09:01:30.000,22,2.9,0.3,1
2021-03-11 10:16:30.000,24,0.0,0.0,0
2021-03-11 11:16:30.000,23,5.6,1.6,3
2021-03-11 12:01:30.000,20,0.0,0.0,0
2021-03-11 13:31:30.001,21,3.4,0.3,1
2021-03-11 14:46:30.000,33,28.1,3.1,7
2021-03-11 15:46:30.000,38,33.4,5.7,10
2021-03-11 16:01:30.001,35,18.9,3.3,7
2021-03-11 17:01:30.000,20,5.7,0.2,1
2021-03-11 18:01:30.000,12,0.0,0.0,0
2021-03-11 19:01:30.001,9,0.0,0.0,0
2021-03-11 20:31:30.000,11,0.0,0.0,0
2021-03-11 21:01:30.000,7,0.0,0.0,0
2021-03-11 22:01:30.001,3,0.0,0.0,0
2021-03-11 23:46:30.000,1,0.0,0.0,0
2021-03-12 00:01:30.000,0,0.0,0.0,0
2021-03-12 01:46:30.001,4,0.0,0.0,0
2021-03-12 02:01:30.000,4,0.0,0.0,0
2021-03-12 03:46:30.000,7,0.0,0.0,0
2021-03-12 04:01:30.000,8,0.6,1.7,1
2021-03-12 05:01:30.000,2,0.0,0.0,0
2021-03-12 05:46:30.000,4,0.0,0.0,0
2021-03-12 06:46:30.001,14,0.0,0.0,0
2021-03-12 07:46:30.000,53,74.3,8.0,14
2021-03-12 08:01:30.000,54,58.1,5.1,11
2021-03-12 09:01:30.206,26,0.0,0.0,0
2021-03-12 10:01:30.000,26,2.0,0.3,1
2021-03-12 11:16:30.000,23,6.7,0.5,2
2021-03-12 12:46:30.000,23,6.5,0.3,2
2021-03-12 13:46:30.000,29,0.0,0.0,0
2021-03-12 14:46:30.000,38,34.5,5.0,11
2021-03-12 15:46:30.000,54,73.5,12.5,21
2021-03-12 16:01:30.000,46,22.9,3.7,7
2021-03-12 17:01:30.000,24,6.2,1.1,2
2021-03-12 18:01:30.000,17,0.0,0.0,0
2021-03-12 19:01:30.000,11,0.0,0.0,0
2021-03-12 20:01:30.000,9,0.0,0.0,0
2021-03-12 21:01:30.001,5,0.0,0.0,0
2021-03-12 22:31:30.001,3,0.0,0.0,0
2021-03-12 23:31:30.001,2,0.0,0.0,0
2021-03-13 00:31:30.000,3,0.0,0.0,0
2021-03-13 01:16:30.000,4,0.0,0.0,0
2021-03-13 02:01:30.000,3,0.0,0.0,0
2021-03-13 03:16:30.001,3,0.0,0.0,0
2021-03-13 04:16:30.001,4,0.0,0.0,0
2021-03-13 05:01:30.000,2,0.0,0.0,0
2021-03-13 06:16:30.000,4,0.0,0.0,0
2021-03-13 06:46:30.001,5,0.0,0.0,0
2021-03-13 07:46:30.000,5,0.0,0.0,0
2021-03-13 08:46:30.000,10,0.0,0.0,0
2021-03-13 09:46:30.000,17,0.0,0.0,0
2021-03-13 10:31:30.000,21,3.8,1.0,1
2021-03-13 11:01:30.001,21,5.2,0.8,2
2021-03-13 12:46:30.000,19,0.0,0.0,0
2021-03-13 13:46:30.000,22,4.3,0.6,1
2021-03-13 14:01:30.000,23,0.0,0.0,0
2021-03-13 15:01:30.000,23,3.9,0.6,2
2021-03-13 16:01:30.001,19,0.0,0.0,0
2021-03-13 17:01:30.000,18,2.6,0.3,1
2021-03-13 18:01:30.000,13,0.0,0.0,0
2021-03-13 19:01:30.000,9,0.0,0.0,0
2021-03-13 20:01:30.001,8,0.0,0.0,0
2021-03-13 21:01:30.001,4,0.0,0.0,0
2021-03-13 22:16:30.000,5,0.0,0.0,0
2021-03-13 23:01:30.000,3,0.0,0.0,0
2021-03-14 00:31:30.000,3,0.0,0.0,0
2021-03-14 01:31:30.000,3,0.0,0.0,0
2021-03-14 02:01:30.000,3,0.0,0.0,0
2021-03-14 03:01:30.000,2,0.0,0.0,0
2021-03-14 04:31:30.001,2,0.0,0.0,0
2021-03-14 05:01:30.001,1,0.0,0.0,0
2021-03-14 06:16:30.000,3,0.0,0.0,0
2021-03-14 06:31:30.000,4,0.0,0.0,0
2021-03-14 07:01:30.001,3,0.0,0.0,0
2021-03-14 07:16:30.001,4,0.0,0.0,0
2021-03-14 08:46:30.001,5,0.0,0.0,0
2021-03-14 09:01:30.000,4,0.0,0.0,0
2021-03-14 09:46:30.000,8,0.0,0.0,0
2021-03-14 10:16:30.000,8,0.0,0.0,0
2021-03-14 11:01:30.001,9,0.0,0.0,0
2021-03-14 12:01:30.001,7,0.0,0.0,0
2021-03-14 13:31:30.000,8,0.0,0.0,0
2021-03-14 14:16:30.000,9,0.0,0.0,0
2021-03-14 15:01:30.000,10,6.9,0.7,1
2021-03-14 16:16:30.000,9,0.0,0.0,0
2021-03-14 17:01:30.000,9,1.3,0.3,1
2021-03-14 18:01:30.000,9,0.0,0.0,0
2021-03-14 19:01:30.001,8,0.0,0.0,0
2021-03-14 20:31:30.001,7,0.0,0.0,0
2021-03-14 21:01:30.001,4,0.0,0.0,0
2021-03-14 22:16:30.000,2,0.0,0.0,0
2021-03-14 23:01:30.001,0,0.0,0.0,0
2021-03-15 00:31:30.001,3,0.0,0.0,0
2021-03-15 01:01:30.000,4,0.0,0.0,0
2021-03-15 02:46:30.000,9,0.0,0.0,0
2021-03-15 03:46:30.000,11,0.0,0.0,0
2021-03-15 04:01:30.000,8,0.0,0.0,0
2021-03-15 05:46:30.346,5,0.0,0.0,0
2021-03-15 06:46:30.000,16,1.6,0.6,1
2021-03-15 07:31:30.000,44,39.9,4.8,10
2021-03-15 08:01:30.000,27,0.0,0.0,0
2021-03-15 09:46:30.000,20,0.0,0.0,0
2021-03-15 10:46:30.000,20,0.0,0.0,0
2021-03-15 11:01:30.000,20,0.0,0.0,0
2021-03-15 12:01:30.000,19,0.0,0.0,0
2021-03-15 13:46:30.000,24,10.4,1.6,4
2021-03-15 14:46:30.000,36,32.3,3.9,8
2021-03-15 15:31:30.000,42,35.4,4.8,10
2021-03-15 16:01:30.000,38,11.9,1.6,4
2021-03-15 17:01:30.000,20,0.0,0.0,0
2021-03-15 18:01:30.000,13,0.0,0.0,0
2021-03-15 19:01:30.001,10,0.0,0.0,0
2021-03-15 20:46:30.000,13,0.0,0.0,0
2021-03-15 21:01:30.000,9,0.0,0.0,0
2021-03-15 22:01:30.001,2,0.0,0.0,0
2021-03-15 23:46:30.001,4,0.0,0.0,0
2021-03-16 00:31:30.000,6,0.0,0.0,0
2021-03-16 01:31:30.000,6,0.0,0.0,0
2021-03-16 02:01:30.000,7,0.0,0.0,0
2021-03-16 03:31:30.000,9,0.7,1.3,1
2021-03-16 04:01:30.001,10,0.0,0.0,0
2021-03-16 05:31:30.001,5,0.0,0.0,0
2021-03-16 05:46:30.000,6,0.0,0.0,0
2021-03-16 06:46:30.001,16,1.6,0.6,1
2021-03-16 07:31:30.000,42,34.5,4.0,10
2021-03-16 08:01:30.001,29,3.2,0.6,1
2021-03-16 09:31:30.001,22,0.0,0.0,0
2021-03-16 10:31:30.001,25,7.2,0.8,2
2021-03-16 11:01:30.000,22,0.0,0.0,0
2021-03-16 12:31:30.000,23,0.0,0.0,0
2021-03-16 13:46:30.001,25,0.0,0.0,0
2021-03-16 14:46:30.001,34,43.1,5.9,11
2021-03-16 15:46:30.000,46,64.5,10.3,14
2021-03-16 16:01:30.000,43,30.3,3.5,10
2021-03-16 17:01:30.000,24,4.2,0.2,2
2021-03-16 18:31:30.000,14,0.0,0.0,0
2021-03-16 19:16:30.000,12,2.4,0.2,1
2021-03-16 20:01:30.000,10,0.0,0.0,0
2021-03-16 21:01:30.000,7,4.6,1.2,1
2021-03-16 22:31:30.000,4,0.0,0.0,0
2021-03-16 23:46:30.000,3,0.0,0.0,0
2021-03-17 00:01:30.001,5,0.6,1.2,1
2021-03-17 01:16:30.001,9,6.4,0.7,1
2021-03-17 02:16:30.000,7,0.0,0.0,0
2021-03-17 03:46:30.000,8,0.6,1.5,1
2021-03-17 04:01:30.001,8,0.0,0.0,0
2021-03-17 05:46:30.001,4,0.0,0.0,0
2021-03-17 06:01:30.000,5,0.0,0.0,0
2021-03-17 06:46:30.000,15,6.5,0.9,2
2021-03-17 07:31:30.001,36,48.4,4.9,13
2021-03-17 08:01:30.001,28,16.9,2.1,3
2021-03-17 09:16:30.000,27,17.3,1.6,2
2021-03-17 10:31:30.001,25,6.1,1.3,3
2021-03-17 11:31:30.001,37,29.1,4.6,10
2021-03-17 12:01:30.001,34,12.0,1.8,4
2021-03-17 13:16:30.000,25,7.9,0.9,2
2021-03-17 14:46:30.001,28,12.6,2.0,4
2021-03-17 15:46:30.000,31,24.4,3.4,6
2021-03-17 16:01:30.001,31,26.9,2.6,6
2021-03-17 17:01:30.000,22,0.0,0.0,0
2021-03-17 18:01:30.001,15,0.0,0.0,0
2021-03-17 19:01:30.000,10,1.5,0.2,1
2021-03-17 20:16:30.001,8,1.2,0.3,1
2021-03-17 21:01:30.000,7,0.0,0.0,0
2021-03-17 22:31:30.000,4,0.0,0.0,0
2021-03-17 23:46:30.000,2,0.0,0.0,0
2021-03-18 00:01:30.000,2,0.0,0.0,0
2021-03-18 01:31:30.000,8,0.0,0.0,0
2021-03-18 02:46:30.001,10,0.5,1.4,1
2021-03-18 03:01:30.001,9,0.0,0.0,0
2021-03-18 04:01:30.000,6,0.0,0.0,0
2021-03-18 05:46:30.001,5,0.0,0.0,0
2021-03-18 06:46:30.000,16,9.1,1.7,4
2021-03-18 07:31:30.000,44,63.9,8.8,16
2021-03-18 08:01:30.000,33,25.1,4.5,6
2021-03-18 09:31:30.000,21,5.1,0.7,2
2021-03-18 10:01:30.000,23,3.0,0.3,1
2021-03-18 11:31:30.000,23,2.3,0.3,1
2021-03-18 12:01:30.000,22,9.0,0.9,3
2021-03-18 13:16:30.000,24,0.0,0.0,0
2021-03-18 14:46:30.000,36,32.2,5.6,11
2021-03-18 15:01:30.001,40,48.3,7.9,14
2021-03-18 16:01:30.000,38,27.5,4.1,10
2021-03-18 17:01:30.001,23,3.0,0.5,2
2021-03-18 18:01:30.000,15,1.9,0.3,1
2021-03-18 19:46:30.000,11,5.5,0.3,1
2021-03-18 20:01:30.000,11,0.0,0.0,0
2021-03-18 21:01:30.001,6,0.0,0.0,0
2021-03-18 22:01:30.001,1,0.0,0.0,0
2021-03-18 23:46:30.000,3,0.0,0.0,0
2021-03-19 00:46:30.000,4,0.0,0.0,0
2021-03-19 01:46:30.000,7,0.0,0.0,0
2021-03-19 02:16:30.000,7,0.0,0.0,0
2021-03-19 03:46:30.000,3,0.0,0.0,0
2021-03-19 04:01:30.000,3,0.0,0.0,0
2021-03-19 05:16:30.000,4,0.0,0.0,0
2021-03-19 06:46:30.001,15,8.6,1.9,3
2021-03-19 07:31:30.000,37,31.1,5.3,7
2021-03-19 08:01:31.104,25,6.2,1.2,2
2021-03-19 09:46:30.000,25,2.0,0.5,1
2021-03-19 10:31:30.000,26,4.1,0.5,2
2021-03-19 11:16:30.000,25,3.1,0.2,1
2021-03-19 12:46:30.001,31,32.9,2.7,4
2021-03-19 13:46:30.000,36,26.2,3.3,5
2021-03-19 14:46:30.000,38,16.7,2.7,5
2021-03-19 15:46:30.001,45,73.5,9.2,18
2021-03-19 16:01:30.000,46,62.4,6.0,13
2021-03-19 17:01:30.000,33,28.3,2.8,6
2021-03-19 18:01:30.000,19,0.0,0.0,0
2021-03-19 19:01:30.001,12,1.9,0.2,1
2021-03-19 20:01:30.000,9,0.0,0.0,0
2021-03-19 21:01:30.000,7,0.0,0.0,0
2021-03-19 22:01:30.000,2,0.0,0.0,0
2021-03-19 23:01:30.000,0,0.0,0.0,0
2021-03-20 00:01:30.001,0,0.0,0.0,0
2021-03-20 01:16:30.000,1,0.0,0.0,0
2021-03-20 02:31:30.000,3,0.0,0.0,0
2021-03-20 03:01:30.000,6,0.0,0.0,0
2021-03-20 04:01:30.000,2,0.0,0.0,0
2021-03-20 05:16:30.001,1,0.0,0.0,0
2021-03-20 06:01:30.000,1,0.0,0.0,0
2021-03-20 06:16:30.000,2,0.0,0.0,0
2021-03-20 07:46:30.001,5,0.0,0.0,0
2021-03-20 08:46:30.000,11,4.4,0.2,1
2021-03-20 09:46:30.000,17,0.0,0.0,0
2021-03-20 10:31:30.000,22,2.1,0.6,1
2021-03-20 11:01:30.000,22,0.0,0.0,0
2021-03-20 12:46:30.000,20,5.4,0.6,2
2021-03-20 13:46:30.000,29,19.2,1.8,5
2021-03-20 14:01:30.000,29,12.1,2.0,4
2021-03-20 15:16:30.000,29,14.4,2.2,4
2021-03-20 16:01:30.000,26,13.9,1.7,4
2021-03-20 17:01:30.000,22,2.1,0.5,1
2021-03-20 18:01:30.000,14,0.0,0.0,0
2021-03-20 19:46:30.000,10,0.0,0.0,0
2021-03-20 20:16:30.000,10,2.9,0.3,1
2021-03-20 21:01:30.000,7,2.7,0.3,1
2021-03-20 22:16:30.000,3,0.0,0.0,0
2021-03-20 23:46:30.000,1,0.0,0.0,0
2021-03-21 00:46:30.001,1,0.0,0.0,0
2021-03-21 01:16:30.001,3,0.0,0.0,0
2021-03-21 02:46:30.001,5,0.0,0.0,0
2021-03-21 03:01:30.000,6,0.5,1.4,1
2021-03-21 04:01:30.000,1,0.0,0.0,0
2021-03-21 05:16:30.000,1,0.0,0.0,0
2021-03-21 06:16:30.001,3,0.0,0.0,0
2021-03-21 07:16:30.000,2,0.0,0.0,0
2021-03-21 08:16:30.000,4,0.0,0.0,0
2021-03-21 09:31:30.000,7,0.0,0.0,0
2021-03-21 10:31:30.000,9,3.3,0.4,1
2021-03-21 11:01:30.000,9,0.0,0.0,0
2021-03-21 12:01:30.000,7,0.0,0.0,0
2021-03-21 13:31:30.000,10,2.1,0.2,1
2021-03-21 14:01:30.000,10,0.0,0.0,0
2021-03-21 15:46:30.000,12,7.2,0.8,2
2021-03-21 16:01:30.000,12,0.0,0.0,0
2021-03-21 17:16:30.001,11,0.0,0.0,0
2021-03-21 18:01:30.001,9,0.0,0.0,0
2021-03-21 19:01:30.000,7,0.0,0.0,0
2021-03-21 20:01:30.000,7,0.0,0.0,0
2021-03-21 21:01:30.001,3,1.4,0.3,1
2021-03-21 22:31:30.000,2,0.0,0.0,0
2021-03-21 23:01:30.001,1,0.0,0.0,0
2021-03-22 00:01:30.001,0,0.0,0.0,0
2021-03-22 01:46:30.000,4,0.0,0.0,0
2021-03-22 02:31:30.000,7,0.0,0.0,0
2021-03-22 03:01:30.001,5,0.0,0.0,0
2021-03-22 04:01:30.000,3,0.0,0.0,0
2021-03-22 05:46:30.000,4,0.0,0.0,0
2021-03-22 06:46:30.000,16,10.7,3.5,3
2021-03-22 07:01:30.000,25,30.1,6.9,8
2021-03-22 07:31:30.000,38,34.2,6.4,12
2021-03-22 08:01:30.000,25,0.0,0.0,0
2021-03-22 09:31:30.001,20,11.7,0.4,1
2021-03-22 10:31:30.000,23,0.0,0.0,0
2021-03-22 11:01:30.000,21,0.0,0.0,0
2021-03-22 12:01:30.001,21,2.4,0.5,1
2021-03-22 13:31:30.000,22,2.5,0.6,1
2021-03-22 14:46:30.000,31,18.3,3.4,7
2021-03-22 15:46:30.000,46,114.2,12.2,22
2021-03-22 16:01:30.001,48,101.1,11.1,18
2021-03-22 17:01:30.000,26,0.0,0.0,0
2021-03-22 18:01:30.000,13,3.0,0.2,1
2021-03-22 19:01:30.000,10,0.0,0.0,0
2021-03-22 20:01:30.000,7,0.0,0.0,0
2021-03-22 21:01:30.000,4,0.0,0.0,0
2021-03-22 22:01:30.001,1,0.0,0.0,0
2021-03-22 23:46:30.000,2,0.0,0.0,0
2021-03-23 00:46:30.000,7,4.8,0.9,1
2021-03-23 01:16:30.000,12,0.0,0.0,0
2021-03-23 02:01:30.000,9,0.0,0.0,0
2021-03-23 03:01:30.000,8,0.0,0.0,0
2021-03-23 04:01:30.001,7,0.0,0.0,0
2021-03-23 05:46:30.000,4,0.0,0.0,0
2021-03-23 06:01:30.001,5,0.0,0.0,0
2021-03-23 06:46:30.000,18,29.9,5.0,5
2021-03-23 07:31:30.001,44,63.9,6.9,14
2021-03-23 08:01:30.001,35,35.2,3.5,5
2021-03-23 09:01:30.001,22,6.6,0.4,2
2021-03-23 10:01:30.000,23,3.0,0.3,1
2021-03-23 10:46:30.063,26,7.2,1.2,3
2021-03-23 11:01:30.000,24,4.6,0.1,1
2021-03-23 12:46:30.000,23,4.5,1.4,2
2021-03-23 13:46:30.000,24,0.0,0.0,0
2021-03-23 14:46:30.001,34,26.2,2.6,5
2021-03-23 15:46:30.000,44,55.5,9.0,18
2021-03-23 16:01:30.000,40,20.8,4.4,8
2021-03-23 17:01:30.000,23,5.4,1.5,3
2021-03-23 18:01:30.000,14,0.0,0.0,0
2021-03-23 19:01:30.000,9,1.4,0.3,1
2021-03-23 20:31:30.001,8,0.0,0.0,0
2021-03-23 21:01:30.000,5,5.1,0.3,1
2021-03-23 22:01:30.001,0,0.0,0.0,0
2021-03-23 23:46:30.001,1,0.0,0.0,0
2021-03-24 00:31:30.001,6,0.0,0.0,0
2021-03-24 01:01:30.000,6,0.0,0.0,0
2021-03-24 02:46:30.000,9,0.7,1.6,1
2021-03-24 03:01:30.000,9,0.0,0.0,0
2021-03-24 04:01:30.001,4,0.0,0.0,0
2021-03-24 05:46:30.000,4,0.0,0.0,0
2021-03-24 06:46:30.000,14,1.3,0.6,1
2021-03-24 07:31:30.001,36,28.9,4.8,8
2021-03-24 08:01:30.000,26,2.2,0.8,1
2021-03-24 09:46:30.000,29,13.4,2.3,3
2021-03-24 10:01:30.000,28,4.6,2.7,2
2021-03-24 11:31:30.001,37,24.6,3.1,6
2021-03-24 12:01:30.000,33,8.8,1.1,2
2021-03-24 13:46:30.001,35,19.0,3.3,3
2021-03-24 14:01:30.000,38,25.3,2.8,2
2021-03-24 15:32:30.001,40,28.6,4.7,8
2021-03-24 16:01:30.001,40,24.1,4.4,8
2021-03-24 17:01:30.001,31,13.1,1.5,3
2021-03-24 18:01:30.000,16,0.0,0.0,0
2021-03-24 19:01:30.000,10,2.7,0.2,1
2021-03-24 20:16:30.000,9,0.0,0.0,0
2021-03-24 21:16:30.001,8,0.0,0.0,0
2021-03-24 22:01:30.000,2,0.0,0.0,0
2021-03-24 23:01:30.000,0,0.0,0.0,0
2021-03-25 00:01:30.000,1,0.0,0.0,0
2021-03-25 01:01:30.000,6,0.0,0.0,0
2021-03-25 02:16:30.000,5,0.0,0.0,0
2021-03-25 03:16:30.000,8,1.0,2.1,1
2021-03-25 04:01:30.000,5,0.0,0.0,0
2021-03-25 05:01:30.000,4,0.0,0.0,0
2021-03-25 06:46:30.000,17,7.5,1.5,3
2021-03-25 07:46:30.000,57,81.2,9.8,17
2021-03-25 08:01:30.000,54,76.8,7.8,14
2021-03-25 09:01:30.000,40,31.5,3.3,8
2021-03-25 10:31:30.001,42,34.8,3.4,11
2021-03-25 11:01:30.000,37,21.8,2.6,7
2021-03-25 12:46:30.000,43,28.3,2.6,7
2021-03-25 13:16:30.001,46,36.4,3.4,9
2021-03-25 14:46:30.000,48,56.6,8.1,19
2021-03-25 15:01:30.001,54,84.4,12.1,22
2021-03-25 16:01:30.000,51,51.4,7.7,13
2021-03-25 17:01:30.000,31,8.3,0.6,2
2021-03-25 18:01:30.000,15,0.0,0.0,0
2021-03-25 19:01:30.001,12,0.0,0.0,0
2021-03-25 20:01:30.000,10,4.6,0.2,1
2021-03-25 21:01:30.000,8,3.5,0.1,1
2021-03-25 22:01:30.000,3,0.0,0.0,0
2021-03-25 23:01:30.000,0,0.0,0.0,0
2021-03-26 00:16:30.001,1,0.0,0.0,0
2021-03-26 01:46:30.000,2,0.0,0.0,0
2021-03-26 02:46:30.000,5,0.5,1.5,1
2021-03-26 03:01:30.000,5,0.0,0.0,0
2021-03-26 04:01:30.001,2,0.0,0.0,0
2021-03-26 05:31:30.000,4,0.0,0.0,0
2021-03-26 06:46:30.000,15,0.0,0.0,0
2021-03-26 07:31:30.001,31,18.6,2.0,3
2021-03-26 08:01:30.000,23,2.2,0.3,1
2021-03-26 09:46:30.000,30,13.5,2.3,5
2021-03-26 10:16:30.000,35,20.6,1.9,6
2021-03-26 11:01:30.000,34,14.2,1.9,4
2021-03-26 12:01:30.000,31,11.4,1.7,3
2021-03-26 13:31:30.000,37,27.1,3.3,5
2021-03-26 14:46:30.001,52,100.8,13.1,25
2021-03-26 15:46:30.000,63,134.8,15.6,26
2021-03-26 16:01:30.000,58,117.8,12.8,21
2021-03-26 17:01:30.000,41,52.1,3.9,7
2021-03-26 18:01:30.000,24,10.5,1.4,3
2021-03-26 19:01:30.000,13,0.0,0.0,0
2021-03-26 20:01:30.000,9,0.0,0.0,0
2021-03-26 21:16:30.000,8,0.0,0.0,0
2021-03-26 22:01:30.000,5,0.0,0.0,0
2021-03-26 23:01:30.000,2,0.0,0.0,0
2021-03-27 00:31:30.000,6,0.9,1.6,1
2021-03-27 01:01:30.000,5,0.0,0.0,0
2021-03-27 02:46:30.000,6,3.4,1.5,1
2021-03-27 03:01:30.000,6,0.0,0.0,0
2021-03-27 04:01:30.000,5,0.0,0.0,0
2021-03-27 05:01:30.001,3,0.0,0.0,0
2021-03-27 05:46:30.001,8,0.0,0.0,0
2021-03-27 06:01:30.000,7,0.0,0.0,0
2021-03-27 07:46:30.000,6,0.0,0.0,0
2021-03-27 08:46:30.000,12,0.0,0.0,0
2021-03-27 09:16:30.001,15,2.3,0.2,1
2021-03-27 10:31:30.000,18,0.0,0.0,0
2021-03-27 11:01:30.000,18,0.0,0.0,0
2021-03-27 12:01:30.000,16,0.0,0.0,0
2021-03-27 13:31:30.000,19,13.4,1.0,2
2021-03-27 14:01:30.000,19,2.3,0.4,1
2021-03-27 15:01:30.001,19,0.0,0.0,0
2021-03-27 16:01:30.367,17,0.0,0.0,0
2021-03-27 17:01:30.000,16,0.0,0.0,0
2021-03-27 18:01:30.000,12,0.0,0.0,0
2021-03-27 19:01:30.000,9,0.0,0.0,0
2021-03-27 20:01:30.000,6,0.0,0.0,0
2021-03-27 21:01:30.000,6,0.0,0.0,0
2021-03-27 22:01:30.000,2,0.0,0.0,0
2021-03-27 23:01:30.000,0,0.0,0.0,0
2021-03-28 00:01:30.000,0,0.0,0.0,0
2021-03-28 01:01:30.001,0,0.0,0.0,0
2021-03-28 02:01:30.000,0,0.0,0.0,0
2021-03-28 03:16:30.001,1,0.0,0.0,0
2021-03-28 04:01:30.000,0,0.0,0.0,0
2021-03-28 05:31:30.000,1,0.0,0.0,0
2021-03-28 06:16:30.000,3,0.0,0.0,0
2021-03-28 07:16:30.001,4,0.0,0.0,0
2021-03-28 08:31:30.000,6,0.0,0.0,0
2021-03-28 09:31:30.000,8,0.0,0.0,0
2021-03-28 10:16:30.000,10,0.0,0.0,0
2021-03-28 11:01:30.000,8,0.0,0.0,0
2021-03-28 12:46:30.000,11,0.0,0.0,0
2021-03-28 13:31:30.001,12,0.0,0.0,0
2021-03-28 14:01:30.000,13,0.0,0.0,0
2021-03-28 15:16:30.000,13,0.0,0.0,0
2021-03-28 16:01:30.001,12,0.0,0.0,0
2021-03-28 17:01:30.000,9,0.0,0.0,0
2021-03-28 18:01:30.001,7,0.0,0.0,0
2021-03-28 19:16:30.000,7,0.0,0.0,0
2021-03-28 20:01:30.001,6,0.0,0.0,0
2021-03-28 21:01:30.001,1,0.0,0.0,0
2021-03-28 22:01:30.000,0,0.0,0.0,0
2021-03-28 23:46:30.000,1,0.0,0.0,0
2021-03-29 00:31:30.000,4,0.0,0.0,0
2021-03-29 01:16:30.000,6,0.0,0.0,0
2021-03-29 02:01:30.000,6,0.0,0.0,0
2021-03-29 03:01:30.000,3,0.0,0.0,0
2021-03-29 04:46:30.000,4,0.0,0.0,0
2021-03-29 05:16:30.001,8,0.0,0.0,0
2021-03-29 05:46:30.000,11,0.0,0.0,0
2021-03-29 06:16:30.001,15,0.0,0.0,0
2021-03-29 07:01:30.000,14,2.8,0.2,1
2021-03-29 08:46:30.000,16,0.0,0.0,0
2021-03-29 09:31:30.001,17,0.0,0.0,0
2021-03-29 10:31:30.000,18,3.0,0.6,1
2021-03-29 11:01:30.001,19,0.0,0.0,0
2021-03-29 12:46:30.000,22,8.9,1.1,2
2021-03-29 13:46:30.001,26,7.5,1.0,1
2021-03-29 14:01:30.001,26,9.5,1.4,2
2021-03-29 15:01:30.000,26,12.4,1.2,2
2021-03-29 16:01:30.001,21,4.8,0.8,1
2021-03-29 17:01:30.001,14,0.0,0.0,0
2021-03-29 18:16:30.001,11,0.0,0.0,0
2021-03-29 19:01:30.001,12,0.0,0.0,0
2021-03-29 20:01:30.000,5,0.0,0.0,0
2021-03-29 21:16:30.001,2,0.0,0.0,0
2021-03-29 22:46:30.001,1,0.0,0.0,0
2021-03-29 23:31:30.001,5,0.0,0.0,0
2021-03-30 00:46:30.000,9,0.0,0.0,0
2021-03-30 01:01:30.001,9,0.0,0.0,0
2021-03-30 02:01:30.000,7,0.0,0.0,0
2021-03-30 03:01:30.000,5,0.0,0.0,0
2021-03-30 04:46:30.001,5,0.0,0.0,0
2021-03-30 05:16:30.000,8,0.0,0.0,0
2021-03-30 05:46:30.000,11,6.8,0.3,1
2021-03-30 06:31:30.001,15,0.0,0.0,0
2021-03-30 07:46:30.000,17,0.0,0.0,0
2021-03-30 08:46:30.001,20,0.0,0.0,0
2021-03-30 09:16:30.001,24,3.2,0.8,1
2021-03-30 10:46:30.000,24,9.5,1.2,2
2021-03-30 11:01:30.000,24,7.3,1.1,2
2021-03-30 12:46:30.000,27,16.1,1.8,3
2021-03-30 13:46:30.000,33,23.6,2.9,4
2021-03-30 14:01:30.000,36,26.9,2.7,3
2021-03-30 15:01:30.000,35,33.0,4.0,9
2021-03-30 16:01:30.000,26,20.5,1.7,3
2021-03-30 17:01:30.000,18,0.0,0.0,0
2021-03-30 18:01:30.000,11,0.0,0.0,0
2021-03-30 19:16:30.007,9,0.0,0.0,0
2021-03-30 20:01:30.000,9,0.0,0.0,0
2021-03-30 21:01:30.000,2,0.0,0.0,0
2021-03-30 22:46:30.001,3,0.0,0.0,0
2021-03-30 23:01:30.001,3,0.0,0.0,0
2021-03-31 00:46:30.000,11,0.0,0.0,0
2021-03-31 01:46:30.001,11,0.0,0.0,0
2021-03-31 02:01:30.000,12,1.2,1.8,1
2021-03-31 03:01:30.000,6,0.0,0.0,0
2021-03-31 04:46:30.000,5,0.0,0.0,0
2021-03-31 05:46:30.000,11,0.0,0.0,0
2021-03-31 06:46:30.000,14,8.0,1.2,3
2021-03-31 07:46:30.000,21,21.8,2.2,3
2021-03-31 08:46:30.000,26,19.1,1.4,3
2021-03-31 09:52:00.000,32,29.1,2.9,6
2021-03-31 10:16:30.000,33,25.0,2.5,3
2021-03-31 11:37:30.000,32,26.6,3.8,5
2021-03-31 12:14:30.000,34,36.5,3.6,5
2021-03-31 13:52:30.000,34,35.6,3.6,6
2021-03-31 14:16:30.000,37,51.8,4.7,4
2021-03-31 15:01:30.000,38,42.2,4.1,6
2021-03-31 16:01:30.000,32,33.5,3.2,8
2021-03-31 17:01:30.001,17,2.4,0.4,1
2021-03-31 18:52:30.001,12,3.9,0.2,1
2021-03-31 19:01:30.000,12,0.0,0.0,0
2021-03-31 20:01:30.000,9,0.0,0.0,0
2021-03-31 21:01:30.000,2,0.0,0.0,0
2021-03-31 22:01:30.000,0,0.0,0.0,0
2021-03-31 23:44:30.000,1,0.0,0.0,0
2021-04-01 00:52:30.001,9,0.0,0.0,0
2021-04-01 01:01:30.000,10,0.0,0.0,0
2021-04-01 02:01:30.000,9,0.0,0.0,0
2021-04-01 03:01:30.000,7,0.0,0.0,0
2021-04-01 04:59:30.000,6,0.0,0.0,0
2021-04-01 05:07:30.000,7,0.0,0.0,0
2021-04-01 05:52:00.000,14,0.0,0.0,0
2021-04-01 06:22:30.000,16,7.9,0.6,2
2021-04-01 07:59:30.000,17,0.0,0.0,0
2021-04-01 08:52:00.000,23,2.8,0.3,1
2021-04-01 09:22:30.000,24,2.2,0.3,1
2021-04-01 10:01:30.001,24,8.3,1.3,3
2021-04-01 11:59:30.000,23,9.2,1.5,3
2021-04-01 12:44:00.000,30,20.1,2.8,4
2021-04-01 13:14:30.001,31,19.0,2.2,2
2021-04-01 14:52:30.000,36,37.2,4.9,7
2021-04-01 15:01:30.000,35,26.3,3.3,6
2021-04-01 16:01:30.000,26,11.8,1.4,3
2021-04-01 17:01:30.000,15,0.0,0.0,0
2021-04-01 18:01:30.000,10,0.0,0.0,0
2021-04-01 19:01:30.000,10,0.0,0.0,0
2021-04-01 20:07:30.000,7,0.0,0.0,0
2021-04-01 21:01:30.000,2,0.0,0.0,0
2021-04-01 22:01:30.000,0,0.0,0.0,0
2021-04-01 23:37:30.000,4,0.0,0.0,0
2021-04-02 00:31:30.000,9,0.0,0.0,0
2021-04-02 01:14:30.000,6,0.0,0.0,0
2021-04-02 02:29:00.000,5,0.0,0.0,0
2021-04-02 03:59:00.000,4,0.0,0.0,0
2021-04-02 04:59:00.000,7,0.0,0.0,0
2021-04-02 05:59:30.000,13,0.0,0.0,0
2021-04-02 06:52:00.001,15,0.0,0.0,0
2021-04-02 07:52:30.000,18,0.0,0.0,0
2021-04-02 08:52:00.001,21,0.0,0.0,0
2021-04-02 09:01:30.000,21,0.0,0.0,0
2021-04-02 09:37:30.000,27,3.4,0.6,1
2021-04-02 10:01:30.000,26,5.0,1.1,2
2021-04-02 11:59:30.000,27,14.7,2.4,4
2021-04-02 12:37:30.000,30,12.5,2.8,2
2021-04-02 13:52:30.001,32,25.3,4.7,6
2021-04-02 14:52:00.000,41,55.6,6.3,8
2021-04-02 15:01:30.000,40,52.1,6.6,10
2021-04-02 16:01:30.000,33,25.1,2.1,5
2021-04-02 17:01:30.000,18,0.0,0.0,0
2021-04-02 18:01:30.000,11,0.0,0.0,0
2021-04-02 19:01:30.000,9,0.0,0.0,0
2021-04-02 20:01:30.001,7,0.0,0.0,0
2021-04-02 21:07:30.001,4,0.0,0.0,0
2021-04-02 22:59:30.001,2,0.0,0.0,0
2021-04-02 23:44:00.000,5,0.4,1.3,1
2021-04-03 00:01:30.000,5,0.0,0.0,0
2021-04-03 01:29:30.000,5,0.0,0.0,0
2021-04-03 02:07:30.000,6,0.0,0.0,0
2021-04-03 03:07:30.001,5,0.0,0.0,0
2021-04-03 04:01:30.000,3,0.0,0.0,0
2021-04-03 05:29:30.000,4,0.0,0.0,0
2021-04-03 06:52:30.001,6,0.0,0.0,0
2021-04-03 07:44:00.000,11,0.0,0.0,0
2021-04-03 08:46:30.000,17,0.0,0.0,0
2021-04-03 09:44:30.001,21,2.4,0.6,1
2021-04-03 10:14:30.000,22,5.4,0.9,1
2021-04-03 11:01:30.000,18,0.0,0.0,0
2021-04-03 12:22:30.001,23,6.6,0.8,1
2021-04-03 13:16:30.000,24,7.3,1.3,2
2021-04-03 14:16:30.000,23,7.1,1.1,2
2021-04-03 15:01:30.000,21,4.6,0.5,1
2021-04-03 16:01:30.000,18,2.8,0.4,1
2021-04-03 17:01:30.000,13,1.3,0.0,1
2021-04-03 18:01:30.000,8,0.0,0.0,0
2021-04-03 19:01:30.000,8,0.0,0.0,0
2021-04-03 20:01:30.000,5,0.0,0.0,0
2021-04-03 21:22:30.000,4,1.9,0.0,1
2021-04-03 22:01:30.001,1,0.0,0.0,0
2021-04-03 23:01:30.001,0,0.0,0.0,0
2021-04-04 00:01:30.000,0,0.0,0.0,0
2021-04-04 01:01:30.000,0,0.0,0.0,0
2021-04-04 02:29:30.000,1,0.0,0.0,0
2021-04-04 03:01:30.000,0,0.0,0.0,0
2021-04-04 04:01:30.000,0,0.0,0.0,0
2021-04-04 05:16:30.000,2,0.0,0.0,0
2021-04-04 06:01:30.000,1,0.0,0.0,0
2021-04-04 06:29:30.000,2,0.0,0.0,0
2021-04-04 07:59:00.000,4,0.0,0.0,0
2021-04-04 08:46:30.000,7,0.0,0.0,0
2021-04-04 09:44:00.001,9,0.0,0.0,0
2021-04-04 10:01:30.000,9,0.0,0.0,0
2021-04-04 11:01:30.000,7,0.0,0.0,0
2021-04-04 12:14:30.000,9,0.0,0.0,0
2021-04-04 13:46:30.000,10,0.0,0.0,0
2021-04-04 14:01:30.000,10,0.0,0.0,0
2021-04-04 15:22:30.000,11,0.0,0.0,0
2021-04-04 16:01:30.001,10,0.0,0.0,0
2021-04-04 17:01:30.000,9,0.0,0.0,0
2021-04-04 18:59:00.000,8,0.0,0.0,0
2021-04-04 19:01:30.000,8,0.0,0.0,0
2021-04-04 20:01:30.000,6,0.0,0.0,0
2021-04-04 21:01:30.000,3,0.0,0.0,0
2021-04-04 22:01:30.000,0,0.0,0.0,0
2021-04-04 23:01:30.000,0,0.0,0.0,0
2021-04-05 00:01:30.000,0,0.0,0.0,0
2021-04-05 01:59:30.000,1,0.0,0.0,0
2021-04-05 02:14:00.000,1,0.0,0.0,0
2021-04-05 03:01:30.000,0,0.0,0.0,0
2021-04-05 04:01:30.000,0,0.0,0.0,0
2021-04-05 05:44:30.000,1,0.0,0.0,0
2021-04-05 06:59:00.000,2,0.0,0.0,0
2021-04-05 07:07:00.000,3,0.0,0.0,0
2021-04-05 08:59:30.000,7,0.0,0.0,0
2021-04-05 09:29:30.000,9,0.0,0.0,0
2021-04-05 10:14:30.000,8,0.0,0.0,0
2021-04-05 11:07:30.000,8,0.0,0.0,0
2021-04-05 12:01:30.001,7,0.0,0.0,0
2021-04-05 13:52:30.000,9,0.0,0.0,0
2021-04-05 14:44:30.001,9,0.0,0.0,0
2021-04-05 15:29:00.000,9,0.0,0.0,0
2021-04-05 16:07:30.000,9,0.0,0.0,0
2021-04-05 17:16:30.001,9,1.9,0.1,1
2021-04-05 18:29:30.001,8,0.0,0.0,0
2021-04-05 19:29:30.000,8,0.0,0.0,0
2021-04-05 20:01:30.000,6,0.0,0.0,0
2021-04-05 21:01:30.000,2,0.0,0.0,0
2021-04-05 22:46:30.001,1,0.0,0.0,0
2021-04-05 23:07:30.000,2,0.0,0.0,0
2021-04-06 00:59:30.000,6,0.0,0.0,0
2021-04-06 01:29:30.000,7,0.0,0.0,0
2021-04-06 02:01:30.000,6,0.0,0.0,0
2021-04-06 03:59:30.000,8,0.0,0.0,0
2021-04-06 04:01:30.001,8,0.0,0.0,0
2021-04-06 04:52:30.001,9,0.0,0.0,0
2021-04-06 05:59:30.000,14,9.1,0.8,2
2021-04-06 06:59:00.000,16,0.0,0.0,0
2021-04-06 07:59:00.000,19,9.8,0.9,2
2021-04-06 08:44:30.000,20,0.0,0.0,0
2021-04-06 09:59:30.000,21,0.0,0.0,0
2021-04-06 10:01:30.000,21,0.0,0.0,0
2021-04-06 11:59:30.000,20,2.7,0.3,1
2021-04-06 12:44:30.000,22,1.5,0.0,1
2021-04-06 13:52:00.001,23,4.7,0.7,2
2021-04-06 14:29:30.000,27,13.3,2.2,4
2021-04-06 15:01:30.001,25,6.3,1.1,2
2021-04-06 16:01:30.000,18,0.0,0.0,0
2021-04-06 17:01:30.000,12,0.0,0.0,0
2021-04-06 18:01:30.001,9,0.0,0.0,0
2021-04-06 19:01:30.001,8,0.0,0.0,0
2021-04-06 20:44:30.000,12,0.0,0.0,0
2021-04-06 21:01:30.000,9,0.0,0.0,0
2021-04-06 22:29:30.000,5,0.0,0.0,0
2021-04-06 23:52:30.000,13,0.0,0.0,0
2021-04-07 00:01:30.001,13,0.0,0.0,0
2021-04-07 01:29:30.000,7,0.5,1.5,1
2021-04-07 02:01:30.000,6,0.0,0.0,0
2021-04-07 03:59:00.001,7,0.0,0.0,0
2021-04-07 04:01:30.000,7,0.0,0.0,0
2021-04-07 05:59:00.000,10,0.0,0.0,0
2021-04-07 06:59:30.000,15,4.0,0.2,1
2021-04-07 07:01:30.000,15,4.0,0.2,1
2021-04-07 08:46:30.000,20,2.6,0.4,1
2021-04-07 09:59:30.000,22,7.0,0.9,2
2021-04-07 10:01:30.000,22,4.8,0.2,1
2021-04-07 11:01:30.000,18,1.1,0.3,1
2021-04-07 12:46:30.000,20,5.8,0.5,3
2021-04-07 13:46:30.000,22,7.9,1.1,2
2021-04-07 14:31:30.001,25,9.6,1.6,3
2021-04-07 15:01:30.000,24,4.0,0.4,1
2021-04-07 16:01:30.001,19,0.0,0.0,0
2021-04-07 17:01:30.000,12,0.0,0.0,0
2021-04-07 18:01:30.000,8,0.0,0.0,0
2021-04-07 19:31:30.000,8,0.0,0.0,0
2021-04-07 20:01:30.000,6,1.3,0.3,1
2021-04-07 21:01:30.001,2,0.0,0.0,0
2021-04-07 22:01:30.000,0,0.0,0.0,0
2021-04-07 23:31:30.001,4,0.0,0.0,0
2021-04-08 00:16:30.000,6,0.0,0.0,0
2021-04-08 01:31:30.000,13,0.6,1.1,1
2021-04-08 02:01:30.000,13,0.0,0.0,0
2021-04-08 03:16:30.000,8,0.0,0.0,0
2021-04-08 04:46:30.000,6,0.0,0.0,0
2021-04-08 05:01:30.000,6,0.0,0.0,0
2021-04-08 05:46:30.000,9,1.8,0.1,1
2021-04-08 06:46:30.001,12,0.0,0.0,0
2021-04-08 07:01:30.000,13,0.0,0.0,0
2021-04-08 08:46:30.000,20,12.4,1.2,3
2021-04-08 09:46:30.000,21,3.9,0.6,2
2021-04-08 10:01:30.000,22,8.0,1.2,2
2021-04-08 11:16:30.001,19,3.1,0.3,1
2021-04-08 12:46:30.000,23,0.0,0.0,0
2021-04-08 13:31:30.000,25,5.2,0.8,1
2021-04-08 14:31:30.000,26,17.0,1.8,4
2021-04-08 15:01:30.001,25,11.7,1.3,2
2021-04-08 16:01:30.000,22,4.7,0.8,2
2021-04-08 17:01:30.000,14,0.0,0.0,0
2021-04-08 18:01:30.001,8,3.3,0.5,1
2021-04-08 19:01:30.000,8,0.0,0.0,0
2021-04-08 20:01:30.000,7,0.0,0.0,0
2021-04-08 21:01:30.001,1,0.0,0.0,0
2021-04-08 22:01:30.001,0,0.0,0.0,0
2021-04-08 23:01:30.000,0,0.0,0.0,0
2021-04-09 00:31:30.000,5,0.0,0.0,0
2021-04-09 01:31:30.000,7,0.0,0.0,0
2021-04-09 02:46:30.000,7,0.7,1.7,1
2021-04-09 03:01:30.000,6,0.0,0.0,0
2021-04-09 04:01:30.000,4,0.0,0.0,0
2021-04-09 05:01:30.000,5,0.0,0.0,0
2021-04-09 05:46:30.001,9,0.0,0.0,0
2021-04-09 06:31:30.000,12,0.0,0.0,0
2021-04-09 07:46:30.000,15,0.0,0.0,0
2021-04-09 08:46:30.000,18,2.7,0.2,1
2021-04-09 09:31:30.001,21,0.0,0.0,0
2021-04-09 10:01:30.001,20,0.0,0.0,0
2021-04-09 11:46:30.000,19,1.3,0.2,1
2021-04-09 12:46:30.001,24,6.6,0.8,1
2021-04-09 13:01:30.001,26,8.8,1.1,1
2021-04-09 14:46:30.000,30,20.8,2.0,3
2021-04-09 15:01:30.000,29,16.2,1.3,1
2021-04-09 16:01:30.000,24,12.8,1.5,3
2021-04-09 17:01:30.000,15,0.0,0.0,0
2021-04-09 18:01:30.000,10,0.0,0.0,0
2021-04-09 19:01:30.001,10,0.0,0.0,0
2021-04-09 20:01:30.001,8,0.0,0.0,0
2021-04-09 21:01:30.000,5,0.0,0.0,0
2021-04-09 22:01:30.001,3,0.0,0.0,0
2021-04-09 23:01:30.001,1,0.0,0.0,0
2021-04-10 00:46:30.000,2,1.0,1.9,1
2021-04-10 01:16:30.000,1,0.0,0.0,0
2021-04-10 02:46:30.000,1,0.0,0.0,0
2021-04-10 03:01:30.001,2,0.0,0.0,0
2021-04-10 04:16:30.000,2,0.0,0.0,0
2021-04-10 05:01:30.001,3,0.0,0.0,0
2021-04-10 06:01:30.000,3,0.0,0.0,0
2021-04-10 06:16:30.000,5,0.0,0.0,0
2021-04-10 07:46:30.000,11,0.0,0.0,0
2021-04-10 08:46:30.000,15,0.0,0.0,0
2021-04-10 09:31:30.001,19,3.9,1.4,1
2021-04-10 10:01:30.001,20,0.0,0.0,0
2021-04-10 11:01:30.000,17,0.0,0.0,0
2021-04-10 12:46:30.000,20,2.2,0.3,1
2021-04-10 13:01:30.000,21,3.0,0.3,1
2021-04-10 14:01:30.001,19,0.0,0.0,0
2021-04-10 15:01:30.000,18,0.0,0.0,0
2021-04-10 16:01:30.000,17,0.0,0.0,0
2021-04-10 17:01:30.001,10,0.0,0.0,0
2021-04-10 18:31:30.001,9,0.0,0.0,0
2021-04-10 19:01:30.001,9,0.0,0.0,0
2021-04-10 20:01:30.000,10,0.0,0.0,0
2021-04-10 21:01:30.000,5,0.0,0.0,0
2021-04-10 22:01:30.000,2,0.0,0.0,0
2021-04-10 23:01:30.001,3,0.0,0.0,0
2021-04-11 00:16:30.001,3,0.0,0.0,0
2021-04-11 01:16:30.000,3,0.0,0.0,0
2021-04-11 02:16:30.000,4,0.0,0.0,0
2021-04-11 03:01:30.000,3,0.0,0.0,0
2021-04-11 04:31:30.000,4,0.0,0.0,0
2021-04-11 05:01:30.000,4,0.0,0.0,0
2021-04-11 06:01:30.001,3,0.0,0.0,0
2021-04-11 07:31:30.000,5,0.0,0.0,0
2021-04-11 08:46:30.000,7,0.0,0.0,0
2021-04-11 09:31:30.001,9,0.0,0.0,0
2021-04-11 10:01:30.000,9,0.0,0.0,0
2021-04-11 11:01:30.001,8,0.0,0.0,0
2021-04-11 12:46:30.000,10,0.0,0.0,0
2021-04-11 13:01:30.001,10,0.0,0.0,0
2021-04-11 14:46:30.000,11,0.0,0.0,0
2021-04-11 15:01:30.001,12,0.0,0.0,0
2021-04-11 16:01:30.001,10,0.0,0.0,0
2021-04-11 17:16:30.000,9,1.8,0.0,1
2021-04-11 18:01:30.000,7,1.2,0.2,1
2021-04-11 19:16:30.000,7,0.0,0.0,0
2021-04-11 20:01:30.000,4,0.0,0.0,0
2021-04-11 21:01:30.000,3,0.0,0.0,0
2021-04-11 22:01:30.001,0,0.0,0.0,0
2021-04-11 23:46:30.000,2,0.0,0.0,0
2021-04-12 00:16:30.001,4,0.0,0.0,0
2021-04-12 01:16:30.000,6,0.0,0.0,0
2021-04-12 02:01:30.000,7,0.0,0.0,0
2021-04-12 03:16:30.001,6,0.0,0.0,0
2021-04-12 04:46:30.000,5,0.0,0.0,0
2021-04-12 05:46:30.001,12,3.1,0.4,1
2021-04-12 06:01:30.000,14,11.2,0.9,3
2021-04-12 06:46:30.000,20,13.2,0.8,3
2021-04-12 07:46:30.000,24,14.7,0.8,3
2021-04-12 08:16:30.001,27,21.0,1.5,5
2021-04-12 09:31:30.000,30,17.5,1.6,4
2021-04-12 10:46:30.000,32,23.3,1.7,5
2021-04-12 11:46:30.000,29,24.8,2.2,6
2021-04-12 12:31:30.001,32,24.8,2.6,7
2021-04-12 13:46:30.001,36,53.9,5.2,14
2021-04-12 14:46:30.001,45,109.0,7.8,19
2021-04-12 15:01:30.000,46,85.0,6.6,16
2021-04-12 16:01:30.000,36,39.9,3.0,9
2021-04-12 17:01:30.000,16,8.0,0.7,2
2021-04-12 18:01:30.001,10,0.0,0.0,0
2021-04-12 19:31:30.000,10,0.0,0.0,0
2021-04-12 20:01:30.001,6,0.0,0.0,0
2021-04-12 21:01:30.000,3,0.0,0.0,0
2021-04-12 22:16:30.001,2,0.0,0.0,0
2021-04-12 23:46:30.001,6,0.0,0.0,0
2021-04-13 00:46:30.000,8,0.0,0.0,0
2021-04-13 01:16:30.000,14,0.9,1.7,1
2021-04-13 02:01:30.000,12,0.0,0.0,0
2021-04-13 03:01:30.000,9,0.0,0.0,0
2021-04-13 04:16:30.000,6,0.0,0.0,0
2021-04-13 05:46:30.000,14,2.2,0.4,1
2021-04-13 06:01:30.000,16,5.6,0.8,3
2021-04-13 06:46:30.000,28,25.8,3.2,6
2021-04-13 07:16:30.001,32,29.4,2.8,6
2021-04-13 08:01:30.000,32,31.0,2.6,7
2021-04-13 09:16:30.000,38,38.5,1.9,6
2021-04-13 10:16:30.000,38,42.5,2.6,8
2021-04-13 11:01:30.000,32,36.2,2.1,7
2021-04-13 12:46:30.000,39,67.5,4.7,14
2021-04-13 13:31:30.000,41,55.7,4.4,11
2021-04-13 14:46:30.000,47,118.0,8.8,22
2021-04-13 15:01:30.000,50,118.7,8.1,20
2021-04-13 16:01:30.000,44,77.4,6.1,16
2021-04-13 17:01:30.000,32,54.3,2.6,11
2021-04-13 18:01:30.001,22,22.6,1.2,4
2021-04-13 19:01:30.001,8,0.0,0.0,0
2021-04-13 20:01:30.000,5,0.0,0.0,0
2021-04-13 21:01:30.000,2,0.0,0.0,0
2021-04-13 22:16:30.000,2,0.0,0.0,0
2021-04-13 23:46:30.000,6,0.0,0.0,0
2021-04-14 00:01:30.000,9,0.0,0.0,0
2021-04-14 01:01:30.001,5,0.0,0.0,0
2021-04-14 02:01:30.000,6,0.0,0.0,0
2021-04-14 03:01:30.001,8,0.0,0.0,0
2021-04-14 04:01:30.000,4,0.0,0.0,0
2021-04-14 05:46:30.000,9,0.0,0.0,0
2021-04-14 06:46:30.000,21,12.9,1.4,3
2021-04-14 07:07:00.001,23,21.4,1.9,5
2021-04-14 08:59:00.000,32,30.0,3.3,8
2021-04-14 09:59:30.000,37,40.6,4.7,10
2021-04-14 10:01:30.368,38,38.8,4.2,9
2021-04-14 11:01:30.000,29,12.7,2.4,5
2021-04-14 12:44:00.000,35,30.6,3.7,7
2021-04-14 13:59:00.000,36,60.5,6.5,13
2021-04-14 14:14:30.000,41,42.4,5.0,9
2021-04-14 15:01:30.001,35,46.7,5.1,12
2021-04-14 16:01:30.000,28,10.8,1.6,5
2021-04-14 17:01:30.000,16,0.0,0.0,0
2021-04-14 18:01:30.000,8,0.0,0.0,0
2021-04-14 19:01:30.000,7,0.0,0.0,0
2021-04-14 20:01:30.001,5,0.0,0.0,0
2021-04-14 21:01:30.000,3,0.0,0.0,0
2021-04-14 22:59:00.001,2,0.0,0.0,0
2021-04-14 23:31:30.001,2,0.0,0.0,0
2021-04-15 00:59:30.001,8,0.5,1.1,1
2021-04-15 01:01:30.001,8,0.5,1.1,1
2021-04-15 02:46:30.000,11,0.9,1.8,1
2021-04-15 03:01:30.000,10,0.0,0.0,0
2021-04-15 04:46:30.000,6,0.0,0.0,0
2021-04-15 05:59:30.000,14,4.3,0.7,2
2021-04-15 06:52:30.000,21,22.1,2.7,4
2021-04-15 07:22:30.000,26,19.9,2.0,4
2021-04-15 08:59:30.000,28,23.6,3.0,5
2021-04-15 09:16:30.000,32,22.7,2.5,5
2021-04-15 10:01:30.000,29,14.8,1.6,3
2021-04-15 11:01:30.000,26,10.3,1.1,2
2021-04-15 12:29:00.000,31,26.7,2.6,5
2021-04-15 13:59:00.000,35,48.8,6.0,8
2021-04-15 14:37:30.000,46,88.1,9.8,18
2021-04-15 15:01:30.000,41,38.1,5.4,8
2021-04-15 16:01:30.001,29,21.6,2.7,6
2021-04-15 17:01:30.000,16,0.0,0.0,0
2021-04-15 18:01:30.000,9,0.0,0.0,0
2021-04-15 19:22:30.000,8,0.0,0.0,0
2021-04-15 20:01:30.000,4,0.0,0.0,0
2021-04-15 21:01:30.001,3,0.0,0.0,0
2021-04-15 22:01:30.000,0,0.0,0.0,0
2021-04-15 23:14:30.000,2,0.0,0.0,0
2021-04-16 00:59:30.000,2,0.8,1.8,1
2021-04-16 01:44:30.001,5,0.0,0.0,0
2021-04-16 02:22:30.000,5,0.0,0.0,0
2021-04-16 03:01:30.009,4,0.0,0.0,0
2021-04-16 04:29:30.000,4,0.0,0.0,0
2021-04-16 05:01:30.000,4,0.0,0.0,0
2021-04-16 05:59:00.000,11,12.2,1.0,2
2021-04-16 06:59:00.000,20,11.7,1.6,3
2021-04-16 07:01:30.000,20,11.0,1.6,3
2021-04-16 08:31:30.008,23,10.6,1.3,3
2021-04-16 09:46:30.000,28,22.7,3.5,6
2021-04-16 10:01:30.001,26,15.4,2.0,3
2021-04-16 11:59:30.000,25,18.5,3.0,5
2021-04-16 12:46:30.000,35,31.4,4.3,7
2021-04-16 13:01:30.000,32,28.2,3.4,5
2021-04-16 14:37:00.001,35,40.8,5.5,9
2021-04-16 15:01:30.001,29,17.1,2.6,4
2021-04-16 16:01:30.001,20,5.1,0.8,1
2021-04-16 17:01:30.000,14,0.0,0.0,0
2021-04-16 18:07:30.000,9,0.0,0.0,0
2021-04-16 19:14:30.000,8,0.0,0.0,0
2021-04-16 20:14:30.000,8,2.5,0.2,1
2021-04-16 21:07:30.006,4,0.0,0.0,0
2021-04-16 22:01:30.000,1,0.0,0.0,0
2021-04-16 23:01:30.001,0,0.0,0.0,0
2021-04-17 00:01:30.000,1,0.0,0.0,0
2021-04-17 01:59:30.001,5,0.0,0.0,0
2021-04-17 02:07:30.000,10,0.0,0.0,0
2021-04-17 03:01:30.001,6,0.6,1.5,1
2021-04-17 04:22:30.000,4,0.0,0.0,0
2021-04-17 05:44:00.000,4,0.0,0.0,0
2021-04-17 06:59:30.000,6,0.0,0.0,0
2021-04-17 07:59:30.001,11,0.0,0.0,0
2021-04-17 08:59:00.000,15,0.0,0.0,0
2021-04-17 09:29:00.000,19,0.0,0.0,0
2021-04-17 10:01:30.001,21,4.5,0.8,1
2021-04-17 11:46:30.000,20,5.4,0.8,1
2021-04-17 12:31:30.001,22,5.9,1.1,2
2021-04-17 13:01:30.000,23,10.6,1.0,2
2021-04-17 14:16:30.000,21,3.0,0.4,1
2021-04-17 15:01:30.001,20,9.9,0.9,3
2021-04-17 16:31:30.000,19,2.5,0.5,1
2021-04-17 17:01:30.004,15,0.0,0.0,0
2021-04-17 18:01:30.000,9,3.0,0.2,1
2021-04-17 19:16:30.000,8,0.0,0.0,0
2021-04-17 20:31:30.000,8,0.0,0.0,0
2021-04-17 21:01:30.000,6,2.3,0.2,1
2021-04-17 22:01:30.000,3,0.0,0.0,0
2021-04-17 23:01:30.000,0,0.0,0.0,0
2021-04-18 00:01:30.000,0,0.0,0.0,0
2021-04-18 01:01:30.001,0,0.0,0.0,0
2021-04-18 02:16:30.000,3,0.0,0.0,0
2021-04-18 03:01:30.000,1,0.0,0.0,0
2021-04-18 04:01:30.000,1,0.0,0.0,0
2021-04-18 05:31:30.000,1,0.0,0.0,0
2021-04-18 06:16:30.000,2,0.0,0.0,0
2021-04-18 07:46:30.001,4,0.0,0.0,0
2021-04-18 08:46:30.000,7,0.0,0.0,0
2021-04-18 09:46:30.000,9,0.0,0.0,0
2021-04-18 10:16:30.000,10,0.0,0.0,0
2021-04-18 11:01:30.001,8,0.0,0.0,0
2021-04-18 12:31:30.001,12,0.0,0.0,0
2021-04-18 13:46:30.001,15,4.2,0.4,2
2021-04-18 14:01:30.001,15,5.2,0.4,2
2021-04-18 15:31:30.000,14,0.0,0.0,0
2021-04-18 16:01:30.001,13,0.0,0.0,0
2021-04-18 17:01:30.000,9,5.4,0.2,1
2021-04-18 18:01:30.000,8,2.1,0.3,1
2021-04-18 19:31:30.000,7,2.7,0.3,1
2021-04-18 20:01:30.000,6,0.0,0.0,0
2021-04-18 21:01:30.000,2,0.0,0.0,0
2021-04-18 22:01:30.000,0,0.0,0.0,0
2021-04-18 23:16:30.088,2,0.0,0.0,0
2021-04-19 00:46:30.000,3,0.0,0.0,0
2021-04-19 01:46:30.000,6,0.0,0.0,0
2021-04-19 02:46:30.000,8,0.0,0.0,0
2021-04-19 03:01:30.001,5,0.0,0.0,0
2021-04-19 04:16:30.001,3,0.0,0.0,0
2021-04-19 04:46:30.000,5,0.0,0.0,0
2021-04-19 05:46:30.000,17,13.4,2.6,4
2021-04-19 06:31:30.000,50,82.2,9.1,17
2021-04-19 07:01:30.000,32,11.9,1.1,3
2021-04-19 08:46:30.000,18,4.0,0.1,1
2021-04-19 09:01:30.000,18,3.2,0.3,1
2021-04-19 10:01:30.000,19,0.0,0.0,0
2021-04-19 11:46:30.001,20,0.0,0.0,0
2021-04-19 12:46:30.000,23,1.9,0.4,1
2021-04-19 13:46:30.000,31,22.0,2.3,4
2021-04-19 14:46:30.000,52,67.3,8.1,14
2021-04-19 15:01:30.288,47,67.7,7.1,14
2021-04-19 16:01:30.000,26,0.0,0.0,0
2021-04-19 17:01:30.000,13,0.0,0.0,0
2021-04-19 18:01:30.000,9,0.0,0.0,0
2021-04-19 19:01:30.000,7,0.0,0.0,0
2021-04-19 20:01:30.001,6,0.0,0.0,0
2021-04-19 21:01:30.000,3,0.0,0.0,0
2021-04-19 22:46:30.000,1,0.0,0.0,0
2021-04-19 23:16:30.000,2,0.0,0.0,0
2021-04-20 00:46:30.000,6,0.0,0.0,0
2021-04-20 01:01:30.000,5,0.0,0.0,0
2021-04-20 02:01:30.000,5,0.0,0.0,0
2021-04-20 03:01:30.000,7,0.0,0.0,0
2021-04-20 04:31:30.000,5,0.0,0.0,0
2021-04-20 05:46:30.000,18,15.5,2.1,3
2021-04-20 06:31:30.000,44,57.0,7.0,16
2021-04-20 07:01:30.000,31,2.7,0.6,1
2021-04-20 08:16:30.000,21,0.0,0.0,0
2021-04-20 09:01:30.000,23,3.9,0.7,1
2021-04-20 10:01:30.001,21,2.2,0.4,1
2021-04-20 11:46:30.000,21,2.3,0.5,1
2021-04-20 12:46:30.000,25,15.9,1.3,3
2021-04-20 13:46:30.000,35,28.0,3.0,5
2021-04-20 14:46:30.001,54,107.2,11.7,20
2021-04-20 15:01:30.000,56,97.5,11.4,19
2021-04-20 16:01:30.000,28,0.0,0.0,0
2021-04-20 17:01:30.000,12,0.0,0.0,0
2021-04-20 18:01:30.000,8,1.4,0.3,1
2021-04-20 19:16:30.000,8,0.0,0.0,0
2021-04-20 20:01:30.000,6,0.0,0.0,0
2021-04-20 21:01:30.000,1,0.0,0.0,0
2021-04-20 22:31:30.000,3,0.0,0.0,0
2021-04-20 23:01:30.000,1,0.0,0.0,0
2021-04-21 00:31:30.000,5,0.0,0.0,0
2021-04-21 01:46:30.000,5,0.0,0.0,0
2021-04-21 02:01:30.001,3,0.0,0.0,0
2021-04-21 03:16:30.000,3,0.0,0.0,0
2021-04-21 04:31:30.001,4,0.0,0.0,0
2021-04-21 04:46:30.001,5,0.0,0.0,0
2021-04-21 05:46:30.000,13,6.0,1.1,2
2021-04-21 06:31:30.000,39,52.1,5.6,13
2021-04-21 07:01:30.000,27,7.9,0.7,3
2021-04-21 08:46:30.000,24,8.4,0.7,2
2021-04-21 09:31:30.000,27,7.0,0.7,2
2021-04-21 10:46:30.000,50,63.8,5.7,14
2021-04-21 11:01:30.000,43,31.6,2.8,7
2021-04-21 12:29:00.000,26,3.5,0.6,1
2021-04-21 13:59:00.000,27,10.0,1.5,3
2021-04-21 14:44:30.000,30,12.7,1.8,3
2021-04-21 15:01:30.001,30,9.8,1.5,2
2021-04-21 16:01:30.000,26,5.5,0.8,1
2021-04-21 17:01:30.000,15,2.8,0.3,1
2021-04-21 18:01:30.000,9,0.0,0.0,0
2021-04-21 19:22:30.000,8,0.0,0.0,0
2021-04-21 20:07:30.001,8,0.0,0.0,0
2021-04-21 21:01:30.001,3,0.0,0.0,0
2021-04-21 22:07:30.000,2,0.0,0.0,0
2021-04-21 23:01:30.000,0,0.0,0.0,0
2021-04-22 00:59:30.000,7,0.0,0.0,0
2021-04-22 01:59:30.001,8,0.6,1.6,1
2021-04-22 02:01:30.000,8,0.6,1.6,1
2021-04-22 03:01:30.000,4,0.0,0.0,0
2021-04-22 04:14:00.000,2,0.0,0.0,0
2021-04-22 04:52:30.000,5,0.0,0.0,0
2021-04-22 05:59:30.000,25,28.3,5.2,9
2021-04-22 06:29:30.000,46,62.9,10.8,19
2021-04-22 07:01:30.001,30,0.8,0.6,1
2021-04-22 08:37:30.000,24,2.6,0.2,1
2021-04-22 09:07:30.001,24,2.9,0.3,1
2021-04-22 10:14:30.001,23,2.6,0.5,1
2021-04-22 11:59:00.000,24,6.9,0.9,1
2021-04-22 12:59:00.001,30,14.1,2.6,3
2021-04-22 13:59:30.000,43,84.6,7.8,14
2021-04-22 14:46:30.000,47,72.7,9.1,16
2021-04-22 15:01:30.000,45,44.2,6.1,10
2021-04-22 16:01:30.001,26,7.7,1.0,1
2021-04-22 17:01:30.000,14,0.0,0.0,0
2021-04-22 18:01:30.000,9,0.0,0.0,0
2021-04-22 19:01:30.000,9,0.0,0.0,0
2021-04-22 20:01:30.001,7,0.0,0.0,0
2021-04-22 21:01:30.000,1,0.0,0.0,0
2021-04-22 22:01:30.000,0,0.0,0.0,0
2021-04-22 23:44:00.001,2,0.0,0.0,0
2021-04-23 00:59:30.000,6,0.0,0.0,0
2021-04-23 01:22:30.001,9,0.0,0.0,0
2021-04-23 02:16:30.001,7,0.0,0.0,0
2021-04-23 03:37:30.000,3,0.0,0.0,0
2021-04-23 04:52:30.000,5,0.0,0.0,0
2021-04-23 05:01:30.001,5,0.0,0.0,0
2021-04-23 05:59:00.000,21,9.5,1.3,2
2021-04-23 06:29:00.000,41,44.3,5.4,12
2021-04-23 07:01:30.001,29,8.6,1.4,3
2021-04-23 08:44:30.001,23,0.0,0.0,0
2021-04-23 09:16:30.000,25,7.3,0.7,2
2021-04-23 10:37:30.000,24,2.9,0.2,1
2021-04-23 11:01:30.001,24,2.3,0.5,1
2021-04-23 12:01:30.000,23,2.4,0.3,1
2021-04-23 12:59:30.000,32,33.8,3.7,5
2021-04-23 13:59:30.000,46,53.7,6.9,12
2021-04-23 14:44:00.000,52,103.6,11.3,20
2021-04-23 15:01:30.000,51,74.6,7.6,17
2021-04-23 16:14:30.001,40,34.7,2.2,6
2021-04-23 17:01:30.001,25,3.3,0.8,1
2021-04-23 18:01:30.000,11,0.0,0.0,0
2021-04-23 19:01:30.000,8,0.0,0.0,0
2021-04-23 20:01:30.000,7,0.0,0.0,0
2021-04-23 21:07:30.001,3,0.0,0.0,0
2021-04-23 22:52:30.000,2,0.0,0.0,0
2021-04-23 23:14:30.001,3,0.0,0.0,0
2021-04-24 00:01:30.000,1,0.0,0.0,0
2021-04-24 01:44:30.001,4,0.0,0.0,0
2021-04-24 02:22:30.000,7,0.0,0.0,0
2021-04-24 03:22:00.000,6,0.5,1.4,1
2021-04-24 04:01:30.000,3,0.0,0.0,0
2021-04-24 05:22:30.000,3,0.0,0.0,0
2021-04-24 06:59:00.001,7,0.0,0.0,0
2021-04-24 07:59:30.000,13,0.0,0.0,0
2021-04-24 08:59:30.000,20,3.3,0.6,1
2021-04-24 09:52:30.000,24,6.4,0.9,2
2021-04-24 10:01:30.000,24,6.0,1.0,2
2021-04-24 11:01:30.000,21,2.4,0.4,1
2021-04-24 12:46:30.001,28,11.7,1.2,2
2021-04-24 13:01:30.000,26,9.3,0.8,1
2021-04-24 14:59:00.001,25,12.4,2.0,3
2021-04-24 15:37:30.000,28,9.5,2.1,2
2021-04-24 16:01:30.000,23,8.1,1.1,2
2021-04-24 17:01:30.000,15,0.0,0.0,0
2021-04-24 18:07:30.001,11,0.0,0.0,0
2021-04-24 19:07:00.000,8,0.0,0.0,0
2021-04-24 20:01:30.000,7,0.0,0.0,0
2021-04-24 21:01:30.000,4,0.0,0.0,0
2021-04-24 22:01:30.000,0,0.0,0.0,0
2021-04-24 23:31:30.001,1,0.0,0.0,0
2021-04-25 00:01:30.000,0,0.0,0.0,0
2021-04-25 01:37:30.000,2,0.0,0.0,0
2021-04-25 02:07:30.000,1,0.0,0.0,0
2021-04-25 03:52:30.000,2,0.0,0.0,0
2021-04-25 04:37:30.000,2,0.9,1.6,1
2021-04-25 05:59:30.000,3,0.0,0.0,0
2021-04-25 06:01:30.001,3,0.0,0.0,0
2021-04-25 07:59:30.000,7,0.0,0.0,0
2021-04-25 08:59:30.000,10,0.0,0.0,0
2021-04-25 09:46:30.000,12,0.0,0.0,0
2021-04-25 10:01:30.000,11,0.0,0.0,0
2021-04-25 11:01:30.000,10,2.7,0.2,1
2021-04-25 12:52:30.001,13,0.0,0.0,0
2021-04-25 13:22:00.001,14,2.6,0.2,1
2021-04-25 14:46:30.000,15,14.4,1.6,3
2021-04-25 15:37:30.000,15,4.6,0.9,2
2021-04-25 16:01:30.000,14,5.7,0.6,2
2021-04-25 17:01:30.000,10,0.0,0.0,0
2021-04-25 18:01:30.001,8,0.0,0.0,0
2021-04-25 19:01:30.001,7,0.0,0.0,0
2021-04-25 20:01:30.000,5,0.0,0.0,0
2021-04-25 21:01:30.000,4,0.0,0.0,0
2021-04-25 22:01:30.000,0,0.0,0.0,0
2021-04-25 23:22:30.000,1,0.0,0.0,0
2021-04-26 00:59:30.001,8,0.0,0.0,0
2021-04-26 01:07:30.001,9,0.0,0.0,0
2021-04-26 02:44:30.001,5,0.0,0.0,0
2021-04-26 03:59:30.000,4,0.0,0.0,0
2021-04-26 04:59:30.001,7,0.0,0.0,0
2021-04-26 05:14:30.000,8,0.0,0.0,0
2021-04-26 05:59:00.000,26,20.9,4.0,6
2021-04-26 06:29:00.001,45,58.7,8.0,17
2021-04-26 07:01:30.001,34,12.9,1.5,4
2021-04-26 08:52:30.000,24,15.8,1.8,2
2021-04-26 09:29:00.000,27,14.0,1.0,1
2021-04-26 10:46:30.001,27,14.3,2.1,3
2021-04-26 11:01:30.000,26,5.7,0.7,1
2021-04-26 12:59:00.000,32,22.8,3.5,5
2021-04-26 13:59:30.000,44,53.8,7.0,10
2021-04-26 14:37:30.000,46,56.6,6.3,13
2021-04-26 15:01:30.000,44,34.4,3.8,9
2021-04-26 16:01:30.000,25,0.0,0.0,0
2021-04-26 17:01:30.000,13,0.0,0.0,0
2021-04-26 18:01:30.000,8,0.0,0.0,0
2021-04-26 19:14:30.000,7,0.0,0.0,0
2021-04-26 20:01:30.000,6,0.0,0.0,0
2021-04-26 21:01:30.000,2,0.0,0.0,0
2021-04-26 22:37:30.001,4,0.0,0.0,0
2021-04-26 23:07:30.001,4,0.0,0.0,0
2021-04-27 00:14:00.000,4,0.0,0.0,0
2021-04-27 01:46:30.001,10,0.5,1.2,1
2021-04-27 02:22:30.000,10,0.0,0.0,0
2021-04-27 03:01:30.001,4,0.0,0.0,0
2021-04-27 04:52:00.000,6,0.0,0.0,0
2021-04-27 05:01:30.001,5,0.0,0.0,0
2021-04-27 05:59:00.001,27,24.0,5.0,9
2021-04-27 06:31:30.001,48,70.8,8.8,19
2021-04-27 07:01:30.000,37,16.3,2.6,5
2021-04-27 08:52:00.000,25,6.3,0.9,2
2021-04-27 09:01:30.000,26,3.9,0.8,2
2021-04-27 10:14:30.000,29,16.8,2.8,5
2021-04-27 11:59:30.001,26,13.4,1.9,3
2021-04-27 12:59:30.000,32,21.2,2.6,3
2021-04-27 13:59:00.000,41,42.6,6.4,13
2021-04-27 14:44:30.000,53,105.8,14.0,21
2021-04-27 15:01:30.000,53,59.1,6.9,14
2021-04-27 16:01:30.001,32,12.6,1.5,3
2021-04-27 17:01:30.001,17,3.4,0.2,1
2021-04-27 18:01:30.000,9,0.0,0.0,0
2021-04-27 19:59:30.000,8,0.0,0.0,0
2021-04-27 20:07:30.001,8,0.0,0.0,0
2021-04-27 21:16:30.000,2,0.0,0.0,0
2021-04-27 22:01:30.001,0,0.0,0.0,0
2021-04-27 23:52:30.001,6,0.0,0.0,0
2021-04-28 00:01:30.000,5,0.0,0.0,0
2021-04-28 01:52:30.001,9,3.3,2.4,1
2021-04-28 02:01:30.000,8,0.0,0.0,0
2021-04-28 03:01:30.000,5,0.0,0.0,0
2021-04-28 04:59:30.000,5,0.0,0.0,0
2021-04-28 05:59:00.000,23,16.2,3.1,6
2021-04-28 06:01:30.000,25,19.6,4.0,7
2021-04-28 06:22:30.000,38,39.0,6.2,10
2021-04-28 07:01:30.001,28,6.5,0.5,1
2021-04-28 08:44:30.000,28,8.1,0.9,1
2021-04-28 09:59:00.000,34,23.3,2.8,4
2021-04-28 10:29:30.001,45,69.7,7.2,16
2021-04-28 11:01:30.000,43,29.6,3.2,5
2021-04-28 12:59:30.000,36,31.3,2.9,3
2021-04-28 13:44:00.000,38,32.4,3.3,4
2021-04-28 14:37:30.001,42,47.3,6.9,13
2021-04-28 15:01:30.000,41,35.9,3.6,7
2021-04-28 16:01:30.001,32,14.6,2.3,5
2021-04-28 17:01:30.000,19,0.0,0.0,0
2021-04-28 18:01:30.000,9,0.0,0.0,0
2021-04-28 19:01:30.000,8,0.0,0.0,0
2021-04-28 20:01:30.000,8,0.0,0.0,0
2021-04-28 21:01:30.000,2,0.0,0.0,0
2021-04-28 22:01:30.000,0,0.0,0.0,0
2021-04-28 23:22:30.000,5,0.0,0.0,0
2021-04-29 00:59:30.001,9,0.0,0.0,0
2021-04-29 01:01:30.000,9,0.0,0.0,0
2021-04-29 02:01:30.000,6,0.4,1.3,1
2021-04-29 03:44:00.000,3,0.0,0.0,0
2021-04-29 04:59:30.000,5,0.0,0.0,0
2021-04-29 05:59:00.000,26,30.4,5.0,7
2021-04-29 06:29:30.001,47,58.8,8.1,15
2021-04-29 07:01:30.000,36,11.0,1.9,4
2021-04-29 08:52:00.000,36,15.1,2.6,4
2021-04-29 09:01:30.001,37,16.4,3.6,6
2021-04-29 10:01:30.000,32,9.2,1.0,2
2021-04-29 10:46:30.000,33,20.5,2.1,4
2021-04-29 11:01:30.000,34,19.8,2.2,5
2021-04-29 12:46:30.000,31,10.6,1.6,2
2021-04-29 13:46:30.000,40,45.7,5.5,10
2021-04-29 14:46:30.000,50,78.7,8.8,19
2021-04-29 15:01:30.000,49,76.5,8.8,19
2021-04-29 16:01:30.000,32,12.5,1.6,4
2021-04-29 17:01:30.001,17,0.0,0.0,0
2021-04-29 18:01:30.000,9,0.0,0.0,0
2021-04-29 19:16:30.000,7,0.0,0.0,0
2021-04-29 20:01:30.001,6,0.0,0.0,0
2021-04-29 21:16:30.000,3,0.0,0.0,0
2021-04-29 22:01:30.000,0,0.0,0.0,0
2021-04-29 23:31:30.000,2,0.0,0.0,0
2021-04-30 00:46:30.000,4,0.0,0.0,0
2021-04-30 01:01:30.000,4,0.0,0.0,0
2021-04-30 02:01:30.000,2,0.0,0.0,0
2021-04-30 03:31:30.000,2,0.0,0.0,0
2021-04-30 04:46:30.001,4,0.0,0.0,0
2021-04-30 05:46:30.000,10,0.0,0.0,0
2021-04-30 06:46:30.000,16,2.9,1.1,1
2021-04-30 07:46:30.000,21,2.0,1.0,1
2021-04-30 08:46:30.000,26,9.9,1.6,3
2021-04-30 09:46:30.000,31,23.1,3.6,6
2021-04-30 10:16:30.000,34,18.3,3.9,6
2021-04-30 11:01:30.001,32,20.2,3.6,6
2021-04-30 12:46:30.000,37,40.7,4.6,9
2021-04-30 13:46:30.001,43,31.4,4.8,6
2021-04-30 14:31:30.001,48,81.3,9.6,17
2021-04-30 14:46:30.000,50,68.3,10.3,19
2021-04-30 15:01:30.000,50,79.1,8.2,19
2021-04-30 16:01:30.001,43,29.4,2.7,6
2021-04-30 17:01:30.000,30,16.8,1.5,3
2021-04-30 18:01:30.000,12,0.0,0.0,0
2021-04-30 19:01:30.000,9,2.9,0.3,1
2021-04-30 20:01:30.000,7,0.0,0.0,0
2021-04-30 21:01:30.001,6,4.5,0.7,1
2021-04-30 22:01:30.000,2,0.0,0.0,0
2021-04-30 23:01:30.001,1,0.0,0.0,0
2021-05-01 00:01:30.000,0,0.0,0.0,0
2021-05-01 01:01:30.001,0,0.0,0.0,0
2021-05-01 02:46:30.000,3,0.0,0.0,0
2021-05-01 03:01:30.000,4,0.0,0.0,0
2021-05-01 04:01:30.001,0,0.0,0.0,0
2021-05-01 05:16:30.000,1,0.0,0.0,0
2021-05-01 06:46:30.000,4,0.0,0.0,0
2021-05-01 07:31:30.000,7,0.0,0.0,0
2021-05-01 08:46:30.000,14,6.2,0.3,1
2021-05-01 09:46:30.000,19,2.5,0.8,1
2021-05-01 10:01:30.000,19,0.0,0.0,0
2021-05-01 11:01:30.000,17,2.9,0.6,1
2021-05-01 12:16:30.001,19,4.1,0.5,1
2021-05-01 13:16:30.000,21,7.4,0.9,2
2021-05-01 14:16:30.000,21,4.4,0.6,1
2021-05-01 15:31:30.000,21,4.7,0.9,2
2021-05-01 16:01:30.000,18,0.0,0.0,0
2021-05-01 17:01:30.001,11,0.0,0.0,0
2021-05-01 18:46:30.000,9,0.0,0.0,0
2021-05-01 19:01:30.000,8,0.0,0.0,0
2021-05-01 20:01:30.000,7,0.0,0.0,0
2021-05-01 21:01:30.001,4,0.0,0.0,0
2021-05-01 22:01:30.000,2,0.0,0.0,0
2021-05-01 23:01:30.000,0,0.0,0.0,0
2021-05-02 00:16:30.001,2,0.0,0.0,0
2021-05-02 01:31:30.000,2,0.0,0.0,0
2021-05-02 02:01:30.001,2,0.0,0.0,0
2021-05-02 03:01:30.001,0,0.0,0.0,0
2021-05-02 04:46:30.000,1,0.0,0.0,0
2021-05-02 05:16:30.000,2,0.0,0.0,0
2021-05-02 06:46:30.000,4,0.0,0.0,0
2021-05-02 07:31:30.000,6,0.0,0.0,0
2021-05-02 08:46:30.000,9,0.0,0.0,0
2021-05-02 09:46:30.001,11,0.0,0.0,0
2021-05-02 10:16:30.000,12,0.0,0.0,0
2021-05-02 11:01:30.000,10,0.0,0.0,0
2021-05-02 12:31:30.000,11,0.0,0.0,0
2021-05-02 13:31:30.000,13,2.8,0.3,1
2021-05-02 14:31:30.000,13,0.0,0.0,0
2021-05-02 15:01:30.000,12,2.3,0.2,1
2021-05-02 16:01:30.000,12,0.0,0.0,0
2021-05-02 17:01:30.000,11,0.0,0.0,0
2021-05-02 18:16:30.000,8,2.7,0.2,1
2021-05-02 19:16:30.000,7,0.0,0.0,0
2021-05-02 20:01:30.000,7,0.0,0.0,0
2021-05-02 21:01:30.000,3,0.0,0.0,0
2021-05-02 22:01:30.001,1,0.0,0.0,0
2021-05-02 23:31:30.000,3,0.0,0.0,0
2021-05-03 00:01:30.000,2,0.0,0.0,0
2021-05-03 01:31:30.000,3,0.0,0.0,0
2021-05-03 02:46:30.000,5,0.0,0.0,0
2021-05-03 03:01:30.000,4,0.0,0.0,0
2021-05-03 04:46:30.000,4,0.0,0.0,0
2021-05-03 05:46:30.001,16,7.1,1.7,2
2021-05-03 06:01:30.000,27,33.5,5.9,8
2021-05-03 06:31:30.000,50,74.9,10.2,19
2021-05-03 07:01:30.000,37,22.0,3.3,2
2021-05-03 08:46:30.001,23,3.4,0.4,2
2021-05-03 09:31:30.000,26,10.6,1.2,3
2021-05-03 10:46:30.000,27,4.6,0.4,2
2021-05-03 11:01:30.000,25,0.0,0.0,0
2021-05-03 12:46:30.000,26,5.3,1.2,2
2021-05-03 13:46:30.000,39,54.7,7.3,14
2021-05-03 14:46:30.000,47,77.1,9.9,18
2021-05-03 15:01:30.000,48,58.6,8.2,15
2021-05-03 16:01:30.000,31,3.3,0.7,1
2021-05-03 17:01:30.000,16,0.0,0.0,0
2021-05-03 18:01:30.000,9,0.0,0.0,0
2021-05-03 19:16:30.000,9,0.8,0.2,1
2021-05-03 20:01:30.000,6,0.0,0.0,0
2021-05-03 21:01:30.001,1,0.0,0.0,0
2021-05-03 22:16:30.000,2,0.0,0.0,0
2021-05-03 23:31:30.000,6,0.0,0.0,0
2021-05-04 00:46:30.000,7,0.0,0.0,0
2021-05-04 01:16:30.000,12,0.0,0.0,0
2021-05-04 02:16:30.000,11,0.7,1.8,1
2021-05-04 03:01:30.001,10,0.0,0.0,0
2021-05-04 04:31:30.000,5,0.0,0.0,0
2021-05-04 05:31:30.341,11,2.0,1.0,1
2021-05-04 05:46:30.000,17,8.0,1.8,3
2021-05-04 06:31:30.000,47,71.7,9.2,19
2021-05-04 07:01:30.000,34,3.8,0.4,1
2021-05-04 08:46:30.001,27,9.4,1.3,3
2021-05-04 09:01:30.000,29,6.3,0.7,1
2021-05-04 10:01:30.000,28,3.6,0.4,1
2021-05-04 11:01:30.000,24,0.0,0.0,0
2021-05-04 12:46:30.000,27,5.7,1.6,2
2021-05-04 13:46:30.000,38,37.3,5.8,12
2021-05-04 14:46:30.000,51,100.9,12.9,21
2021-05-04 15:01:30.000,50,57.4,6.7,14
2021-05-04 16:01:30.001,29,3.5,0.8,1
2021-05-04 17:01:30.001,14,0.0,0.0,0
2021-05-04 18:01:30.001,9,0.0,0.0,0
2021-05-04 19:01:30.000,7,0.0,0.0,0
2021-05-04 20:01:30.001,5,0.0,0.0,0
2021-05-04 21:16:30.000,4,0.0,0.0,0
2021-05-04 22:01:30.000,0,0.0,0.0,0
2021-05-04 23:16:30.000,4,0.0,0.0,0
2021-05-05 00:46:30.000,10,0.0,0.0,0
2021-05-05 01:46:30.001,12,0.0,0.0,0
2021-05-05 02:01:30.000,9,0.0,0.0,0
2021-05-05 03:01:30.000,3,0.0,0.0,0
2021-05-05 04:16:30.000,4,0.0,0.0,0
2021-05-05 05:46:30.000,15,1.0,0.6,1
2021-05-05 06:31:30.000,39,47.0,7.2,14
2021-05-05 07:01:30.000,26,0.0,0.0,0
2021-05-05 08:46:30.000,30,12.0,1.4,3
2021-05-05 09:16:30.000,30,11.2,1.9,3
2021-05-05 10:46:30.000,51,37.8,5.8,8
2021-05-05 11:01:30.001,41,17.5,2.4,5
2021-05-05 12:31:30.000,36,32.4,3.6,5
2021-05-05 13:01:30.001,33,8.4,1.3,2
2021-05-05 14:46:30.000,36,29.1,4.8,7
2021-05-05 15:01:30.001,37,28.3,4.3,8
2021-05-05 16:01:30.000,30,13.8,2.2,4
2021-05-05 17:01:30.000,17,2.7,0.3,1
2021-05-05 18:01:30.000,9,0.0,0.0,0
2021-05-05 19:16:30.000,8,0.0,0.0,0
2021-05-05 20:01:30.000,7,0.0,0.0,0
2021-05-05 21:31:30.000,4,0.0,0.0,0
2021-05-05 22:01:30.001,2,0.0,0.0,0
2021-05-05 23:31:30.001,3,0.0,0.0,0
2021-05-06 00:31:30.000,7,0.0,0.0,0
2021-05-06 01:16:30.000,6,0.0,0.0,0
2021-05-06 02:01:30.001,4,0.0,0.0,0
2021-05-06 03:01:30.001,3,0.0,0.0,0
2021-05-06 04:46:30.000,4,0.0,0.0,0
2021-05-06 05:46:30.000,16,6.6,1.6,3
2021-05-06 06:31:30.000,42,33.7,5.5,11
2021-05-06 07:01:30.000,31,5.3,0.9,3
2021-05-06 08:46:30.001,26,5.2,1.2,2
2021-05-06 09:01:30.000,27,2.2,0.3,1
2021-05-06 10:16:30.000,27,9.2,1.1,3
2021-05-06 11:01:30.000,27,6.8,1.1,2
2021-05-06 12:01:30.000,26,2.6,0.5,1
2021-05-06 13:46:30.000,41,56.7,8.0,14
2021-05-06 14:31:30.001,53,91.4,11.3,18
2021-05-06 15:01:30.000,52,64.9,10.3,18
2021-05-06 16:01:30.000,31,5.3,0.8,2
2021-05-06 17:01:30.001,16,2.9,0.4,1
2021-05-06 18:01:30.000,10,0.0,0.0,0
2021-05-06 19:31:30.000,10,0.0,0.0,0
2021-05-06 20:01:30.000,10,0.0,0.0,0
2021-05-06 21:01:30.000,3,0.0,0.0,0
2021-05-06 22:31:30.001,2,0.0,0.0,0
2021-05-06 23:46:30.000,1,0.0,0.0,0
2021-05-07 00:01:30.000,1,0.0,0.0,0
2021-05-07 01:31:30.000,2,0.0,0.0,0
2021-05-07 02:01:30.000,3,0.0,0.0,0
2021-05-07 03:01:30.000,5,0.0,0.0,0
2021-05-07 04:01:30.001,1,0.0,0.0,0
2021-05-07 04:46:30.001,4,0.0,0.0,0
2021-05-07 05:46:30.001,16,6.1,1.0,3
2021-05-07 06:31:30.000,39,24.4,2.9,6
2021-05-07 07:01:30.000,31,22.9,1.9,4
2021-05-07 08:31:30.000,24,7.5,1.0,2
2021-05-07 09:31:30.000,28,10.9,1.0,2
2021-05-07 10:46:30.000,29,11.8,2.0,4
2021-05-07 11:46:30.000,29,8.4,1.2,2
2021-05-07 12:46:30.000,34,18.0,2.5,4
2021-05-07 13:46:30.000,48,90.7,11.9,20
2021-05-07 14:46:30.001,67,224.4,21.7,35
2021-05-07 15:01:30.001,72,176.5,18.4,27
2021-05-07 16:01:30.000,48,76.1,7.7,11
2021-05-07 17:01:30.001,27,5.2,0.8,1
2021-05-07 18:01:00.000,12,0.0,0.0,0
2021-05-07 19:16:30.001,9,2.7,0.4,1
2021-05-07 20:16:30.000,11,2.3,0.3,1
2021-05-07 21:16:30.001,7,9.8,0.8,2
2021-05-07 22:01:30.001,4,0.0,0.0,0
2021-05-07 23:01:30.001,2,0.0,0.0,0
2021-05-08 00:31:30.001,1,0.0,0.0,0
2021-05-08 01:46:30.000,1,0.0,0.0,0
2021-05-08 02:31:30.000,4,0.0,0.0,0
2021-05-08 03:01:30.001,2,0.0,0.0,0
2021-05-08 04:16:30.000,3,0.0,0.0,0
2021-05-08 05:16:30.000,3,0.0,0.0,0
2021-05-08 06:46:30.000,8,0.0,0.0,0
2021-05-08 07:46:30.000,16,0.0,0.0,0
2021-05-08 08:46:30.000,26,6.7,1.5,2
2021-05-08 09:46:30.000,37,24.3,4.0,6
2021-05-08 10:01:30.000,39,34.3,4.8,9
2021-05-08 11:01:30.000,29,7.8,1.1,3
2021-05-08 12:46:30.001,36,28.1,4.7,9
2021-05-08 13:01:30.001,37,22.2,3.5,7
2021-05-08 14:46:30.000,36,17.8,1.8,4
2021-05-08 15:01:30.000,35,27.2,3.6,7
2021-05-08 16:01:30.001,32,17.6,1.8,5
2021-05-08 17:01:30.000,24,7.4,1.3,3
2021-05-08 18:01:30.000,13,0.0,0.0,0
2021-05-08 19:46:30.000,11,0.0,0.0,0
2021-05-08 20:46:30.000,10,7.2,0.6,2
2021-05-08 21:01:30.001,9,14.6,0.8,2
2021-05-08 22:01:30.000,7,3.5,0.3,1
2021-05-08 23:01:30.001,6,2.7,0.3,1
2021-05-09 00:01:30.000,0,0.0,0.0,0
2021-05-09 01:16:30.001,2,0.0,0.0,0
2021-05-09 02:16:30.001,1,0.0,0.0,0
2021-05-09 03:01:30.000,0,0.0,0.0,0
2021-05-09 04:01:30.000,0,0.0,0.0,0
2021-05-09 05:01:30.000,0,0.0,0.0,0
2021-05-09 05:46:30.001,1,0.0,0.0,0
2021-05-09 06:31:30.000,3,0.0,0.0,0
2021-05-09 07:16:30.001,6,2.6,0.3,1
2021-05-09 08:46:30.001,11,0.0,0.0,0
2021-05-09 09:46:30.000,15,2.3,0.5,1
2021-05-09 10:01:30.001,17,0.0,0.0,0
2021-05-09 11:01:30.000,14,1.3,0.1,1
2021-05-09 12:01:30.001,13,4.7,0.3,1
2021-05-09 13:01:30.000,14,0.0,0.0,0
2021-05-09 14:31:30.000,16,2.4,0.2,1
2021-05-09 15:46:30.001,18,4.0,0.6,1
2021-05-09 16:01:30.000,18,8.3,1.0,3
2021-05-09 17:01:30.001,14,0.0,0.0,0
2021-05-09 18:01:30.000,10,0.0,0.0,0
2021-05-09 19:01:30.000,8,0.0,0.0,0
2021-05-09 20:01:30.001,8,0.0,0.0,0
2021-05-09 21:01:30.001,6,0.0,0.0,0
2021-05-09 22:01:30.000,1,0.0,0.0,0
2021-05-09 23:01:30.000,0,0.0,0.0,0
2021-05-10 00:01:30.000,2,0.0,0.0,0
2021-05-10 01:16:30.000,2,0.0,0.0,0
2021-05-10 02:01:30.000,3,0.0,0.0,0
2021-05-10 03:16:30.000,6,0.0,0.0,0
2021-05-10 04:46:30.000,5,0.0,0.0,0
2021-05-10 05:01:30.000,5,0.0,0.0,0
2021-05-10 05:46:30.001,17,6.7,2.3,3
2021-05-10 06:31:30.001,48,70.6,10.2,20
2021-05-10 07:01:30.000,34,7.8,1.1,2
2021-05-10 08:46:30.000,22,3.0,0.2,1
2021-05-10 09:01:30.001,23,0.0,0.0,0
2021-05-10 10:01:30.000,24,0.0,0.0,0
2021-05-10 11:46:30.001,22,2.9,0.2,1
2021-05-10 12:46:30.001,27,8.9,1.2,2
2021-05-10 13:46:30.000,39,43.4,5.0,10
2021-05-10 14:46:30.000,56,112.3,12.8,22
2021-05-10 15:01:30.000,57,81.1,6.9,17
2021-05-10 16:01:30.000,30,20.4,1.8,4
2021-05-10 17:01:30.000,15,0.0,0.0,0
2021-05-10 18:01:30.001,9,0.0,0.0,0
2021-05-10 19:01:30.001,7,0.0,0.0,0
2021-05-10 20:01:30.000,6,0.0,0.0,0
2021-05-10 21:31:30.000,3,2.3,0.2,1
2021-05-10 22:01:30.001,3,0.0,0.0,0
2021-05-10 23:16:30.000,4,0.0,0.0,0
2021-05-11 00:01:30.001,4,0.6,1.4,1
2021-05-11 01:01:30.000,4,0.0,0.0,0
2021-05-11 02:16:30.000,4,0.0,0.0,0
2021-05-11 03:46:30.000,2,0.0,0.0,0
2021-05-11 04:46:30.000,3,0.0,0.0,0
2021-05-11 05:01:30.000,4,0.0,0.0,0
2021-05-11 05:46:30.000,16,12.0,1.2,3
2021-05-11 06:31:30.000,56,89.6,11.6,24
2021-05-11 07:01:30.000,49,43.7,3.1,7
2021-05-11 08:01:30.000,28,12.7,1.4,3
2021-05-11 09:01:30.000,29,9.8,1.6,3
2021-05-11 10:16:30.000,29,11.1,1.7,3
2021-05-11 11:01:30.000,25,14.2,1.4,4
2021-05-11 12:46:30.000,28,10.5,0.9,2
2021-05-11 13:46:30.000,44,51.9,7.7,14
2021-05-11 14:46:30.000,60,131.2,20.9,35
2021-05-11 15:01:30.000,53,71.5,8.8,15
2021-05-11 16:01:30.000,29,8.2,1.1,2
2021-05-11 17:01:30.000,16,0.0,0.0,0
2021-05-11 18:01:30.000,9,0.0,0.0,0
2021-05-11 19:01:30.000,6,0.0,0.0,0
2021-05-11 20:01:30.001,6,0.0,0.0,0
2021-05-11 21:01:30.000,2,0.0,0.0,0
2021-05-11 22:01:30.000,0,0.0,0.0,0
2021-05-11 23:01:30.000,0,0.0,0.0,0
2021-05-12 00:46:30.001,2,0.0,0.0,0
2021-05-12 01:46:30.000,6,0.0,0.0,0
2021-05-12 02:16:30.000,5,0.0,0.0,0
2021-05-12 03:01:30.000,2,0.0,0.0,0
2021-05-12 04:31:30.000,2,0.0,0.0,0
2021-05-12 04:46:30.000,3,0.0,0.0,0
2021-05-12 05:46:30.000,16,1.6,0.6,1
2021-05-12 06:31:30.001,47,42.8,5.7,12
2021-05-12 07:01:30.000,34,19.7,2.3,3
2021-05-12 08:31:30.000,32,20.2,2.7,5
2021-05-12 09:46:30.000,60,44.6,7.4,8
2021-05-12 10:31:30.000,74,188.9,23.0,36
2021-05-12 11:01:30.000,63,134.9,11.6,20
2021-05-12 12:01:30.000,41,43.9,4.3,7
2021-05-12 13:16:30.000,41,38.9,4.8,10
2021-05-12 14:31:30.001,60,105.4,14.8,23
2021-05-12 15:01:30.000,54,88.8,10.6,18
2021-05-12 16:01:30.000,42,44.2,4.7,11
2021-05-12 17:01:30.000,24,5.4,0.8,1
2021-05-12 18:01:30.001,11,0.0,0.0,0
2021-05-12 19:01:30.000,10,0.0,0.0,0
2021-05-12 20:01:30.000,8,0.0,0.0,0
2021-05-12 21:16:30.000,8,8.2,0.8,2
2021-05-12 22:46:30.000,8,4.2,0.3,1
2021-05-12 23:16:30.000,5,2.1,0.6,1
2021-05-13 00:01:30.000,1,0.0,0.0,0
2021-05-13 01:01:30.000,0,0.0,0.0,0
2021-05-13 02:31:30.000,1,0.0,0.0,0
2021-05-13 03:01:30.000,0,0.0,0.0,0
2021-05-13 04:16:30.001,1,0.0,0.0,0
2021-05-13 05:01:30.000,0,0.0,0.0,0
2021-05-13 06:31:30.001,2,0.0,0.0,0
2021-05-13 07:46:30.000,5,0.0,0.0,0
2021-05-13 08:46:30.000,9,0.0,0.0,0
2021-05-13 09:46:30.000,14,0.0,0.0,0
2021-05-13 10:01:30.000,14,0.0,0.0,0
2021-05-13 11:31:30.000,14,0.0,0.0,0
2021-05-13 12:31:30.001,17,0.0,0.0,0
2021-05-13 13:46:30.000,19,8.1,0.9,2
2021-05-13 14:16:30.000,22,10.4,1.1,2
2021-05-13 15:01:30.000,21,5.0,0.6,1
2021-05-13 16:01:30.000,20,8.4,0.9,2
2021-05-13 17:01:30.001,17,0.0,0.0,0
2021-05-13 18:01:30.001,10,2.7,0.3,1
2021-05-13 19:46:30.000,9,0.0,0.0,0
2021-05-13 20:46:30.001,10,2.5,0.3,1
2021-05-13 21:01:30.000,8,2.9,0.4,1
2021-05-13 22:01:30.000,8,4.9,0.8,2
2021-05-13 23:01:30.000,3,0.0,0.0,0
2021-05-14 00:01:30.000,2,0.0,0.0,0
2021-05-14 01:01:30.000,0,0.0,0.0,0
2021-05-14 02:46:30.000,3,0.0,0.0,0
2021-05-14 03:01:30.001,5,0.0,0.0,0
2021-05-14 04:01:30.000,2,0.0,0.0,0
2021-05-14 05:01:30.000,2,0.0,0.0,0
2021-05-14 05:46:30.001,6,0.0,0.0,0
2021-05-14 06:46:30.000,10,0.0,0.0,0
2021-05-14 07:46:30.000,13,0.0,0.0,0
2021-05-14 08:46:30.000,26,4.7,1.2,2
2021-05-14 09:31:30.000,31,9.4,1.1,2
2021-05-14 10:01:30.001,31,16.8,2.0,4
2021-05-14 11:46:30.000,29,15.7,1.7,4
2021-05-14 12:46:30.000,36,31.6,3.8,7
2021-05-14 13:46:30.001,40,49.0,5.4,11
2021-05-14 14:31:30.000,44,51.8,5.7,12
2021-05-14 15:01:30.000,35,42.1,3.6,6
2021-05-14 16:16:30.001,31,27.9,2.6,5
2021-05-14 17:01:30.000,26,9.1,1.1,2
2021-05-14 18:01:30.000,13,0.0,0.0,0
2021-05-14 19:01:30.000,9,3.1,0.2,1
2021-05-14 20:16:30.000,11,0.0,0.0,0
2021-05-14 21:01:30.000,10,9.2,0.9,2
2021-05-14 22:16:30.000,6,0.0,0.0,0
2021-05-14 23:01:30.000,4,0.0,0.0,0
2021-05-15 00:01:30.000,4,0.0,0.0,0
2021-05-15 01:01:30.000,6,0.0,0.0,0
2021-05-15 02:01:30.000,2,0.0,0.0,0
2021-05-15 03:46:30.000,3,0.0,0.0,0
2021-05-15 04:01:30.001,3,0.0,0.0,0
2021-05-15 05:46:30.000,3,0.0,0.0,0
2021-05-15 06:46:30.000,6,0.0,0.0,0
2021-05-15 07:31:30.000,12,0.0,0.0,0
2021-05-15 08:46:30.001,19,0.0,0.0,0
2021-05-15 09:46:30.000,27,7.3,1.0,2
2021-05-15 10:01:30.001,27,6.9,1.3,2
2021-05-15 11:01:30.000,23,3.7,1.0,1
2021-05-15 12:46:30.000,27,15.1,1.3,2
2021-05-15 13:46:30.001,33,32.2,2.4,5
2021-05-15 14:01:30.000,31,25.1,2.0,4
2021-05-15 15:01:30.000,27,11.5,1.6,3
2021-05-15 16:16:30.000,25,18.3,2.1,5
2021-05-15 17:01:30.000,17,2.0,0.4,1
2021-05-15 18:16:30.001,12,0.0,0.0,0
2021-05-15 19:01:30.001,8,0.0,0.0,0
2021-05-15 20:31:30.000,10,0.0,0.0,0
2021-05-15 21:31:30.000,10,3.7,0.6,1
2021-05-15 22:01:30.001,7,0.0,0.0,0
2021-05-15 23:01:30.000,4,0.0,0.0,0
2021-05-16 00:01:30.000,2,0.0,0.0,0
2021-05-16 01:01:30.000,2,0.0,0.0,0
2021-05-16 02:01:30.000,0,0.0,0.0,0
2021-05-16 03:01:30.000,0,0.0,0.0,0
2021-05-16 04:01:30.000,1,0.0,0.0,0
2021-05-16 05:31:30.000,2,0.0,0.0,0
2021-05-16 06:01:30.000,6,0.0,0.0,0
2021-05-16 07:46:30.001,4,0.0,0.0,0
2021-05-16 08:31:30.000,8,0.0,0.0,0
2021-05-16 09:31:30.000,9,0.0,0.0,0
2021-05-16 10:46:30.000,12,1.5,0.1,1
2021-05-16 11:01:30.000,11,0.0,0.0,0
2021-05-16 12:46:30.000,9,0.0,0.0,0
2021-05-16 13:46:30.000,11,0.0,0.0,0
2021-05-16 14:46:30.001,23,0.0,0.0,0
2021-05-16 15:01:30.000,21,3.5,0.9,2
2021-05-16 16:01:30.001,10,0.0,0.0,0
2021-05-16 17:01:30.001,10,2.8,0.3,1
2021-05-16 18:31:30.001,7,0.0,0.0,0
2021-05-16 19:46:30.000,7,0.0,0.0,0
2021-05-16 20:01:30.000,7,0.0,0.0,0
2021-05-16 21:16:30.000,3,0.0,0.0,0
2021-05-16 22:01:30.001,1,0.0,0.0,0
2021-05-16 23:01:30.000,0,0.0,0.0,0
2021-05-17 00:46:30.000,2,0.0,0.0,0
2021-05-17 01:46:30.001,6,0.0,0.0,0
2021-05-17 02:16:30.000,6,0.0,0.0,0
2021-05-17 03:01:30.000,4,0.0,0.0,0
2021-05-17 04:16:30.000,3,0.0,0.0,0
2021-05-17 05:16:30.000,6,0.0,0.0,0
2021-05-17 05:46:30.000,18,5.1,1.7,2
2021-05-17 06:31:00.000,61,112.2,16.0,31
2021-05-17 07:01:30.000,41,17.4,2.5,5
2021-05-17 08:16:30.000,22,0.0,0.0,0
2021-05-17 08:46:30.000,23,0.0,0.0,0
2021-05-17 09:16:30.001,26,2.1,0.4,1
2021-05-17 10:01:30.000,25,2.8,0.3,1
2021-05-17 11:01:30.000,20,3.1,0.2,1
2021-05-17 12:01:30.000,22,0.0,0.0,0
2021-05-17 13:46:30.000,37,43.1,6.7,11
2021-05-17 14:46:30.000,49,96.5,10.8,20
2021-05-17 15:01:30.000,49,75.1,9.0,15
2021-05-17 16:01:30.000,28,1.7,0.1,1
2021-05-17 17:01:30.000,14,0.0,0.0,0
2021-05-17 18:46:30.000,11,0.0,0.0,0
2021-05-17 19:46:30.000,9,0.0,0.0,0
2021-05-17 20:01:30.000,9,0.0,0.0,0
2021-05-17 21:01:30.000,7,0.0,0.0,0
2021-05-17 22:01:30.000,3,0.0,0.0,0
2021-05-17 23:01:30.000,2,0.0,0.0,0
2021-05-18 00:16:30.001,4,0.0,0.0,0
2021-05-18 01:01:30.000,5,0.0,0.0,0
2021-05-18 02:31:30.000,8,0.0,0.0,0
2021-05-18 03:01:30.000,6,0.5,1.4,1
2021-05-18 04:01:30.000,3,0.0,0.0,0
2021-05-18 04:46:30.000,6,0.0,0.0,0
2021-05-18 05:46:30.000,17,5.6,2.0,2
2021-05-18 06:31:30.000,54,67.7,9.5,21
2021-05-18 07:01:30.000,38,23.5,2.9,5
2021-05-18 08:01:30.000,25,2.9,0.3,1
2021-05-18 09:16:30.000,26,0.0,0.0,0
2021-05-18 10:01:30.000,25,0.0,0.0,0
2021-05-18 11:01:30.001,23,3.3,0.2,1
2021-05-18 12:46:30.000,26,2.9,0.4,1
2021-05-18 13:46:30.001,36,46.5,7.1,11
2021-05-18 14:46:30.000,48,75.3,8.4,18
2021-05-18 15:01:30.000,47,56.6,7.4,14
2021-05-18 16:01:30.000,26,5.6,1.3,2
2021-05-18 17:01:30.000,14,0.0,0.0,0
2021-05-18 18:01:30.000,9,0.0,0.0,0
2021-05-18 19:01:30.000,6,0.0,0.0,0
2021-05-18 20:01:30.001,7,0.0,0.0,0
2021-05-18 21:01:30.000,2,0.0,0.0,0
2021-05-18 22:01:30.000,2,0.0,0.0,0
2021-05-18 23:01:30.000,1,0.0,0.0,0
2021-05-19 00:46:30.000,3,0.0,0.0,0
2021-05-19 01:31:30.000,10,0.0,0.0,0
2021-05-19 02:01:30.000,7,0.0,0.0,0
2021-05-19 03:01:30.000,5,0.0,0.0,0
2021-05-19 04:46:30.001,3,0.0,0.0,0
2021-05-19 05:46:30.001,16,3.6,1.0,2
2021-05-19 06:31:30.000,47,62.6,7.4,17
2021-05-19 07:01:30.000,32,5.8,1.7,2
2021-05-19 08:46:30.000,25,0.0,0.0,0
2021-05-19 09:46:30.001,31,7.5,1.3,3
2021-05-19 10:31:30.000,49,81.1,8.6,16
2021-05-19 11:01:30.000,44,58.2,4.6,9
2021-05-19 12:46:30.000,28,4.3,0.8,1
2021-05-19 13:16:30.000,32,10.7,1.9,3
2021-05-19 14:31:30.000,32,19.6,3.3,7
2021-05-19 15:01:30.000,34,16.2,2.6,6
2021-05-19 16:01:30.000,27,6.5,1.2,2
2021-05-19 17:01:30.000,16,0.0,0.0,0
2021-05-19 18:01:30.000,9,3.6,0.3,1
2021-05-19 19:16:30.000,8,0.0,0.0,0
2021-05-19 20:01:30.000,9,0.0,0.0,0
2021-05-19 21:01:30.001,5,0.0,0.0,0
2021-05-19 22:01:30.000,3,0.0,0.0,0
2021-05-19 23:01:30.001,1,0.0,0.0,0
2021-05-20 00:31:30.000,4,0.0,0.0,0
2021-05-20 01:01:30.000,4,0.0,0.0,0
2021-05-20 02:16:30.001,6,0.0,0.0,0
2021-05-20 03:01:30.001,8,0.0,0.0,0
2021-05-20 04:46:30.000,5,0.0,0.0,0
2021-05-20 05:46:30.000,21,1.3,0.6,1
2021-05-20 06:31:30.000,72,77.3,13.5,21
2021-05-20 07:01:30.001,46,14.4,2.5,4
2021-05-20 08:01:30.000,27,18.7,1.9,4
2021-05-20 09:16:30.000,28,12.8,1.9,5
2021-05-20 10:16:30.000,30,26.4,3.6,7
2021-05-20 11:01:30.000,31,13.2,1.8,3
2021-05-20 12:46:30.001,34,34.4,3.6,7
2021-05-20 13:46:30.000,43,90.7,10.1,17
2021-05-20 14:46:30.000,51,116.4,14.0,24
2021-05-20 15:01:30.001,48,48.6,8.1,14
2021-05-20 16:01:30.000,30,12.7,1.7,3
2021-05-20 17:01:30.001,15,0.0,0.0,0
2021-05-20 18:01:30.001,10,0.0,0.0,0
2021-05-20 19:01:30.000,7,0.0,0.0,0
2021-05-20 20:01:30.000,5,0.0,0.0,0
2021-05-20 21:01:30.000,3,0.0,0.0,0
2021-05-20 22:01:30.001,1,0.0,0.0,0
2021-05-20 23:01:30.001,0,0.0,0.0,0
2021-05-21 00:46:30.001,1,0.0,0.0,0
2021-05-21 01:16:30.000,3,0.0,0.0,0
2021-05-21 02:16:30.001,1,0.0,0.0,0
2021-05-21 03:01:30.000,2,0.0,0.0,0
2021-05-21 04:01:30.001,0,0.0,0.0,0
2021-05-21 04:46:30.001,3,0.0,0.0,0
2021-05-21 05:46:30.000,16,8.1,1.9,3
2021-05-21 06:31:30.296,45,76.4,8.0,19
2021-05-21 07:01:30.000,32,14.9,2.6,4
2021-05-21 08:16:30.000,25,6.9,0.7,2
2021-05-21 09:46:30.000,27,9.6,1.1,3
2021-05-21 10:46:30.000,31,40.5,4.7,7
2021-05-21 11:01:30.001,32,17.5,2.2,6
2021-05-21 12:46:30.000,30,4.7,0.8,1
2021-05-21 13:46:30.001,40,39.7,5.7,9
2021-05-21 14:46:30.000,56,152.1,15.6,23
2021-05-21 15:01:30.000,55,145.0,13.3,22
2021-05-21 16:01:30.000,38,48.3,3.6,7
2021-05-21 17:01:30.000,29,8.3,1.1,2
2021-05-21 18:01:30.000,11,0.0,0.0,0
2021-05-21 19:01:30.000,8,0.0,0.0,0
2021-05-21 20:46:30.000,10,3.6,0.3,1
2021-05-21 21:01:30.000,10,3.2,0.4,1
2021-05-21 22:01:30.000,5,0.0,0.0,0
2021-05-21 23:01:30.000,2,0.0,0.0,0
2021-05-22 00:01:30.000,0,0.0,0.0,0
2021-05-22 01:16:30.001,1,0.0,0.0,0
2021-05-22 02:01:30.000,1,0.0,0.0,0
2021-05-22 03:31:30.000,2,0.0,0.0,0
2021-05-22 04:16:30.000,1,0.0,0.0,0
2021-05-22 05:46:30.000,3,0.0,0.0,0
2021-05-22 06:46:30.000,6,0.0,0.0,0
2021-05-22 07:46:30.000,12,0.0,0.0,0
2021-05-22 08:46:30.000,19,0.0,0.0,0
2021-05-22 09:31:30.001,26,7.6,0.6,2
2021-05-22 10:01:30.000,25,5.3,0.9,2
2021-05-22 11:01:30.000,21,2.7,0.5,1
2021-05-22 12:46:30.000,28,8.1,1.1,3
2021-05-22 13:31:30.000,29,12.1,1.5,4
2021-05-22 14:01:30.000,28,6.5,1.3,2
2021-05-22 15:01:30.001,24,0.0,0.0,0
2021-05-22 16:01:30.000,19,2.7,1.4,1
2021-05-22 17:01:30.000,13,0.0,0.0,0
2021-05-22 18:16:30.001,9,0.0,0.0,0
2021-05-22 19:16:30.000,11,0.0,0.0,0
2021-05-22 20:01:30.000,9,0.0,0.0,0
2021-05-22 21:01:30.001,7,0.0,0.0,0
2021-05-22 22:46:30.000,5,0.0,0.0,0
2021-05-22 23:01:30.000,4,0.0,0.0,0
2021-05-23 00:01:30.001,3,0.0,0.0,0
2021-05-23 01:46:30.001,3,0.0,0.0,0
2021-05-23 02:01:30.000,3,0.0,0.0,0
2021-05-23 03:31:30.000,3,0.0,0.0,0
2021-05-23 04:01:30.000,2,0.0,0.0,0
2021-05-23 05:31:30.000,2,0.0,0.0,0
2021-05-23 06:01:30.000,2,0.0,0.0,0
2021-05-23 07:31:30.001,4,0.0,0.0,0
2021-05-23 08:31:30.000,7,0.0,0.0,0
2021-05-23 09:46:30.000,10,0.0,0.0,0
2021-05-23 10:16:30.000,12,0.0,0.0,0
2021-05-23 11:01:30.001,11,0.0,0.0,0
2021-05-23 12:31:30.001,12,1.9,0.5,1
2021-05-23 13:46:30.000,16,2.7,0.5,1
2021-05-23 14:16:30.000,17,5.7,0.7,2
2021-05-23 15:01:30.001,15,3.2,0.3,1
2021-05-23 16:01:30.000,14,2.1,0.4,1
2021-05-23 17:01:30.000,12,0.0,0.0,0
2021-05-23 18:01:30.000,8,0.0,0.0,0
2021-05-23 19:16:30.000,7,0.0,0.0,0
2021-05-23 20:01:30.001,8,3.3,0.6,1
2021-05-23 21:01:30.000,4,0.0,0.0,0
2021-05-23 22:01:30.000,3,0.0,0.0,0
2021-05-23 23:01:30.001,0,0.0,0.0,0
2021-05-24 00:46:30.001,1,0.0,0.0,0
2021-05-24 01:31:30.001,3,0.0,0.0,0
2021-05-24 02:31:30.000,3,0.0,0.0,0
2021-05-24 03:01:30.001,2,0.0,0.0,0
2021-05-24 04:01:30.000,0,0.0,0.0,0
2021-05-24 05:01:30.000,1,0.0,0.0,0
2021-05-24 06:16:30.000,3,3.3,0.1,1
2021-05-24 07:46:30.000,5,0.0,0.0,0
2021-05-24 08:01:30.001,6,0.0,0.0,0
2021-05-24 08:46:30.000,8,0.0,0.0,0
2021-05-24 09:31:30.000,9,0.0,0.0,0
2021-05-24 10:01:30.001,10,1.1,0.1,1
2021-05-24 11:01:30.000,9,0.0,0.0,0
2021-05-24 12:16:30.000,9,0.0,0.0,0
2021-05-24 13:16:30.001,11,0.0,0.0,0
2021-05-24 14:01:30.000,11,0.0,0.0,0
2021-05-24 15:46:30.000,11,0.0,0.0,0
2021-05-24 16:01:30.001,11,0.0,0.0,0
2021-05-24 17:01:30.000,10,0.0,0.0,0
2021-05-24 18:01:30.001,6,0.0,0.0,0
2021-05-24 19:01:30.000,8,0.0,0.0,0
2021-05-24 20:16:30.000,6,0.0,0.0,0
2021-05-24 21:01:30.000,3,0.0,0.0,0
2021-05-24 22:01:30.000,3,0.0,0.0,0
2021-05-24 23:31:30.000,2,0.0,0.0,0
2021-05-25 00:16:30.000,4,0.0,0.0,0
2021-05-25 01:01:30.000,2,0.0,0.0,0
2021-05-25 02:46:30.000,4,0.0,0.0,0
2021-05-25 03:01:30.001,5,0.0,0.0,0
2021-05-25 04:46:30.000,4,0.0,0.0,0
2021-05-25 05:46:30.000,19,20.2,1.9,3
2021-05-25 06:01:30.000,34,59.5,11.8,14
2021-05-25 06:31:30.000,71,167.0,21.5,36
2021-05-25 06:46:30.001,72,101.7,14.9,25
2021-05-25 07:01:30.000,61,44.7,7.4,11
2021-05-25 08:01:30.000,25,5.8,0.7,2
2021-05-25 09:31:30.000,26,4.0,0.8,1
2021-05-25 10:16:30.000,28,2.4,0.5,1
2021-05-25 11:01:30.000,26,0.0,0.0,0
2021-05-25 12:46:30.000,27,4.5,0.5,2
2021-05-25 13:46:30.001,41,41.7,5.5,10
2021-05-25 14:46:30.001,56,126.4,16.4,32
2021-05-25 15:01:30.000,52,93.3,11.7,22
2021-05-25 16:01:30.001,29,2.3,0.8,1
2021-05-25 17:01:30.000,14,0.0,0.0,0
2021-05-25 18:01:30.001,8,0.0,0.0,0
2021-05-25 19:01:30.000,7,0.0,0.0,0
2021-05-25 20:01:30.000,5,0.0,0.0,0
2021-05-25 21:01:30.000,2,0.0,0.0,0
2021-05-25 22:01:30.000,0,0.0,0.0,0
2021-05-25 23:46:30.000,2,0.0,0.0,0
2021-05-26 00:46:30.000,7,0.0,0.0,0
2021-05-26 01:01:30.000,6,0.0,0.0,0
2021-05-26 02:01:30.001,4,0.0,0.0,0
2021-05-26 03:01:30.000,6,0.5,1.2,1
2021-05-26 04:46:30.001,4,0.0,0.0,0
2021-05-26 05:46:30.000,20,5.4,1.6,2
2021-05-26 06:01:30.001,34,44.8,9.0,13
2021-05-26 06:16:30.000,51,91.3,14.8,21
2021-05-26 06:31:30.000,59,82.9,13.8,25
2021-05-26 07:01:30.000,40,8.0,1.9,3
2021-05-26 08:31:30.001,26,0.0,0.0,0
2021-05-26 09:46:30.001,32,9.4,1.3,4
2021-05-26 10:31:30.000,51,70.8,10.4,16
2021-05-26 11:01:30.000,44,22.5,2.5,4
2021-05-26 12:31:30.001,30,5.0,0.8,2
2021-05-26 13:31:30.001,33,12.7,1.3,2
2021-05-26 14:31:30.000,35,22.9,3.6,8
2021-05-26 15:01:30.000,34,20.0,3.2,7
2021-05-26 16:01:30.001,31,9.3,1.2,2
2021-05-26 17:01:30.000,17,0.0,0.0,0
2021-05-26 18:01:30.001,9,0.0,0.0,0
2021-05-26 19:01:30.000,8,0.0,0.0,0
2021-05-26 20:16:30.000,5,0.0,0.0,0
2021-05-26 21:01:30.001,2,0.0,0.0,0
2021-05-26 22:16:30.001,1,0.0,0.0,0
2021-05-26 23:01:30.000,1,0.0,0.0,0
2021-05-27 00:16:30.001,4,0.0,0.0,0
2021-05-27 01:46:30.001,6,0.0,0.0,0
2021-05-27 02:01:30.001,5,0.0,0.0,0
2021-05-27 03:16:30.000,3,0.0,0.0,0
2021-05-27 04:46:30.001,3,0.0,0.0,0
2021-05-27 05:46:30.000,18,7.4,1.8,3
2021-05-27 06:31:30.001,58,99.1,12.0,21
2021-05-27 07:01:30.000,40,9.7,1.7,4
2021-05-27 08:46:30.000,28,19.9,2.8,6
2021-05-27 09:31:30.000,30,11.9,1.6,3
2021-05-27 10:16:30.000,31,23.7,2.4,5
2021-05-27 11:01:30.000,28,13.2,1.7,4
2021-05-27 12:46:30.000,30,26.9,2.7,6
2021-05-27 13:46:30.000,43,81.3,9.2,14
2021-05-27 14:46:30.000,52,110.4,13.4,27
2021-05-27 15:01:30.001,51,58.3,8.2,13
2021-05-27 16:01:30.001,33,12.7,2.1,4
2021-05-27 17:01:30.000,16,0.0,0.0,0
2021-05-27 18:01:30.000,9,0.0,0.0,0
2021-05-27 19:16:30.000,8,0.0,0.0,0
2021-05-27 20:01:30.000,5,0.0,0.0,0
2021-05-27 21:01:30.000,3,0.0,0.0,0
2021-05-27 22:01:30.000,0,0.0,0.0,0
2021-05-27 23:01:30.000,0,0.0,0.0,0
2021-05-28 00:46:30.001,3,0.0,0.0,0
2021-05-28 01:01:30.001,3,0.0,0.0,0
2021-05-28 02:01:30.000,2,0.0,0.0,0
2021-05-28 03:01:30.000,4,0.0,0.0,0
2021-05-28 04:31:30.001,1,0.0,0.0,0
2021-05-28 04:46:30.000,4,0.0,0.0,0
2021-05-28 05:46:30.006,19,9.5,2.8,2
2021-05-28 06:31:30.001,54,63.1,11.6,20
2021-05-28 07:01:30.001,38,26.5,4.0,7
2021-05-28 08:01:30.001,29,13.1,1.4,2
2021-05-28 09:46:30.001,35,22.3,4.5,7
2021-05-28 10:01:30.000,34,16.0,2.3,4
2021-05-28 11:01:30.001,33,20.2,2.2,4
2021-05-28 12:46:30.001,33,21.2,2.8,4
2021-05-28 13:46:30.000,50,102.7,12.1,22
2021-05-28 14:46:30.001,64,143.1,14.2,28
2021-05-28 15:01:30.001,64,113.8,13.4,24
2021-05-28 16:01:30.000,38,31.8,2.8,7
2021-05-28 17:01:30.000,26,9.9,1.1,2
2021-05-28 18:01:30.001,15,0.0,0.0,0
2021-05-28 19:01:30.001,9,0.0,0.0,0
2021-05-28 20:46:30.001,12,2.7,0.3,1
2021-05-28 21:01:30.000,8,2.5,0.3,1
2021-05-28 22:01:30.000,7,3.4,0.5,1
2021-05-28 23:01:30.000,5,0.0,0.0,0
2021-05-29 00:31:30.000,2,0.0,0.0,0
2021-05-29 01:01:30.000,3,0.0,0.0,0
2021-05-29 02:01:30.001,1,0.0,0.0,0
2021-05-29 03:01:30.000,1,0.0,0.0,0
2021-05-29 04:01:30.001,1,0.0,0.0,0
2021-05-29 05:46:30.000,2,0.0,0.0,0
2021-05-29 06:46:00.000,4,0.0,0.0,0
2021-05-29 07:46:30.000,14,0.0,0.0,0
2021-05-29 08:46:30.000,24,4.6,0.6,1
2021-05-29 09:31:30.000,31,14.6,1.8,3
2021-05-29 10:16:30.000,32,19.7,3.3,5
2021-05-29 11:01:30.001,26,5.5,0.8,1
2021-05-29 12:46:30.001,33,23.3,1.9,4
2021-05-29 13:01:30.000,35,32.6,3.0,7
2021-05-29 14:01:30.000,34,25.0,2.2,5
2021-05-29 15:01:30.001,29,13.5,2.5,4
2021-05-29 16:01:30.000,28,18.0,2.1,4
2021-05-29 17:01:30.000,23,4.8,0.8,1
2021-05-29 18:01:30.000,14,1.1,0.0,1
2021-05-29 19:01:30.001,9,0.0,0.0,0
2021-05-29 20:46:30.002,10,0.0,0.0,0
2021-05-29 21:01:30.000,8,0.0,0.0,0
2021-05-29 22:01:30.000,5,0.0,0.0,0
2021-05-29 23:01:30.000,4,0.0,0.0,0
2021-05-30 00:01:30.000,1,0.0,0.0,0
2021-05-30 01:31:30.000,2,0.0,0.0,0
2021-05-30 02:16:30.000,2,0.0,0.0,0
2021-05-30 03:01:30.001,1,0.0,0.0,0
2021-05-30 04:31:30.000,1,0.0,0.0,0
2021-05-30 05:46:30.000,2,0.0,0.0,0
2021-05-30 06:01:30.000,1,0.0,0.0,0
2021-05-30 07:31:30.000,4,0.0,0.0,0
2021-05-30 07:46:30.000,5,0.0,0.0,0
2021-05-30 08:46:30.000,10,0.0,0.0,0
2021-05-30 09:46:30.000,13,5.8,0.3,1
2021-05-30 10:16:30.000,15,3.5,0.2,1
2021-05-30 11:01:30.000,13,0.0,0.0,0
2021-05-30 12:46:30.000,17,0.0,0.0,0
2021-05-30 13:31:30.001,19,5.5,0.9,2
2021-05-30 14:46:30.000,23,8.6,1.4,3
2021-05-30 15:31:30.000,22,10.8,1.8,4
2021-05-30 16:01:30.001,20,5.2,0.7,2
2021-05-30 17:01:30.000,14,0.0,0.0,0
2021-05-30 18:16:30.001,10,0.0,0.0,0
2021-05-30 19:01:30.001,8,0.0,0.0,0
2021-05-30 20:31:30.000,7,0.0,0.0,0
2021-05-30 21:16:30.001,6,0.0,0.0,0
2021-05-30 22:01:30.000,1,0.0,0.0,0
2021-05-30 23:31:30.000,1,0.0,0.0,0
2021-05-31 00:16:30.000,2,0.0,0.0,0
2021-05-31 01:31:30.001,6,0.0,0.0,0
2021-05-31 02:31:30.000,7,0.0,0.0,0
2021-05-31 03:01:30.001,4,0.0,0.0,0
2021-05-31 04:46:30.000,4,0.0,0.0,0
2021-05-31 05:46:30.001,19,12.6,2.9,3
2021-05-31 06:16:30.001,49,73.1,9.8,20
2021-05-31 06:31:30.000,51,67.4,9.4,17
2021-05-31 07:01:30.000,35,12.1,1.4,3
2021-05-31 08:16:30.001,29,19.2,1.9,4
2021-05-31 09:46:30.000,34,47.6,3.8,3
2021-05-31 10:46:30.000,39,13.4,3.0,4
2021-05-31 11:01:30.000,35,13.5,1.7,4
2021-05-31 12:46:30.000,29,14.2,1.9,4
2021-05-31 13:46:30.000,43,54.0,7.6,14
2021-05-31 14:46:30.000,54,101.4,12.2,22
2021-05-31 15:01:30.001,54,73.7,9.2,14
2021-05-31 16:01:30.000,32,12.3,1.5,4
2021-05-31 17:01:30.000,17,0.0,0.0,0
2021-05-31 18:01:30.000,10,0.0,0.0,0
2021-05-31 19:01:30.000,9,0.0,0.0,0
2021-05-31 20:01:30.001,7,0.0,0.0,0
2021-05-31 21:01:30.000,7,0.0,0.0,0
2021-05-31 22:01:30.001,2,0.0,0.0,0
2021-05-31 23:31:30.001,3,0.0,0.0,0
2021-06-01 00:01:30.000,5,0.0,0.0,0
2021-06-01 01:01:30.001,4,0.0,0.0,0
2021-06-01 02:46:30.000,5,2.4,0.7,1
2021-06-01 03:01:30.000,5,0.0,0.0,0
2021-06-01 04:46:30.001,5,0.0,0.0,0
2021-06-01 05:46:30.001,19,16.8,2.8,5
2021-06-01 06:31:30.000,57,98.8,13.2,26
2021-06-01 07:01:30.000,44,26.9,3.4,7
2021-06-01 08:16:30.001,34,16.9,1.9,3
2021-06-01 09:31:30.000,33,17.9,1.8,4
2021-06-01 10:16:30.001,34,20.0,3.0,6
2021-06-01 11:01:30.001,32,19.1,3.0,5
2021-06-01 12:46:30.000,34,31.5,4.3,8
2021-06-01 13:46:30.000,48,92.2,13.5,19
2021-06-01 14:46:30.000,61,150.6,14.8,25
2021-06-01 15:01:30.000,60,99.6,11.6,20
2021-06-01 16:01:30.001,33,10.6,1.6,4
2021-06-01 17:01:30.001,20,2.3,0.5,1
2021-06-01 18:01:30.001,12,0.0,0.0,0
2021-06-01 19:01:30.000,12,0.0,0.0,0
2021-06-01 20:01:30.000,8,0.0,0.0,0
2021-06-01 21:01:30.000,6,0.0,0.0,0
2021-06-01 22:01:30.000,4,0.0,0.0,0
2021-06-01 23:01:30.000,3,0.0,0.0,0
2021-06-02 00:01:30.000,2,0.0,0.0,0
2021-06-02 01:16:30.000,3,0.0,0.0,0
2021-06-02 02:31:30.000,4,0.5,1.2,1
2021-06-02 03:01:30.001,3,0.0,0.0,0
2021-06-02 04:46:30.000,4,0.0,0.0,0
2021-06-02 05:01:30.000,5,0.0,0.0,0
2021-06-02 05:46:30.000,19,4.2,1.2,2
2021-06-02 06:31:30.001,55,72.0,11.3,22
2021-06-02 07:01:30.001,36,24.3,3.2,6
2021-06-02 08:31:30.001,33,12.4,1.4,2
2021-06-02 09:46:30.001,36,23.9,4.4,7
2021-06-02 10:31:30.000,59,110.0,14.4,24
2021-06-02 11:01:30.001,50,56.0,5.3,9
2021-06-02 12:01:30.000,35,17.4,2.6,5
2021-06-02 13:31:30.001,38,27.8,4.1,7
2021-06-02 14:31:30.000,40,19.9,3.3,6
2021-06-02 15:01:30.000,39,22.5,3.2,6
2021-06-02 16:01:30.000,30,12.3,2.1,4
2021-06-02 17:01:30.000,23,0.0,0.0,0
2021-06-02 18:31:30.001,15,0.0,0.0,0
2021-06-02 19:31:30.000,23,0.0,0.0,0
2021-06-02 20:01:30.000,17,0.0,0.0,0
2021-06-02 21:01:30.000,8,0.0,0.0,0
2021-06-02 22:01:30.000,2,0.0,0.0,0
2021-06-02 23:16:30.000,1,0.0,0.0,0
2021-06-03 00:01:30.001,2,0.0,0.0,0
2021-06-03 01:46:30.001,4,0.0,0.0,0
2021-06-03 02:01:30.001,3,0.0,0.0,0
2021-06-03 03:01:30.000,1,0.0,0.0,0
2021-06-03 04:31:30.000,3,0.0,0.0,0
2021-06-03 04:46:30.000,5,0.0,0.0,0
2021-06-03 05:46:30.000,17,9.7,1.8,3
2021-06-03 06:31:30.001,64,105.2,14.6,32
2021-06-03 07:01:30.000,47,21.0,3.1,7
2021-06-03 08:31:30.000,28,11.0,1.6,4
2021-06-03 09:46:30.000,31,14.1,1.6,4
2021-06-03 10:16:30.000,33,24.6,2.6,6
2021-06-03 11:01:30.000,31,7.5,1.4,3
2021-06-03 12:46:30.000,28,3.9,0.5,1
2021-06-03 13:46:30.000,56,97.5,13.7,17
2021-06-03 14:01:30.001,74,102.4,19.9,28
2021-06-03 15:01:30.000,58,76.2,12.5,24
2021-06-03 16:01:30.000,32,9.7,1.7,3
2021-06-03 17:01:30.001,18,0.0,0.0,0
2021-06-03 18:01:30.000,10,0.0,0.0,0
2021-06-03 19:01:30.000,8,0.0,0.0,0
2021-06-03 20:01:30.001,7,0.0,0.0,0
2021-06-03 21:16:30.001,5,0.0,0.0,0
2021-06-03 22:16:30.000,2,0.0,0.0,0
2021-06-03 23:46:30.000,3,0.0,0.0,0
2021-06-04 00:01:30.001,3,0.0,0.0,0
2021-06-04 01:16:30.001,3,0.0,0.0,0
2021-06-04 02:46:00.000,4,0.0,0.0,0
2021-06-04 03:01:30.000,3,0.0,0.0,0
2021-06-04 04:46:30.000,4,0.0,0.0,0
2021-06-04 05:46:30.000,16,4.7,1.2,2
2021-06-04 06:31:30.000,61,86.3,14.2,26
2021-06-04 07:01:30.000,41,15.4,1.9,4
2021-06-04 08:16:30.000,30,3.1,0.3,1
2021-06-04 09:31:30.000,30,5.4,1.1,2
2021-06-04 10:46:30.000,31,6.7,1.0,2
2021-06-04 11:01:30.001,29,7.3,0.9,1
2021-06-04 12:46:30.001,31,6.1,1.0,2
2021-06-04 13:46:30.262,48,77.8,10.3,22
2021-06-04 14:46:30.001,57,106.9,12.3,20
2021-06-04 15:01:30.000,53,77.5,11.3,20
2021-06-04 16:31:30.000,43,12.5,1.8,4
2021-06-04 17:01:30.000,33,4.9,1.1,2
2021-06-04 18:01:30.000,14,0.0,0.0,0
2021-06-04 19:01:30.000,8,0.0,0.0,0
2021-06-04 20:01:30.000,11,6.4,1.0,1
2021-06-04 21:01:30.001,7,0.0,0.0,0
2021-06-04 22:01:30.000,6,4.9,0.4,1
2021-06-04 23:31:30.001,2,0.0,0.0,0
2021-06-05 00:31:30.001,2,0.0,0.0,0
2021-06-05 01:01:30.001,0,0.0,0.0,0
2021-06-05 02:01:30.000,0,0.0,0.0,0
2021-06-05 03:01:30.000,0,0.0,0.0,0
2021-06-05 04:46:30.000,2,0.0,0.0,0
2021-06-05 05:46:30.001,2,0.0,0.0,0
2021-06-05 06:46:30.000,7,0.0,0.0,0
2021-06-05 07:16:30.000,11,0.0,0.0,0
2021-06-05 07:46:30.000,13,0.0,0.0,0
2021-06-05 08:46:30.000,23,1.2,0.0,1
2021-06-05 09:46:30.000,31,8.5,2.0,3
2021-06-05 10:16:30.000,35,44.4,3.7,8
2021-06-05 11:31:30.000,35,49.9,3.8,7
2021-06-05 12:46:30.001,40,66.6,5.7,9
2021-06-05 13:01:30.001,41,67.9,5.2,8
2021-06-05 14:01:30.000,39,41.8,3.4,9
2021-06-05 15:16:30.001,36,45.3,4.0,8
2021-06-05 16:16:30.000,36,54.7,3.7,11
2021-06-05 17:01:30.000,30,25.6,1.9,7
2021-06-05 18:01:30.000,11,0.0,0.0,0
2021-06-05 19:31:30.000,9,0.0,0.0,0
2021-06-05 20:01:30.000,7,0.0,0.0,0
2021-06-05 21:01:30.001,6,0.0,0.0,0
2021-06-05 22:01:30.000,4,3.5,0.2,1
2021-06-05 23:01:30.000,3,0.0,0.0,0
2021-06-06 00:01:30.000,0,0.0,0.0,0
2021-06-06 01:31:30.001,1,0.0,0.0,0
2021-06-06 02:01:30.000,0,0.0,0.0,0
2021-06-06 03:46:30.000,2,0.0,0.0,0
2021-06-06 04:01:30.001,0,0.0,0.0,0
2021-06-06 05:16:30.000,1,0.0,0.0,0
2021-06-06 06:16:30.000,3,0.0,0.0,0
2021-06-06 07:31:30.001,4,0.0,0.0,0
2021-06-06 08:46:30.001,8,0.0,0.0,0
2021-06-06 09:46:30.000,11,0.0,0.0,0
2021-06-06 10:16:30.001,12,0.0,0.0,0
2021-06-06 11:01:30.000,11,0.0,0.0,0
2021-06-06 12:46:30.000,12,0.0,0.0,0
2021-06-06 13:46:30.000,15,2.4,0.4,1
2021-06-06 14:01:30.000,15,0.0,0.0,0
2021-06-06 15:16:30.000,16,2.5,0.2,1
2021-06-06 16:16:30.000,16,2.1,0.4,1
2021-06-06 17:01:30.000,12,0.0,0.0,0
2021-06-06 18:01:30.001,7,0.0,0.0,0
2021-06-06 19:01:30.000,6,0.0,0.0,0
2021-06-06 20:01:30.000,5,0.0,0.0,0
2021-06-06 21:01:30.000,4,0.0,0.0,0
2021-06-06 22:01:30.001,3,0.0,0.0,0
2021-06-06 23:46:30.001,1,0.0,0.0,0
2021-06-07 00:01:30.000,0,0.0,0.0,0
2021-06-07 01:01:30.000,0,0.0,0.0,0
2021-06-07 02:31:30.000,3,0.0,0.0,0
2021-06-07 03:01:30.001,4,0.0,0.0,0
2021-06-07 04:46:30.001,3,0.0,0.0,0
2021-06-07 05:46:30.001,18,10.0,2.9,4
2021-06-07 06:01:30.000,32,43.3,9.3,13
2021-06-07 06:31:30.001,51,63.2,8.1,17
2021-06-07 07:01:30.000,38,21.0,2.2,5
2021-06-07 08:01:30.000,23,2.8,0.6,1
2021-06-07 09:31:30.000,24,10.2,1.4,3
2021-06-07 10:01:30.001,25,7.5,1.1,2
2021-06-07 11:01:30.000,24,3.5,0.8,1
2021-06-07 12:46:30.001,25,6.1,0.8,2
2021-06-07 13:46:30.000,39,36.8,5.1,9
2021-06-07 14:46:30.000,47,60.6,7.4,14
2021-06-07 15:01:30.001,45,33.0,3.7,8
2021-06-07 16:01:30.000,27,7.3,0.9,2
2021-06-07 17:01:30.000,13,0.0,0.0,0
2021-06-07 18:01:30.000,7,0.0,0.0,0
2021-06-07 19:01:30.000,6,0.0,0.0,0
2021-06-07 20:01:30.001,4,0.0,0.0,0
2021-06-07 21:01:30.000,1,0.0,0.0,0
2021-06-07 22:01:30.000,0,0.0,0.0,0
2021-06-07 23:31:30.001,2,0.0,0.0,0
2021-06-08 00:46:30.000,2,0.0,0.0,0
2021-06-08 01:01:30.000,2,0.0,0.0,0
2021-06-08 02:01:30.000,0,0.0,0.0,0
2021-06-08 03:16:30.000,1,0.0,0.0,0
2021-06-08 04:46:30.000,2,0.0,0.0,0
2021-06-08 05:16:30.000,6,0.0,0.0,0
2021-06-08 05:46:30.000,18,25.3,3.3,5
2021-06-08 06:31:30.001,50,74.2,9.6,20
2021-06-08 07:01:30.001,37,11.7,2.1,4
2021-06-08 08:31:30.000,25,7.0,1.1,2
2021-06-08 09:31:30.001,27,8.5,1.2,3
2021-06-08 10:31:30.000,28,17.2,1.6,3
2021-06-08 11:01:30.000,29,16.0,1.8,3
2021-06-08 12:01:30.000,26,6.7,0.8,2
2021-06-08 13:46:30.000,36,50.6,6.2,11
2021-06-08 14:46:30.000,45,79.9,9.5,16
2021-06-08 15:01:30.000,43,59.7,6.9,13
2021-06-08 16:01:30.000,29,16.6,1.8,4
2021-06-08 17:01:30.000,15,0.0,0.0,0
2021-06-08 18:01:30.000,8,0.0,0.0,0
2021-06-08 19:01:30.000,7,0.0,0.0,0
2021-06-08 20:16:30.000,4,3.2,0.2,1
2021-06-08 21:01:30.000,4,0.0,0.0,0
2021-06-08 22:01:30.000,0,0.0,0.0,0
2021-06-08 23:01:30.000,0,0.0,0.0,0
2021-06-09 00:01:30.000,0,0.0,0.0,0
2021-06-09 01:31:30.001,3,0.0,0.0,0
2021-06-09 02:31:30.000,5,0.0,0.0,0
2021-06-09 03:01:30.001,2,0.0,0.0,0
2021-06-09 04:46:30.000,1,0.0,0.0,0
2021-06-09 05:01:30.000,3,0.0,0.0,0
2021-06-09 05:46:00.000,15,10.4,2.5,4
2021-06-09 06:31:30.000,51,76.8,10.7,20
2021-06-09 07:01:30.000,42,29.0,4.8,9
2021-06-09 08:16:30.001,25,4.4,0.8,1
2021-06-09 09:31:30.001,27,15.0,2.2,5
2021-06-09 10:31:30.000,50,90.0,9.6,21
2021-06-09 11:01:30.000,45,46.9,7.0,8
2021-06-09 12:46:30.000,29,9.8,1.9,3
2021-06-09 13:31:30.001,30,21.4,3.0,6
2021-06-09 14:46:30.000,31,23.8,3.0,5
2021-06-09 15:01:30.001,35,21.4,4.0,7
2021-06-09 16:01:30.001,28,14.0,1.5,3
2021-06-09 17:01:30.000,18,3.2,0.5,1
2021-06-09 18:01:30.001,10,0.0,0.0,0
2021-06-09 19:01:30.000,7,0.0,0.0,0
2021-06-09 20:31:30.000,6,0.0,0.0,0
2021-06-09 21:01:30.000,5,0.0,0.0,0
2021-06-09 22:01:30.001,1,0.0,0.0,0
2021-06-09 23:01:30.001,0,0.0,0.0,0
2021-06-10 00:31:30.001,2,0.0,0.0,0
2021-06-10 01:01:30.001,1,0.0,0.0,0
2021-06-10 02:31:30.000,1,0.0,0.0,0
2021-06-10 03:01:30.001,0,0.0,0.0,0
2021-06-10 04:46:30.000,2,0.0,0.0,0
2021-06-10 05:46:30.000,16,5.8,1.5,2
2021-06-10 06:31:30.000,51,72.7,7.4,17
2021-06-10 07:01:30.000,33,6.4,1.8,3
2021-06-10 08:46:30.000,27,9.0,1.2,2
2021-06-10 09:31:30.000,30,24.5,2.1,6
2021-06-10 10:01:30.000,29,19.3,2.6,5
2021-06-10 11:01:30.001,26,7.3,1.1,2
2021-06-10 12:16:30.000,26,14.7,1.8,3
2021-06-10 13:46:30.000,34,42.0,6.2,13
2021-06-10 14:46:30.000,44,55.2,6.3,13
2021-06-10 15:01:30.001,42,47.8,5.3,11
2021-06-10 16:01:30.000,29,15.5,2.1,4
2021-06-10 17:01:30.000,18,3.5,0.8,1
2021-06-10 18:01:30.000,9,0.0,0.0,0
2021-06-10 19:01:30.000,6,0.0,0.0,0
2021-06-10 20:46:30.000,6,0.0,0.0,0
2021-06-10 21:01:30.000,6,0.0,0.0,0
2021-06-10 22:16:30.000,1,3.0,0.1,1
2021-06-10 23:01:30.000,0,0.0,0.0,0
2021-06-11 00:01:30.001,0,0.0,0.0,0
2021-06-11 01:46:30.000,4,0.0,0.0,0
2021-06-11 02:46:30.001,1,0.0,0.0,0
2021-06-11 03:01:30.000,2,0.0,0.0,0
2021-06-11 04:46:30.000,2,0.0,0.0,0
2021-06-11 05:46:30.000,15,10.9,2.6,3
2021-06-11 06:31:30.000,47,78.8,8.1,16
2021-06-11 07:01:30.000,34,14.7,1.2,4
2021-06-11 08:46:30.000,29,11.5,1.6,3
2021-06-11 09:16:30.000,31,18.3,1.7,4
2021-06-11 10:16:30.000,32,17.3,2.9,4
2021-06-11 11:01:30.000,31,10.1,1.6,2
2021-06-11 12:01:30.000,29,19.8,3.1,5
2021-06-11 13:46:30.001,41,51.0,5.4,12
2021-06-11 14:31:30.000,49,97.7,9.6,23
2021-06-11 15:01:30.001,46,76.5,9.2,16
2021-06-11 16:01:30.000,33,30.7,3.4,7
2021-06-11 17:01:30.000,24,16.4,1.4,3
2021-06-11 18:01:30.000,15,0.0,0.0,0
2021-06-11 19:01:30.001,8,0.0,0.0,0
2021-06-11 20:01:30.000,9,0.0,0.0,0
2021-06-11 21:01:30.000,9,0.0,0.0,0
2021-06-11 22:01:30.000,7,0.0,0.0,0
2021-06-11 23:01:30.000,1,0.0,0.0,0
2021-06-12 00:01:30.001,0,0.0,0.0,0
2021-06-12 01:16:30.000,1,0.0,0.0,0
2021-06-12 02:01:30.001,0,0.0,0.0,0
2021-06-12 03:01:30.000,0,0.0,0.0,0
2021-06-12 04:01:30.000,0,0.0,0.0,0
2021-06-12 05:01:30.000,0,0.0,0.0,0
2021-06-12 06:46:30.001,5,0.0,0.0,0
2021-06-12 07:46:30.000,13,0.0,0.0,0
2021-06-12 08:01:30.000,17,0.0,0.0,0
2021-06-12 08:46:30.000,23,7.8,1.2,2
2021-06-12 09:31:30.000,29,15.6,2.4,4
2021-06-12 10:01:30.000,30,21.8,3.0,5
2021-06-12 11:01:30.000,24,5.3,0.8,1
2021-06-12 12:46:30.001,27,10.3,1.1,2
2021-06-12 13:46:30.000,27,12.7,1.5,3
2021-06-12 14:01:30.000,26,6.7,1.1,2
2021-06-12 15:31:30.001,23,10.6,1.8,3
2021-06-12 16:01:30.000,22,9.1,1.1,2
2021-06-12 17:01:30.000,18,5.9,0.8,1
2021-06-12 18:01:30.000,9,0.0,0.0,0
2021-06-12 19:01:30.000,7,0.0,0.0,0
2021-06-12 20:46:30.001,6,0.0,0.0,0
2021-06-12 21:46:30.000,12,10.5,0.5,1
2021-06-12 22:01:30.000,12,14.7,0.8,2
2021-06-12 23:01:30.000,3,0.0,0.0,0
2021-06-13 00:01:30.001,1,0.0,0.0,0
2021-06-13 01:01:30.000,0,0.0,0.0,0
2021-06-13 02:01:30.001,0,0.0,0.0,0
2021-06-13 03:01:30.000,0,0.0,0.0,0
2021-06-13 04:01:30.000,0,0.0,0.0,0
2021-06-13 05:46:30.000,1,0.0,0.0,0
2021-06-13 06:01:30.000,1,0.0,0.0,0
2021-06-13 07:46:30.000,5,0.0,0.0,0
2021-06-13 08:46:30.000,9,0.0,0.0,0
2021-06-13 09:46:30.000,13,3.0,0.5,1
2021-06-13 10:31:30.001,15,2.9,0.3,1
2021-06-13 11:01:30.001,11,0.0,0.0,0
2021-06-13 12:46:30.000,11,0.0,0.0,0
2021-06-13 13:01:30.000,11,0.0,0.0,0
2021-06-13 14:01:30.000,12,0.0,0.0,0
2021-06-13 15:31:30.000,12,0.0,0.0,0
2021-06-13 16:01:30.001,13,0.0,0.0,0
2021-06-13 17:16:30.000,13,0.0,0.0,0
2021-06-13 18:01:30.000,7,0.0,0.0,0
2021-06-13 19:01:30.000,6,0.0,0.0,0
2021-06-13 20:16:30.000,4,0.0,0.0,0
2021-06-13 21:01:30.000,3,0.0,0.0,0
2021-06-13 22:46:30.000,2,4.7,0.3,1
2021-06-13 23:01:30.000,1,4.7,0.3,1
2021-06-14 00:01:30.000,0,0.0,0.0,0
2021-06-14 01:46:30.000,1,0.0,0.0,0
2021-06-14 02:16:30.000,3,0.0,0.0,0
2021-06-14 03:01:30.000,0,0.0,0.0,0
2021-06-14 04:16:30.000,1,0.0,0.0,0
2021-06-14 05:46:30.000,16,16.3,6.0,5
2021-06-14 06:31:30.000,54,82.5,11.3,20
2021-06-14 07:01:30.001,33,10.6,1.4,4
2021-06-14 08:31:30.000,27,19.1,1.6,4
2021-06-14 09:31:30.000,24,6.3,0.9,2
2021-06-14 10:46:30.000,36,18.6,2.4,5
2021-06-14 11:01:30.000,33,14.0,1.9,3
2021-06-14 12:16:30.000,24,12.1,1.5,4
2021-06-14 13:46:30.000,32,22.6,4.0,6
2021-06-14 14:01:30.000,32,26.9,2.7,6
2021-06-14 15:01:30.000,29,5.8,1.1,3
2021-06-14 16:01:30.001,21,0.0,0.0,0
2021-06-14 17:01:30.001,12,0.0,0.0,0
2021-06-14 18:01:30.000,7,0.0,0.0,0
2021-06-14 19:01:30.000,6,0.0,0.0,0
2021-06-14 20:16:30.000,5,0.0,0.0,0
2021-06-14 21:01:30.000,4,0.0,0.0,0
2021-06-14 22:31:30.001,1,0.0,0.0,0
2021-06-14 23:16:30.000,1,0.0,0.0,0
2021-06-15 00:16:30.000,1,0.0,0.0,0
2021-06-15 01:46:30.000,7,0.0,0.0,0
2021-06-15 02:01:30.000,3,0.0,0.0,0
2021-06-15 03:01:30.000,1,0.0,0.0,0
2021-06-15 04:01:30.000,0,0.0,0.0,0
2021-06-15 04:46:30.000,2,0.0,0.0,0
2021-06-15 05:46:30.000,19,25.5,2.7,5
2021-06-15 06:31:30.001,49,66.2,11.2,21
2021-06-15 07:01:30.000,33,1.9,0.8,1
2021-06-15 08:31:30.000,29,12.3,1.7,3
2021-06-15 09:01:30.001,29,6.9,0.7,2
2021-06-15 10:16:30.001,30,14.2,1.7,3
2021-06-15 11:01:30.001,27,6.8,0.8,2
2021-06-15 12:31:30.000,24,4.5,0.8,1
2021-06-15 13:46:30.000,32,28.5,3.5,6
2021-06-15 14:01:30.000,34,27.8,2.8,7
2021-06-15 15:01:30.000,30,17.3,2.0,4
2021-06-15 16:01:30.000,24,9.8,1.1,2
2021-06-15 17:01:30.001,14,0.0,0.0,0
2021-06-15 18:01:30.001,9,0.0,0.0,0
2021-06-15 19:01:30.001,5,0.0,0.0,0
2021-06-15 20:16:30.000,6,2.8,1.7,1
2021-06-15 21:01:30.000,5,0.0,0.0,0
2021-06-15 22:01:30.000,1,0.0,0.0,0
2021-06-15 23:01:30.001,0,0.0,0.0,0
2021-06-16 00:46:30.000,6,1.2,2.6,1
2021-06-16 01:01:30.000,4,0.0,0.0,0
2021-06-16 02:31:30.001,3,0.0,0.0,0
2021-06-16 03:01:30.000,0,0.0,0.0,0
2021-06-16 04:46:30.000,1,0.0,0.0,0
2021-06-16 05:46:30.001,15,3.6,1.5,2
2021-06-16 06:31:30.001,44,73.4,8.0,20
2021-06-16 07:01:30.000,33,16.7,1.3,3
2021-06-16 08:46:30.000,30,11.7,1.5,3
2021-06-16 09:46:30.000,36,14.7,1.7,4
2021-06-16 10:46:30.001,53,80.8,9.2,20
2021-06-16 11:01:30.000,47,54.0,6.9,12
2021-06-16 12:01:30.000,24,4.8,0.8,2
2021-06-16 13:01:30.000,25,9.8,1.5,2
2021-06-16 14:46:30.000,27,13.5,1.9,4
2021-06-16 15:01:00.000,28,12.6,2.1,5
2021-06-16 16:01:30.000,25,9.5,1.5,4
2021-06-16 17:01:30.000,17,6.7,0.9,1
2021-06-16 18:01:30.001,9,0.0,0.0,0
2021-06-16 19:01:30.000,7,0.0,0.0,0
2021-06-16 20:01:30.000,6,0.0,0.0,0
2021-06-16 21:01:30.000,5,0.0,0.0,0
2021-06-16 22:01:30.001,2,0.0,0.0,0
2021-06-16 23:46:30.000,1,0.0,0.0,0
2021-06-17 00:31:30.001,3,0.0,0.0,0
2021-06-17 01:31:30.001,5,0.0,0.0,0
2021-06-17 02:16:30.000,4,0.0,0.0,0
2021-06-17 03:01:30.001,0,0.0,0.0,0
2021-06-17 04:46:30.001,1,0.0,0.0,0
2021-06-17 05:46:30.000,16,8.4,2.1,3
2021-06-17 06:31:30.001,49,63.8,8.5,17
2021-06-17 07:01:30.000,34,15.2,2.6,4
2021-06-17 08:16:30.000,26,9.9,1.1,2
2021-06-17 09:46:30.001,30,12.4,2.1,4
2021-06-17 10:31:30.000,31,14.7,1.7,4
2021-06-17 11:01:30.000,27,8.8,1.3,2
2021-06-17 12:46:30.000,22,4.3,0.9,2
2021-06-17 13:46:30.000,29,20.2,2.1,5
2021-06-17 14:46:30.000,40,34.5,6.8,12
2021-06-17 15:01:00.000,36,22.6,3.2,6
2021-06-17 16:01:30.001,31,30.4,4.5,9
2021-06-17 17:01:30.000,8,0.0,0.0,0
2021-06-17 18:46:30.000,13,6.5,0.7,2
2021-06-17 19:01:30.000,14,7.8,1.2,2
2021-06-17 20:16:30.000,8,0.0,0.0,0
2021-06-17 21:01:30.001,4,0.0,0.0,0
2021-06-17 22:01:30.001,1,0.0,0.0,0
2021-06-17 23:01:30.000,0,0.0,0.0,0
2021-06-18 00:01:30.001,0,0.0,0.0,0
2021-06-18 01:01:30.001,0,0.0,0.0,0
2021-06-18 02:01:30.000,0,0.0,0.0,0
2021-06-18 03:01:30.000,1,0.0,0.0,0
2021-06-18 04:46:30.000,2,0.0,0.0,0
2021-06-18 05:46:30.000,19,11.7,2.8,3
2021-06-18 06:16:30.000,45,63.0,10.6,19
2021-06-18 07:01:30.000,29,5.6,0.2,1
2021-06-18 08:31:30.000,26,6.1,0.4,2
2021-06-18 09:16:30.000,30,22.8,2.4,4
2021-06-18 10:31:30.000,36,31.1,3.0,8
2021-06-18 11:01:30.001,30,8.3,1.2,2
2021-06-18 12:01:30.000,27,7.5,1.1,2
2021-06-18 12:31:30.000,29,16.8,3.0,4
2021-06-18 13:46:30.000,39,53.4,5.5,13
2021-06-18 14:01:30.000,39,41.3,5.4,10
2021-06-18 15:01:30.000,38,50.2,5.6,11
2021-06-18 16:01:30.000,31,23.0,2.5,5
2021-06-18 17:01:30.000,22,5.9,0.8,1
2021-06-18 18:01:30.000,13,2.5,0.3,1
2021-06-18 19:01:30.000,10,0.0,0.0,0
2021-06-18 20:01:30.000,8,0.0,0.0,0
2021-06-18 21:01:30.001,8,4.7,0.4,1
2021-06-18 22:01:30.000,7,0.0,0.0,0
2021-06-18 23:01:30.000,3,0.0,0.0,0
2021-06-19 00:01:30.000,0,0.0,0.0,0
2021-06-19 01:01:30.000,0,0.0,0.0,0
2021-06-19 02:01:30.001,0,0.0,0.0,0
2021-06-19 03:01:30.000,0,0.0,0.0,0
2021-06-19 04:01:30.000,0,0.0,0.0,0
2021-06-19 05:01:30.000,0,0.0,0.0,0
2021-06-19 06:46:30.001,6,0.0,0.0,0
2021-06-19 07:01:30.001,7,0.9,0.0,1
2021-06-19 07:46:30.001,12,0.0,0.0,0
2021-06-19 08:46:30.000,22,2.7,0.5,1
2021-06-19 09:46:30.000,29,10.0,1.6,3
2021-06-19 10:01:30.000,30,12.8,1.9,3
2021-06-19 11:01:30.001,24,4.8,0.8,1
2021-06-19 12:31:30.000,26,9.0,0.9,1
2021-06-19 13:31:30.000,26,6.3,0.8,1
2021-06-19 14:01:30.000,23,8.6,1.1,2
2021-06-19 15:31:30.000,21,5.3,0.8,2
2021-06-19 16:31:30.000,23,12.6,1.6,3
2021-06-19 17:01:30.001,17,0.0,0.0,0
2021-06-19 18:01:30.000,11,0.0,0.0,0
2021-06-19 19:46:30.000,10,0.0,0.0,0
2021-06-19 20:16:30.000,15,0.0,0.0,0
2021-06-19 21:16:30.000,24,2.1,5.3,2
2021-06-19 22:01:30.000,10,0.0,0.0,0
2021-06-19 23:01:30.000,3,0.0,0.0,0
2021-06-20 00:01:30.000,2,0.0,0.0,0
2021-06-20 01:16:30.001,1,0.0,0.0,0
2021-06-20 02:01:30.000,0,0.0,0.0,0
2021-06-20 03:01:30.000,0,0.0,0.0,0
2021-06-20 04:01:30.000,0,0.0,0.0,0
2021-06-20 05:01:30.000,0,0.0,0.0,0
2021-06-20 06:16:30.000,2,0.0,0.0,0
2021-06-20 07:46:30.000,6,0.0,0.0,0
2021-06-20 08:46:30.000,12,2.0,0.9,1
2021-06-20 09:46:30.000,14,0.0,0.0,0
2021-06-20 10:16:30.000,15,3.3,0.5,1
2021-06-20 11:01:30.000,11,0.0,0.0,0
2021-06-20 12:01:30.000,10,0.0,0.0,0
2021-06-20 13:16:30.000,12,0.0,0.0,0
2021-06-20 14:01:30.000,12,0.0,0.0,0
2021-06-20 15:31:30.000,12,0.0,0.0,0
2021-06-20 16:01:30.000,13,6.0,0.5,2
2021-06-20 17:01:30.000,10,0.0,0.0,0
2021-06-20 18:01:30.000,6,0.0,0.0,0
2021-06-20 19:01:30.000,7,0.0,0.0,0
2021-06-20 20:01:30.000,6,0.0,0.0,0
2021-06-20 21:01:30.001,6,0.0,0.0,0
2021-06-20 22:46:30.000,4,3.7,1.1,1
2021-06-20 23:01:30.000,7,4.0,1.1,1
2021-06-21 00:46:30.000,14,0.0,0.0,0
2021-06-21 01:01:30.000,11,0.0,0.0,0
2021-06-21 02:01:30.001,10,0.0,0.0,0
2021-06-21 03:16:30.000,3,0.7,1.8,1
2021-06-21 04:46:30.000,6,0.0,0.0,0
2021-06-21 05:46:30.000,17,7.1,1.6,2
2021-06-21 06:31:30.000,50,72.2,9.9,19
2021-06-21 07:01:30.000,33,9.9,2.1,4
2021-06-21 08:16:30.000,22,9.5,1.1,3
2021-06-21 09:31:30.000,25,4.2,0.3,1
2021-06-21 10:31:30.001,30,12.9,1.6,3
2021-06-21 11:01:30.001,27,5.4,0.8,1
2021-06-21 12:46:30.001,27,12.4,1.7,3
2021-06-21 13:46:30.000,38,64.0,8.9,15
2021-06-21 14:01:30.001,40,54.1,7.0,11
2021-06-21 15:01:30.000,35,30.2,5.8,10
2021-06-21 16:01:30.000,29,15.7,2.0,5
2021-06-21 17:01:30.001,14,0.0,0.0,0
2021-06-21 18:01:30.000,8,0.0,0.0,0
2021-06-21 19:01:30.000,5,0.0,0.0,0
2021-06-21 20:01:30.000,2,0.0,0.0,0
2021-06-21 21:31:30.001,11,16.1,0.7,3
2021-06-21 22:01:30.000,9,3.6,0.6,1
2021-06-21 23:01:30.001,0,0.0,0.0,0
2021-06-22 00:01:30.001,0,0.0,0.0,0
2021-06-22 01:01:30.001,0,0.0,0.0,0
2021-06-22 02:31:30.000,1,0.0,0.0,0
2021-06-22 03:01:30.000,0,0.0,0.0,0
2021-06-22 04:46:30.000,5,0.0,0.0,0
2021-06-22 05:46:30.000,16,6.8,1.6,2
2021-06-22 06:31:30.000,31,30.8,5.0,10
2021-06-22 07:01:30.001,25,3.4,0.4,1
2021-06-22 08:16:30.000,25,3.0,0.3,1
2021-06-22 09:46:30.000,24,5.5,0.3,1
2021-06-22 10:16:30.000,27,3.5,0.6,1
2021-06-22 11:01:30.000,25,2.2,0.4,1
2021-06-22 12:46:30.001,25,7.0,0.8,1
2021-06-22 13:46:30.001,33,24.8,3.9,8
2021-06-22 14:46:00.001,40,34.4,4.2,8
2021-06-22 15:01:30.000,41,40.5,4.3,10
2021-06-22 16:01:30.001,30,8.9,1.8,3
2021-06-22 17:01:30.000,14,0.0,0.0,0
2021-06-22 18:01:30.000,7,0.0,0.0,0
2021-06-22 19:46:30.000,7,0.0,0.0,0
2021-06-22 20:31:30.000,9,0.0,0.0,0
2021-06-22 21:01:30.000,4,0.0,0.0,0
2021-06-22 22:01:30.000,1,0.0,0.0,0
2021-06-22 23:01:30.001,0,0.0,0.0,0
2021-06-23 00:01:30.000,0,0.0,0.0,0
2021-06-23 01:16:30.000,3,0.0,0.0,0
2021-06-23 02:01:30.001,2,0.0,0.0,0
2021-06-23 03:16:30.001,1,0.0,0.0,0
2021-06-23 04:46:30.000,3,0.0,0.0,0
2021-06-23 05:46:30.000,13,2.1,0.3,1
2021-06-23 06:31:30.001,25,15.5,2.4,5
2021-06-23 07:01:30.000,23,6.0,1.0,3
2021-06-23 08:46:30.001,24,3.4,0.4,1
2021-06-23 09:31:30.000,26,10.3,1.1,2
2021-06-23 09:46:30.000,29,10.8,1.1,2
2021-06-23 10:31:30.001,38,39.4,4.6,12
2021-06-23 11:01:30.000,32,13.5,1.2,4
2021-06-23 12:31:30.000,29,18.2,1.9,4
2021-06-23 13:16:30.000,31,23.2,2.4,5
2021-06-23 14:46:30.000,39,45.6,6.6,14
2021-06-23 15:01:00.000,40,44.6,5.8,13
2021-06-23 16:01:30.000,33,19.7,2.5,5
2021-06-23 17:01:30.000,20,5.1,0.8,1
2021-06-23 18:01:30.001,9,0.0,0.0,0
2021-06-23 19:01:30.001,4,0.0,0.0,0
2021-06-23 20:01:30.000,4,0.0,0.0,0
2021-06-23 21:01:30.000,2,0.0,0.0,0
2021-06-23 22:01:30.000,1,0.0,0.0,0
2021-06-23 23:01:30.000,0,0.0,0.0,0
2021-06-24 00:01:30.000,0,0.0,0.0,0
2021-06-24 01:16:30.000,3,5.3,1.1,1
2021-06-24 02:01:30.000,2,0.0,0.0,0
2021-06-24 03:01:30.000,0,0.0,0.0,0
2021-06-24 04:46:30.000,2,0.0,0.0,0
2021-06-24 05:46:30.000,14,7.5,1.7,3
2021-06-24 06:46:30.000,34,52.8,5.3,11
2021-06-24 07:01:30.000,34,47.5,5.8,13
2021-06-24 08:31:30.000,26,8.6,1.0,2
2021-06-24 09:31:30.000,29,11.7,1.8,3
2021-06-24 10:16:30.000,32,14.7,1.9,4
2021-06-24 11:01:30.000,27,2.9,0.4,1
2021-06-24 12:16:30.000,29,19.2,3.0,5
2021-06-24 13:46:30.001,41,62.1,7.5,16
2021-06-24 14:01:30.000,45,53.1,6.5,14
2021-06-24 15:01:30.000,42,41.4,6.6,14
2021-06-24 16:01:30.001,34,22.4,4.0,8
2021-06-24 17:01:30.000,20,0.0,0.0,0
2021-06-24 18:01:30.001,12,0.0,0.0,0
2021-06-24 19:16:30.000,7,0.0,0.0,0
2021-06-24 20:16:30.000,7,0.0,0.0,0
2021-06-24 21:01:30.000,6,0.0,0.0,0
2021-06-24 22:01:30.000,3,0.0,0.0,0
2021-06-24 23:01:30.000,0,0.0,0.0,0
2021-06-25 00:01:30.000,0,0.0,0.0,0
2021-06-25 01:46:30.000,1,0.0,0.0,0
2021-06-25 02:01:30.000,1,0.0,0.0,0
2021-06-25 03:01:30.001,0,0.0,0.0,0
2021-06-25 04:46:30.000,2,0.0,0.0,0
2021-06-25 05:46:30.000,11,3.0,0.4,1
2021-06-25 06:16:30.000,23,21.2,3.4,6
2021-06-25 06:46:30.000,31,25.5,3.5,8
2021-06-25 07:01:30.001,34,19.3,3.6,4
2021-06-25 08:46:30.000,28,14.4,1.8,4
2021-06-25 09:01:30.000,30,15.1,2.1,4
2021-06-25 10:16:30.000,31,21.9,2.4,7
2021-06-25 11:01:30.000,27,3.2,0.5,1
2021-06-25 12:46:30.000,29,11.3,1.1,2
2021-06-25 13:31:00.000,39,37.8,4.8,12
2021-06-25 14:31:30.000,43,53.3,5.8,15
2021-06-25 15:31:30.000,39,47.7,5.6,12
2021-06-25 16:01:30.000,35,41.6,3.7,9
2021-06-25 17:01:00.000,28,22.4,2.6,8
2021-06-25 18:01:30.000,18,0.0,0.0,0
2021-06-25 19:01:30.000,9,3.4,0.4,1
2021-06-25 20:16:30.000,8,0.0,0.0,0
2021-06-25 21:01:30.001,8,0.0,0.0,0
2021-06-25 22:01:30.000,6,0.0,0.0,0
2021-06-25 23:01:30.000,1,0.0,0.0,0
2021-06-26 00:01:30.000,0,0.0,0.0,0
2021-06-26 01:01:30.000,0,0.0,0.0,0
2021-06-26 02:01:30.001,0,0.0,0.0,0
2021-06-26 03:01:30.001,0,0.0,0.0,0
2021-06-26 04:01:30.000,0,0.0,0.0,0
2021-06-26 05:01:30.000,0,0.0,0.0,0
2021-06-26 06:46:30.000,6,0.0,0.0,0
2021-06-26 07:46:30.000,14,0.0,0.0,0
2021-06-26 08:46:30.000,22,9.5,1.1,4
2021-06-26 09:31:30.000,29,15.9,2.4,5
2021-06-26 10:16:30.000,27,15.0,1.8,3
2021-06-26 11:01:30.000,26,12.8,2.6,5
2021-06-26 12:31:30.001,27,9.1,1.2,2
2021-06-26 13:01:30.001,26,5.5,0.8,1
2021-06-26 14:01:30.000,24,7.3,0.9,2
2021-06-26 15:01:30.000,24,10.4,2.2,3
2021-06-26 16:01:30.000,23,6.7,0.8,1
2021-06-26 17:01:30.000,17,0.0,0.0,0
2021-06-26 18:01:30.000,10,0.0,0.0,0
2021-06-26 19:01:30.000,7,0.0,0.0,0
2021-06-26 20:31:30.000,8,0.0,0.0,0
2021-06-26 21:01:30.000,6,0.0,0.0,0
2021-06-26 22:31:30.000,20,14.6,0.8,2
2021-06-26 23:31:30.001,9,9.1,2.5,2
2021-06-27 00:01:30.000,3,0.0,0.0,0
2021-06-27 01:01:30.000,0,0.0,0.0,0
2021-06-27 02:01:30.001,0,0.0,0.0,0
2021-06-27 03:01:30.000,0,0.0,0.0,0
2021-06-27 04:01:30.001,0,0.0,0.0,0
2021-06-27 05:01:30.000,0,0.0,0.0,0
2021-06-27 06:16:30.000,1,0.0,0.0,0
2021-06-27 07:46:30.000,4,0.0,0.0,0
2021-06-27 08:46:30.000,9,2.8,0.4,1
2021-06-27 09:31:30.000,11,0.0,0.0,0
2021-06-27 10:01:30.000,13,0.0,0.0,0
2021-06-27 11:01:30.000,10,0.0,0.0,0
2021-06-27 12:31:30.000,9,0.0,0.0,0
2021-06-27 13:31:30.000,11,0.0,0.0,0
2021-06-27 14:46:30.000,11,2.8,0.2,1
2021-06-27 15:46:30.000,24,4.3,3.5,1
2021-06-27 16:01:30.000,19,0.0,0.0,0
2021-06-27 17:01:30.001,8,0.0,0.0,0
2021-06-27 18:01:30.001,7,0.0,0.0,0
2021-06-27 19:01:30.001,4,0.0,0.0,0
2021-06-27 20:31:30.000,2,0.0,0.0,0
2021-06-27 21:46:30.000,19,27.5,0.9,3
2021-06-27 22:01:30.000,15,23.4,1.4,3
2021-06-27 23:01:30.000,2,2.6,0.5,1
2021-06-28 00:01:30.000,0,0.0,0.0,0
2021-06-28 01:46:30.001,1,0.0,0.0,0
2021-06-28 02:16:30.001,1,0.0,0.0,0
2021-06-28 03:01:30.000,0,0.0,0.0,0
2021-06-28 04:46:30.000,1,0.0,0.0,0
2021-06-28 05:46:30.000,11,1.2,0.6,1
2021-06-28 06:46:30.000,34,27.6,3.4,9
2021-06-28 07:01:30.000,37,24.8,3.2,7
2021-06-28 08:01:30.000,26,6.5,0.8,1
2021-06-28 09:16:30.001,28,4.9,0.6,2
2021-06-28 10:01:30.000,27,7.0,1.0,3
2021-06-28 11:31:30.000,27,9.4,1.3,3
2021-06-28 12:46:30.000,27,13.8,1.6,3
2021-06-28 13:46:30.000,38,41.8,5.3,11
2021-06-28 14:31:30.000,43,52.9,6.1,13
2021-06-28 15:01:30.000,38,30.2,3.8,10
2021-06-28 16:01:30.000,34,19.6,2.4,6
2021-06-28 17:01:30.001,17,0.0,0.0,0
2021-06-28 18:01:30.000,8,0.0,0.0,0
2021-06-28 19:01:30.000,6,0.0,0.0,0
2021-06-28 20:16:30.000,4,0.0,0.0,0
2021-06-28 21:01:30.000,4,0.0,0.0,0
2021-06-28 22:46:30.000,2,0.0,0.0,0
2021-06-28 23:46:30.001,2,0.0,0.0,0
2021-06-29 00:01:30.000,3,0.0,0.0,0
2021-06-29 01:01:30.000,3,0.0,0.0,0
2021-06-29 02:31:30.000,4,0.0,0.0,0
2021-06-29 03:01:30.000,1,0.0,0.0,0
2021-06-29 04:46:30.000,2,0.0,0.0,0
2021-06-29 05:46:30.001,13,2.8,0.6,1
2021-06-29 06:46:30.001,29,22.3,2.7,7
2021-06-29 07:01:30.000,36,37.5,4.3,12
2021-06-29 08:46:30.000,25,9.9,1.4,3
2021-06-29 09:46:30.000,29,6.8,1.1,2
2021-06-29 10:01:30.000,29,8.9,1.5,3
2021-06-29 11:01:30.001,28,9.9,1.5,3
2021-06-29 12:31:30.000,26,8.1,1.1,2
2021-06-29 13:46:30.000,34,43.2,6.1,12
2021-06-29 14:31:30.000,39,44.5,5.7,12
2021-06-29 15:46:30.000,40,42.6,5.2,10
2021-06-29 16:01:30.000,37,29.7,3.6,9
2021-06-29 17:01:30.000,25,35.6,2.8,9
2021-06-29 18:01:30.001,9,0.0,0.0,0
2021-06-29 19:16:30.001,8,0.0,0.0,0
2021-06-29 20:01:30.000,7,0.0,0.0,0
2021-06-29 21:01:30.000,6,0.0,0.0,0
2021-06-29 22:01:30.000,4,0.0,0.0,0
2021-06-29 23:01:30.000,0,0.0,0.0,0
2021-06-30 00:46:30.000,3,0.0,0.0,0
2021-06-30 01:31:30.000,10,0.0,0.0,0
2021-06-30 02:31:30.000,9,0.6,1.8,1
2021-06-30 03:01:30.000,9,0.0,0.0,0
2021-06-30 04:46:30.000,6,0.0,0.0,0
2021-06-30 05:46:30.000,13,0.0,0.0,0
2021-06-30 06:46:30.001,23,1.1,0.6,1
2021-06-30 07:01:30.000,25,7.1,0.8,2
2021-06-30 08:46:30.000,22,2.8,0.4,1
2021-06-30 09:31:30.000,27,9.4,1.1,2
2021-06-30 09:46:30.000,28,11.4,1.4,3
2021-06-30 10:31:30.000,33,16.7,2.1,5
2021-06-30 11:01:30.000,30,8.5,1.9,4
2021-06-30 12:01:30.001,27,8.4,1.8,3
2021-06-30 13:46:30.341,32,20.6,3.9,7
2021-06-30 14:46:30.000,34,27.3,3.7,10
2021-06-30 15:31:30.000,36,26.0,3.2,8
2021-06-30 16:01:30.000,29,16.3,2.6,6
2021-06-30 17:01:30.000,19,5.1,0.8,2
2021-06-30 18:01:30.001,9,0.0,0.0,0
2021-06-30 19:01:30.000,6,0.0,0.0,0
2021-06-30 20:31:30.001,6,0.0,0.0,0
2021-06-30 21:01:30.001,5,0.0,0.0,0
2021-06-30 22:01:30.001,0,0.0,0.0,0
2021-06-30 23:01:30.000,0,0.0,0.0,0
2021-07-01 00:01:30.000,0,0.0,0.0,0
2021-07-01 01:01:30.001,0,0.0,0.0,0
2021-07-01 02:16:30.000,1,0.0,0.0,0
2021-07-01 03:01:30.000,0,0.0,0.0,0
2021-07-01 04:31:30.000,2,0.0,0.0,0
2021-07-01 05:31:30.000,7,0.0,0.0,0
2021-07-01 05:46:30.000,10,0.0,0.0,0
2021-07-01 06:46:30.000,17,0.0,0.0,0
2021-07-01 07:01:30.001,19,0.0,0.0,0
2021-07-01 08:46:30.001,25,6.9,1.3,2
2021-07-01 09:01:30.000,25,8.0,1.8,2
2021-07-01 10:46:30.001,30,17.7,2.3,4
2021-07-01 11:01:30.001,29,15.6,1.9,4
2021-07-01 12:01:30.000,27,15.1,1.9,6
2021-07-01 13:46:30.000,32,16.1,2.0,4
2021-07-01 14:46:30.000,35,33.1,4.6,10
2021-07-01 15:01:30.000,36,40.8,6.0,12
2021-07-01 16:01:30.000,31,25.6,3.5,9
2021-07-01 17:01:30.000,19,0.0,0.0,0
2021-07-01 18:01:30.001,9,0.0,0.0,0
2021-07-01 19:31:30.000,6,0.0,0.0,0
2021-07-01 20:01:30.001,6,0.0,0.0,0
2021-07-01 21:01:30.000,6,0.0,0.0,0
2021-07-01 22:01:30.000,1,0.0,0.0,0
2021-07-01 23:01:30.000,0,0.0,0.0,0
2021-07-02 00:01:30.000,0,0.0,0.0,0
2021-07-02 01:01:30.001,0,0.0,0.0,0
2021-07-02 02:01:30.000,0,0.0,0.0,0
2021-07-02 03:01:30.000,0,0.0,0.0,0
2021-07-02 04:46:30.000,2,3.2,0.2,1
2021-07-02 05:46:30.000,9,2.1,0.8,1
2021-07-02 06:46:30.001,14,0.0,0.0,0
2021-07-02 07:46:30.000,18,0.0,0.0,0
2021-07-02 08:01:30.000,21,1.8,0.9,1
2021-07-02 08:46:30.000,24,9.8,0.8,3
2021-07-02 09:31:30.000,28,12.9,1.6,4
2021-07-02 10:31:30.000,28,10.9,1.9,4
2021-07-02 11:01:30.000,24,5.5,1.3,2
2021-07-02 12:31:30.001,26,11.6,1.6,3
2021-07-02 13:46:30.000,30,18.2,2.7,6
2021-07-02 14:46:30.000,34,28.8,4.1,9
2021-07-02 15:01:30.000,35,27.1,4.1,9
2021-07-02 16:01:30.000,30,19.1,2.7,6
2021-07-02 17:01:30.000,21,3.7,1.0,2
2021-07-02 18:01:30.000,10,0.0,0.0,0
2021-07-02 19:01:30.000,4,0.0,0.0,0
2021-07-02 20:01:30.000,2,0.0,0.0,0
2021-07-02 21:46:30.000,11,0.0,0.0,0
2021-07-02 22:16:30.001,14,5.8,0.9,2
2021-07-02 23:31:30.000,8,4.3,0.1,1
2021-07-03 00:01:30.000,1,0.0,0.0,0
2021-07-03 01:01:30.001,0,0.0,0.0,0
2021-07-03 02:01:30.000,0,0.0,0.0,0
2021-07-03 03:01:30.001,0,0.0,0.0,0
2021-07-03 04:01:30.000,0,0.0,0.0,0
2021-07-03 05:01:30.001,0,0.0,0.0,0
2021-07-03 06:46:30.001,3,0.0,0.0,0
2021-07-03 07:46:30.000,9,0.0,0.0,0
2021-07-03 08:46:30.000,16,0.0,0.0,0
2021-07-03 09:46:30.000,21,2.2,0.4,1
2021-07-03 10:01:30.000,21,0.0,0.0,0
2021-07-03 11:01:30.000,20,3.0,0.5,1
2021-07-03 12:31:30.000,24,7.5,1.3,3
2021-07-03 13:16:30.001,27,14.1,1.5,4
2021-07-03 14:01:30.000,25,7.3,1.3,2
2021-07-03 15:01:30.000,22,5.7,0.9,2
2021-07-03 16:01:30.000,21,8.5,1.2,3
2021-07-03 17:01:30.000,20,6.7,1.0,3
2021-07-03 18:01:30.000,13,0.0,0.0,0
2021-07-03 19:31:30.001,9,0.0,0.0,0
2021-07-03 20:01:30.000,8,0.0,0.0,0
2021-07-03 21:01:30.000,8,0.0,0.0,0
2021-07-03 22:01:30.000,6,0.0,0.0,0
2021-07-03 23:01:30.000,2,0.0,0.0,0
2021-07-04 00:01:30.000,1,0.0,0.0,0
2021-07-04 01:31:30.001,1,0.0,0.0,0
2021-07-04 02:01:30.001,0,0.0,0.0,0
2021-07-04 03:01:30.000,0,0.0,0.0,0
2021-07-04 04:01:30.000,0,0.0,0.0,0
2021-07-04 05:01:30.000,0,0.0,0.0,0
2021-07-04 06:46:30.000,2,0.0,0.0,0
2021-07-04 07:31:30.000,3,0.0,0.0,0
2021-07-04 08:46:30.001,8,0.0,0.0,0
2021-07-04 09:31:30.000,10,0.0,0.0,0
2021-07-04 10:46:30.000,17,3.0,0.7,1
2021-07-04 11:01:30.000,16,0.0,0.0,0
2021-07-04 12:01:30.001,12,0.0,0.0,0
2021-07-04 13:46:30.001,10,3.2,0.3,1
2021-07-04 14:16:30.000,10,0.0,0.0,0
2021-07-04 15:16:30.000,10,0.0,0.0,0
2021-07-04 16:16:30.000,10,0.0,0.0,0
2021-07-04 17:01:30.001,10,0.0,0.0,0
2021-07-04 18:01:30.000,7,0.0,0.0,0
2021-07-04 19:16:30.000,6,0.0,0.0,0
2021-07-04 20:01:30.000,4,0.0,0.0,0
2021-07-04 21:01:30.001,5,0.0,0.0,0
2021-07-04 22:01:30.001,3,0.0,0.0,0
2021-07-04 23:01:30.000,0,0.0,0.0,0
2021-07-05 00:16:30.000,1,0.0,0.0,0
2021-07-05 01:01:30.000,0,0.0,0.0,0
2021-07-05 02:01:30.000,0,0.0,0.0,0
2021-07-05 03:16:30.000,1,0.0,0.0,0
2021-07-05 04:46:30.000,3,0.0,0.0,0
2021-07-05 05:46:30.000,18,21.3,3.2,5
2021-07-05 06:01:30.000,23,21.3,2.9,5
2021-07-05 06:46:30.000,31,34.3,6.5,9
2021-07-05 07:31:30.000,60,24.9,6.5,6
2021-07-05 08:01:30.000,40,20.4,2.9,5
2021-07-05 09:46:30.000,30,9.4,2.0,4
2021-07-05 10:01:30.000,28,14.1,2.4,5
2021-07-05 11:16:30.000,23,6.2,1.5,3
2021-07-05 12:31:30.000,25,6.3,0.7,2
2021-07-05 13:46:30.000,27,7.2,1.2,3
2021-07-05 14:46:30.000,34,30.4,4.0,10
2021-07-05 15:01:30.001,34,28.3,3.1,9
2021-07-05 16:01:30.000,25,6.4,1.1,2
2021-07-05 17:01:30.001,14,0.0,0.0,0
2021-07-05 18:01:30.000,7,0.0,0.0,0
2021-07-05 19:01:30.000,6,0.0,0.0,0
2021-07-05 20:46:30.001,5,0.0,0.0,0
2021-07-05 21:01:30.001,5,0.0,0.0,0
2021-07-05 22:01:30.000,1,0.0,0.0,0
2021-07-05 23:46:30.000,3,0.0,0.0,0
2021-07-06 00:01:30.001,2,0.0,0.0,0
2021-07-06 01:16:30.001,1,0.0,0.0,0
2021-07-06 02:01:30.000,2,0.0,0.0,0
2021-07-06 03:01:30.000,0,0.0,0.0,0
2021-07-06 04:46:30.000,3,0.0,0.0,0
2021-07-06 05:46:30.000,9,2.4,0.9,1
2021-07-06 06:31:30.000,16,2.0,0.2,1
2021-07-06 06:46:30.000,20,6.0,0.6,2
2021-07-06 07:01:30.000,27,16.0,1.9,6
2021-07-06 08:46:30.000,24,5.0,1.1,2
2021-07-06 09:01:30.000,23,2.7,0.2,1
2021-07-06 10:31:30.000,24,5.8,1.0,2
2021-07-06 11:01:30.001,22,0.0,0.0,0
2021-07-06 12:16:30.001,22,8.2,0.7,2
2021-07-06 13:31:30.000,26,9.4,1.8,3
2021-07-06 14:46:30.000,35,32.7,3.7,8
2021-07-06 15:31:30.000,39,32.9,5.0,11
2021-07-06 16:01:30.001,33,16.5,2.6,5
2021-07-06 17:01:30.001,15,0.0,0.0,0
2021-07-06 18:01:30.001,9,0.0,0.0,0
2021-07-06 19:01:30.000,5,0.0,0.0,0
2021-07-06 20:46:30.000,4,0.0,0.0,0
2021-07-06 21:01:30.000,4,0.0,0.0,0
2021-07-06 22:01:30.000,2,0.0,0.0,0
2021-07-06 23:16:30.000,34,4.5,0.6,2
2021-07-07 00:01:30.001,5,3.1,0.8,1
2021-07-07 01:46:30.000,4,0.0,0.0,0
2021-07-07 02:16:30.001,4,0.0,0.0,0
2021-07-07 03:01:30.000,0,0.0,0.0,0
2021-07-07 04:46:30.000,1,0.0,0.0,0
2021-07-07 05:46:30.000,7,1.2,0.6,1
2021-07-07 06:46:30.000,17,2.2,0.6,1
2021-07-07 07:01:30.001,18,5.5,0.7,2
2021-07-07 08:46:30.000,21,0.0,0.0,0
2021-07-07 09:46:30.000,24,3.6,0.5,2
2021-07-07 10:16:30.000,24,6.1,1.2,2
2021-07-07 11:01:30.001,21,0.0,0.0,0
2021-07-07 12:46:30.000,26,9.8,1.5,4
2021-07-07 13:46:30.000,28,10.2,1.9,3
2021-07-07 14:31:30.000,35,33.6,3.9,9
2021-07-07 15:01:30.000,32,12.6,1.6,4
2021-07-07 16:01:30.001,27,16.0,2.1,4
2021-07-07 17:01:30.001,19,2.5,0.5,1
2021-07-07 18:16:30.000,10,2.2,0.2,1
2021-07-07 19:01:30.001,7,0.0,0.0,0
2021-07-07 20:01:30.000,5,0.0,0.0,0
2021-07-07 21:01:30.000,5,0.0,0.0,0
2021-07-07 22:01:30.000,1,0.0,0.0,0
2021-07-07 23:01:30.000,0,0.0,0.0,0
2021-07-08 00:01:30.001,0,0.0,0.0,0
2021-07-08 01:31:30.000,2,0.0,0.0,0
2021-07-08 02:01:30.000,2,0.0,0.0,0
2021-07-08 03:46:30.000,1,0.0,0.0,0
2021-07-08 04:46:30.000,1,0.0,0.0,0
2021-07-08 05:46:30.000,8,0.0,0.0,0
2021-07-08 06:46:30.000,16,2.5,0.5,1
2021-07-08 07:01:30.000,18,5.5,0.5,2
2021-07-08 08:46:30.000,20,6.5,0.9,2
2021-07-08 09:01:30.000,23,3.8,1.0,2
2021-07-08 10:46:30.000,26,5.7,0.6,1
2021-07-08 11:01:30.000,25,4.9,0.6,2
2021-07-08 12:46:30.003,24,11.5,1.9,4
2021-07-08 13:46:30.000,28,10.3,1.1,2
2021-07-08 14:46:30.000,32,32.4,4.7,8
2021-07-08 15:16:30.000,38,42.5,5.4,11
2021-07-08 16:01:30.000,30,9.8,1.7,3
2021-07-08 17:01:30.001,16,0.0,0.0,0
2021-07-08 18:01:30.000,8,0.0,0.0,0
2021-07-08 19:01:30.000,7,0.0,0.0,0
2021-07-08 20:16:30.000,7,0.0,0.0,0
2021-07-08 21:01:30.000,5,0.0,0.0,0
2021-07-08 22:01:30.000,1,0.0,0.0,0
2021-07-08 23:01:30.000,0,0.0,0.0,0
2021-07-09 00:01:30.000,0,0.0,0.0,0
2021-07-09 01:01:30.000,0,0.0,0.0,0
2021-07-09 02:01:30.001,0,0.0,0.0,0
2021-07-09 03:01:30.000,0,0.0,0.0,0
2021-07-09 04:46:30.000,2,0.0,0.0,0
2021-07-09 05:01:30.000,2,0.0,0.0,0
2021-07-09 05:46:30.000,9,4.8,1.3,2
2021-07-09 06:46:30.001,14,0.0,0.0,0
2021-07-09 07:01:30.000,16,0.0,0.0,0
2021-07-09 08:31:30.001,20,0.0,0.0,0
2021-07-09 09:01:30.001,20,5.6,0.3,2
2021-07-09 10:31:30.000,24,7.8,1.3,3
2021-07-09 11:01:30.000,21,1.9,0.4,1
2021-07-09 12:16:30.000,21,8.1,0.8,2
2021-07-09 13:46:30.000,27,15.9,2.8,5
2021-07-09 14:46:30.000,36,31.8,4.1,8
2021-07-09 15:01:30.000,35,30.7,4.0,8
2021-07-09 16:01:30.000,27,13.4,1.9,5
2021-07-09 17:01:30.000,26,19.3,3.0,4
2021-07-09 18:01:30.001,15,0.0,0.0,0
2021-07-09 19:01:30.001,9,0.0,0.0,0
2021-07-09 20:01:30.000,8,0.0,0.0,0
2021-07-09 21:01:30.000,7,0.0,0.0,0
2021-07-09 22:01:30.000,4,0.0,0.0,0
2021-07-09 23:01:30.000,2,0.0,0.0,0
2021-07-10 00:01:30.000,0,0.0,0.0,0
2021-07-10 01:01:30.000,0,0.0,0.0,0
2021-07-10 02:01:30.000,0,0.0,0.0,0
2021-07-10 03:01:30.000,0,0.0,0.0,0
2021-07-10 04:01:30.000,0,0.0,0.0,0
2021-07-10 05:46:30.001,1,0.0,0.0,0
2021-07-10 06:46:30.001,3,0.0,0.0,0
2021-07-10 07:46:30.001,8,0.0,0.0,0
2021-07-10 08:46:30.000,14,0.0,0.0,0
2021-07-10 09:46:30.000,21,3.8,0.6,2
2021-07-10 10:16:30.000,22,9.3,2.1,4
2021-07-10 11:01:30.000,19,0.0,0.0,0
2021-07-10 12:31:30.000,21,7.7,0.8,2
2021-07-10 13:01:30.000,21,4.8,0.7,2
2021-07-10 14:31:30.000,25,19.1,2.7,5
2021-07-10 15:16:30.000,30,32.3,3.1,7
2021-07-10 16:01:30.001,20,2.0,0.5,1
2021-07-10 17:01:30.000,14,0.0,0.0,0
2021-07-10 18:01:30.000,10,0.0,0.0,0
2021-07-10 19:46:30.000,7,0.0,0.0,0
2021-07-10 20:01:30.000,7,0.0,0.0,0
2021-07-10 21:01:30.000,7,0.0,0.0,0
2021-07-10 22:01:30.000,4,0.0,0.0,0
2021-07-10 23:01:30.000,2,0.0,0.0,0
2021-07-11 00:01:30.000,0,0.0,0.0,0
2021-07-11 01:01:30.001,0,0.0,0.0,0
2021-07-11 02:01:30.001,0,0.0,0.0,0
2021-07-11 03:01:30.000,0,0.0,0.0,0
2021-07-11 04:01:30.000,0,0.0,0.0,0
2021-07-11 05:01:30.000,0,0.0,0.0,0
2021-07-11 06:01:30.000,0,0.0,0.0,0
2021-07-11 07:31:30.000,4,0.0,0.0,0
2021-07-11 08:46:30.000,8,4.2,0.3,1
2021-07-11 09:31:30.001,9,0.0,0.0,0
2021-07-11 10:16:30.000,11,0.0,0.0,0
2021-07-11 11:01:30.000,9,1.1,0.0,1
2021-07-11 12:01:30.001,9,0.0,0.0,0
2021-07-11 13:31:30.000,11,0.0,0.0,0
2021-07-11 14:46:30.001,14,2.1,0.3,1
2021-07-11 15:01:30.000,12,0.0,0.0,0
2021-07-11 16:16:30.001,11,2.0,0.2,1
2021-07-11 17:01:30.000,10,0.0,0.0,0
2021-07-11 18:01:30.000,6,0.0,0.0,0
2021-07-11 19:01:30.000,4,0.0,0.0,0
2021-07-11 20:01:30.000,2,0.0,0.0,0
2021-07-11 21:16:30.000,3,0.0,0.0,0
2021-07-11 22:46:30.001,12,17.5,1.2,3
2021-07-11 23:01:30.000,7,16.7,1.2,3
2021-07-12 00:16:30.000,13,7.2,0.8,3
2021-07-12 01:01:30.000,4,0.0,0.0,0
2021-07-12 02:01:30.000,0,0.0,0.0,0
2021-07-12 03:01:30.000,0,0.0,0.0,0
2021-07-12 04:01:30.001,0,0.0,0.0,0
2021-07-12 05:46:30.000,6,0.0,0.0,0
2021-07-12 06:46:30.000,13,3.5,0.4,1
2021-07-12 07:16:30.000,17,7.6,0.8,2
2021-07-12 08:16:30.000,16,0.0,0.0,0
2021-07-12 09:01:30.001,16,2.5,0.2,1
2021-07-12 09:31:30.000,17,2.0,0.2,1
2021-07-12 10:16:30.001,18,2.4,0.5,1
2021-07-12 11:01:30.000,18,2.7,0.5,1
2021-07-12 12:46:30.000,19,3.2,0.6,1
2021-07-12 13:31:30.001,23,9.1,1.4,3
2021-07-12 14:31:30.000,28,17.3,1.8,4
2021-07-12 15:31:30.000,29,20.2,2.3,5
2021-07-12 16:01:30.000,25,5.7,0.8,2
2021-07-12 17:01:30.001,12,0.0,0.0,0
2021-07-12 18:01:30.001,7,0.0,0.0,0
2021-07-12 19:01:30.001,6,2.5,0.2,1
2021-07-12 20:01:30.000,3,0.0,0.0,0
2021-07-12 21:31:30.000,4,0.0,0.0,0
2021-07-12 22:01:30.000,0,0.0,0.0,0
2021-07-12 23:01:30.000,0,0.0,0.0,0
2021-07-13 00:16:30.001,1,0.0,0.0,0
2021-07-13 01:31:30.000,1,0.0,0.0,0
2021-07-13 02:01:30.000,2,0.0,0.0,0
2021-07-13 03:01:30.000,1,0.0,0.0,0
2021-07-13 04:46:30.001,1,0.0,0.0,0
2021-07-13 05:46:30.000,7,0.0,0.0,0
2021-07-13 06:46:30.001,14,4.6,0.4,1
2021-07-13 07:01:30.000,16,0.0,0.0,0
2021-07-13 08:46:30.000,20,2.6,0.5,1
2021-07-13 09:16:30.000,21,3.1,0.4,1
2021-07-13 10:31:30.000,22,2.1,0.4,1
2021-07-13 11:01:30.000,18,0.0,0.0,0
2021-07-13 12:46:30.000,24,2.2,0.4,1
2021-07-13 13:46:30.001,29,28.7,3.5,7
2021-07-13 14:46:30.000,40,28.4,3.6,9
2021-07-13 15:01:30.000,39,18.0,2.4,6
2021-07-13 16:01:30.000,25,5.6,0.9,2
2021-07-13 17:01:30.000,15,0.0,0.0,0
2021-07-13 18:01:30.000,12,0.0,0.0,0
2021-07-13 19:01:30.001,8,0.0,0.0,0
2021-07-13 20:01:30.000,8,0.0,0.0,0
2021-07-13 21:16:30.000,6,0.0,0.0,0
2021-07-13 22:01:30.001,2,0.0,0.0,0
2021-07-13 23:16:30.001,2,0.0,0.0,0
2021-07-14 00:31:30.000,2,0.0,0.0,0
2021-07-14 01:01:30.001,3,0.0,0.0,0
2021-07-14 02:01:30.001,3,0.0,0.0,0
2021-07-14 03:01:30.001,2,0.0,0.0,0
2021-07-14 04:46:30.001,1,0.0,0.0,0
2021-07-14 05:46:30.000,7,0.0,0.0,0
2021-07-14 06:46:30.000,12,0.0,0.0,0
2021-07-14 07:46:30.000,17,7.9,0.2,2
2021-07-14 08:46:30.000,22,3.2,0.2,1
2021-07-14 09:01:30.000,22,0.0,0.0,0
2021-07-14 10:16:30.000,23,2.3,0.2,1
2021-07-14 11:01:30.000,21,0.0,0.0,0
2021-07-14 12:31:30.000,21,8.1,1.4,3
2021-07-14 13:46:30.000,28,15.8,2.6,5
2021-07-14 14:46:30.001,32,14.9,3.4,6
2021-07-14 15:01:30.000,28,12.3,1.4,3
2021-07-14 16:01:30.000,20,3.1,0.5,1
2021-07-14 17:01:30.001,14,5.5,0.3,1
2021-07-14 18:01:30.000,7,0.0,0.0,0
2021-07-14 19:46:30.001,6,0.0,0.0,0
2021-07-14 20:01:30.001,5,0.0,0.0,0
2021-07-14 21:31:30.001,6,0.0,0.0,0
2021-07-14 22:01:30.001,4,0.0,0.0,0
2021-07-14 23:01:30.000,0,0.0,0.0,0
2021-07-15 00:46:30.001,2,0.0,0.0,0
2021-07-15 01:31:30.000,7,0.0,0.0,0
2021-07-15 02:46:30.000,9,0.0,0.0,0
2021-07-15 03:01:30.000,10,0.0,0.0,0
2021-07-15 04:16:30.001,13,0.0,0.0,0
2021-07-15 05:46:30.001,19,11.6,2.8,3
2021-07-15 06:16:30.000,24,17.5,2.7,4
2021-07-15 06:46:30.000,26,20.0,3.2,4
2021-07-15 07:46:30.000,29,18.7,1.9,2
2021-07-15 08:01:30.000,28,32.5,2.5,3
2021-07-15 09:01:30.001,25,8.6,1.1,2
2021-07-15 10:16:30.000,25,9.1,1.1,3
2021-07-15 11:01:30.000,22,16.8,1.1,2
2021-07-15 12:31:30.000,17,0.0,0.0,0
2021-07-15 13:46:30.000,19,0.0,0.0,0
2021-07-15 14:31:30.000,29,4.7,0.6,2
2021-07-15 15:01:30.000,27,16.3,1.5,4
2021-07-15 16:01:00.000,19,0.0,0.0,0
2021-07-15 17:01:30.000,13,0.0,0.0,0
2021-07-15 18:01:30.000,8,0.0,0.0,0
2021-07-15 19:01:30.000,6,2.0,0.3,1
2021-07-15 20:46:30.000,6,0.0,0.0,0
2021-07-15 21:01:30.000,6,0.0,0.0,0
2021-07-15 22:16:30.000,2,0.0,0.0,0
2021-07-15 23:46:30.000,1,0.0,0.0,0
2021-07-16 00:01:30.000,3,0.0,0.0,0
2021-07-16 01:31:30.001,2,0.0,0.0,0
2021-07-16 02:01:30.001,1,0.0,0.0,0
2021-07-16 03:01:30.001,4,0.0,0.0,0
2021-07-16 04:31:30.000,2,0.0,0.0,0
2021-07-16 05:46:30.000,9,0.0,0.0,0
2021-07-16 06:46:30.001,14,0.0,0.0,0
2021-07-16 07:46:30.000,17,0.0,0.0,0
2021-07-16 08:01:30.001,17,0.0,0.0,0
2021-07-16 09:31:30.000,20,9.9,1.4,3
2021-07-16 10:01:30.000,21,0.0,0.0,0
2021-07-16 11:01:30.000,17,0.0,0.0,0
2021-07-16 12:46:30.001,20,0.0,0.0,0
2021-07-16 13:46:30.001,26,10.6,3.8,3
2021-07-16 14:31:30.000,29,16.3,1.9,3
2021-07-16 15:01:30.000,30,26.1,4.8,8
2021-07-16 16:01:30.000,25,10.8,1.3,3
2021-07-16 17:01:30.000,15,0.0,0.0,0
2021-07-16 18:01:30.000,10,0.0,0.0,0
2021-07-16 19:01:30.000,7,0.0,0.0,0
2021-07-16 20:16:30.000,6,0.0,0.0,0
2021-07-16 21:01:30.001,5,0.0,0.0,0
2021-07-16 22:01:30.001,4,0.0,0.0,0
2021-07-16 23:01:30.000,1,0.0,0.0,0
2021-07-17 00:01:30.001,0,0.0,0.0,0
2021-07-17 01:01:30.000,0,0.0,0.0,0
2021-07-17 02:01:30.001,0,0.0,0.0,0
2021-07-17 03:01:30.000,0,0.0,0.0,0
2021-07-17 04:01:30.000,0,0.0,0.0,0
2021-07-17 05:46:30.000,1,0.0,0.0,0
2021-07-17 06:46:30.001,3,0.0,0.0,0
2021-07-17 07:46:30.001,8,0.0,0.0,0
2021-07-17 08:46:30.000,13,0.0,0.0,0
2021-07-17 09:31:30.001,18,0.0,0.0,0
2021-07-17 10:01:30.000,18,6.3,1.0,2
2021-07-17 11:01:30.000,14,0.0,0.0,0
2021-07-17 12:16:30.000,17,0.0,0.0,0
2021-07-17 13:01:30.000,17,0.0,0.0,0
2021-07-17 14:31:30.001,19,5.2,1.0,2
2021-07-17 15:01:30.001,19,4.4,0.8,2
2021-07-17 16:01:30.001,19,2.0,0.5,1
2021-07-17 17:01:30.001,17,6.5,0.8,1
2021-07-17 18:16:30.000,11,0.0,0.0,0
2021-07-17 19:01:30.001,7,0.0,0.0,0
2021-07-17 20:01:30.000,7,0.0,0.0,0
2021-07-17 21:01:30.001,8,0.0,0.0,0
2021-07-17 22:01:30.001,5,0.0,0.0,0
2021-07-17 23:01:30.001,3,0.0,0.0,0
2021-07-18 00:01:30.000,0,0.0,0.0,0
2021-07-18 01:01:30.000,0,0.0,0.0,0
2021-07-18 02:01:30.000,0,0.0,0.0,0
2021-07-18 03:01:30.001,0,0.0,0.0,0
2021-07-18 04:01:30.000,0,0.0,0.0,0
2021-07-18 05:01:30.000,0,0.0,0.0,0
2021-07-18 06:46:30.001,1,0.0,0.0,0
2021-07-18 07:01:30.000,2,0.0,0.0,0
2021-07-18 08:16:30.000,5,0.0,0.0,0
2021-07-18 09:46:30.000,8,3.0,0.3,1
2021-07-18 10:01:30.000,9,0.0,0.0,0
2021-07-18 11:01:30.000,7,0.0,0.0,0
2021-07-18 12:46:30.000,9,0.0,0.0,0
2021-07-18 13:01:30.000,10,0.0,0.0,0
2021-07-18 14:16:30.000,11,0.0,0.0,0
2021-07-18 15:46:30.000,11,0.0,0.0,0
2021-07-18 16:16:30.001,11,4.0,2.2,1
2021-07-18 17:01:30.001,9,0.0,0.0,0
2021-07-18 18:16:30.001,7,0.0,0.0,0
2021-07-18 19:01:30.001,6,0.0,0.0,0
2021-07-18 20:01:30.001,5,0.0,0.0,0
2021-07-18 21:01:30.000,5,0.0,0.0,0
2021-07-18 22:01:30.000,2,0.0,0.0,0
2021-07-18 23:01:30.001,0,0.0,0.0,0
2021-07-19 00:01:30.001,0,0.0,0.0,0
2021-07-19 01:01:30.000,0,0.0,0.0,0
2021-07-19 02:01:30.000,0,0.0,0.0,0
2021-07-19 03:01:30.000,0,0.0,0.0,0
2021-07-19 04:01:30.000,0,0.0,0.0,0
2021-07-19 05:46:30.001,5,0.0,0.0,0
2021-07-19 06:16:30.000,7,0.0,0.0,0
2021-07-19 06:46:30.000,11,0.0,0.0,0
2021-07-19 07:01:30.000,12,0.0,0.0,0
2021-07-19 08:46:30.000,15,2.5,0.2,1
2021-07-19 09:46:30.000,17,0.0,0.0,0
2021-07-19 10:31:30.000,17,0.0,0.0,0
2021-07-19 11:46:30.000,15,0.0,0.0,0
2021-07-19 12:16:30.000,16,0.0,0.0,0
2021-07-19 13:46:30.000,20,0.0,0.0,0
2021-07-19 14:46:30.000,23,13.7,2.5,4
2021-07-19 15:31:30.000,26,17.7,2.8,4
2021-07-19 16:01:30.000,20,3.0,0.5,1
2021-07-19 17:01:30.000,12,0.0,0.0,0
2021-07-19 18:01:30.000,7,0.0,0.0,0
2021-07-19 19:01:30.000,6,0.0,0.0,0
2021-07-19 20:16:30.001,6,0.0,0.0,0
2021-07-19 21:01:30.000,4,0.0,0.0,0
2021-07-19 22:01:30.000,2,0.0,0.0,0
2021-07-19 23:01:30.000,0,0.0,0.0,0
2021-07-20 00:01:30.000,0,0.0,0.0,0
2021-07-20 01:31:30.000,4,0.0,0.0,0
2021-07-20 02:01:30.001,3,0.0,0.0,0
2021-07-20 03:01:30.000,0,0.0,0.0,0
2021-07-20 04:31:30.000,1,0.0,0.0,0
2021-07-20 05:46:30.000,6,0.0,0.0,0
2021-07-20 06:31:30.000,10,0.0,0.0,0
2021-07-20 07:46:30.001,14,0.0,0.0,0
2021-07-20 08:46:30.001,18,2.3,0.2,2
2021-07-20 09:16:30.001,20,5.5,0.8,2
2021-07-20 10:16:30.001,20,3.0,0.2,1
2021-07-20 11:31:30.000,17,0.0,0.0,0
2021-07-20 12:46:30.000,19,5.9,0.8,1
2021-07-20 13:46:30.000,24,4.7,0.8,1
2021-07-20 14:46:30.000,29,22.4,3.4,7
2021-07-20 15:01:30.001,29,20.5,2.7,6
2021-07-20 16:01:30.001,26,13.3,2.6,5
2021-07-20 17:01:30.000,15,3.5,0.5,1
2021-07-20 18:01:30.001,9,0.0,0.0,0
2021-07-20 19:01:30.001,7,0.0,0.0,0
2021-07-20 20:16:30.000,7,3.3,0.2,1
2021-07-20 21:01:30.000,6,0.0,0.0,0
2021-07-20 22:01:30.001,3,0.0,0.0,0
2021-07-20 23:01:30.001,1,0.0,0.0,0
2021-07-21 00:01:30.000,0,0.0,0.0,0
2021-07-21 01:01:30.000,0,0.0,0.0,0
2021-07-21 02:01:30.001,0,0.0,0.0,0
2021-07-21 03:16:30.000,1,0.0,0.0,0
2021-07-21 04:01:30.001,0,0.0,0.0,0
2021-07-21 05:01:30.000,0,0.0,0.0,0
2021-07-21 06:01:30.001,0,0.0,0.0,0
2021-07-21 07:46:30.001,3,0.0,0.0,0
2021-07-21 08:46:30.000,7,0.0,0.0,0
2021-07-21 09:16:30.000,9,0.0,0.0,0
2021-07-21 10:16:30.000,11,0.0,0.0,0
2021-07-21 11:01:30.000,8,0.0,0.0,0
2021-07-21 12:46:30.031,9,0.0,0.0,0
2021-07-21 13:31:30.001,11,0.0,0.0,0
2021-07-21 14:46:30.001,13,3.6,0.4,1
2021-07-21 15:31:30.000,15,4.3,0.5,1
2021-07-21 16:01:30.000,13,2.8,0.4,1
2021-07-21 17:01:30.000,11,0.0,0.0,0
2021-07-21 18:01:30.001,8,0.0,0.0,0
2021-07-21 19:01:30.000,6,0.0,0.0,0
2021-07-21 20:31:30.000,7,0.0,0.0,0
2021-07-21 21:01:30.000,5,0.0,0.0,0
2021-07-21 22:01:30.001,1,0.0,0.0,0
2021-07-21 23:01:30.000,0,0.0,0.0,0
2021-07-22 00:01:30.000,0,0.0,0.0,0
2021-07-22 01:01:30.000,0,0.0,0.0,0
2021-07-22 02:01:30.000,0,0.0,0.0,0
2021-07-22 03:01:30.000,0,0.0,0.0,0
2021-07-22 04:01:30.000,0,0.0,0.0,0
2021-07-22 05:46:30.000,4,0.0,0.0,0
2021-07-22 06:01:30.000,7,0.0,0.0,0
2021-07-22 06:46:30.000,10,0.0,0.0,0
2021-07-22 07:46:30.000,14,3.1,0.2,1
2021-07-22 08:46:30.001,18,5.2,0.4,2
2021-07-22 09:46:30.001,22,9.8,1.8,4
2021-07-22 10:16:30.000,24,6.3,0.8,2
2021-07-22 11:01:30.001,18,0.0,0.0,0
2021-07-22 12:46:30.000,22,6.2,1.2,2
2021-07-22 13:16:30.000,25,13.0,2.4,3
2021-07-22 14:31:30.003,28,17.4,3.3,5
2021-07-22 15:01:30.000,28,24.0,3.3,7
2021-07-22 16:01:30.000,23,10.7,1.5,2
2021-07-22 17:01:30.006,16,3.5,0.9,1
2021-07-22 18:01:30.001,8,0.0,0.0,0
2021-07-22 19:31:30.000,7,0.0,0.0,0
2021-07-22 20:01:30.000,6,0.0,0.0,0
2021-07-22 21:01:30.000,5,0.0,0.0,0
2021-07-22 22:01:30.001,2,0.0,0.0,0
2021-07-22 23:01:30.000,0,0.0,0.0,0
2021-07-23 00:01:30.001,0,0.0,0.0,0
2021-07-23 01:01:30.000,0,0.0,0.0,0
2021-07-23 02:01:30.000,0,0.0,0.0,0
2021-07-23 03:01:30.000,0,0.0,0.0,0
2021-07-23 04:01:30.000,0,0.0,0.0,0
2021-07-23 05:46:30.001,6,0.0,0.0,0
2021-07-23 06:46:30.000,10,0.0,0.0,0
2021-07-23 07:46:30.000,14,2.0,0.6,1
2021-07-23 08:46:30.000,18,0.0,0.0,0
2021-07-23 09:31:30.001,20,4.4,0.9,2
2021-07-23 10:01:30.000,19,6.2,1.0,2
2021-07-23 11:01:30.001,18,2.0,0.6,1
2021-07-23 12:46:30.001,19,2.4,0.7,1
2021-07-23 13:01:30.001,21,9.3,1.3,3
2021-07-23 14:16:30.000,26,15.3,3.4,5
2021-07-23 15:01:30.000,25,22.2,3.9,6
2021-07-23 16:01:30.000,21,6.0,1.3,2
2021-07-23 17:01:30.000,18,10.1,1.8,2
2021-07-23 18:01:30.000,11,2.4,0.3,1
2021-07-23 19:01:30.001,8,7.2,0.4,2
2021-07-23 20:01:30.006,8,0.0,0.0,0
2021-07-23 21:01:30.001,7,0.0,0.0,0
2021-07-23 22:16:30.000,5,0.0,0.0,0
2021-07-23 23:01:30.001,1,0.0,0.0,0
2021-07-24 00:01:30.000,0,0.0,0.0,0
2021-07-24 01:01:30.001,0,0.0,0.0,0
2021-07-24 02:01:30.000,0,0.0,0.0,0
2021-07-24 03:01:30.000,0,0.0,0.0,0
2021-07-24 04:01:30.000,0,0.0,0.0,0
2021-07-24 05:01:30.000,0,0.0,0.0,0
2021-07-24 06:46:30.001,3,2.7,0.1,1
2021-07-24 07:46:30.000,8,0.0,0.0,0
2021-07-24 08:46:30.001,13,0.0,0.0,0
2021-07-24 09:46:30.006,17,0.0,0.0,0
2021-07-24 10:01:30.001,18,2.2,0.6,1
2021-07-24 11:46:30.000,32,8.2,2.5,1
2021-07-24 12:01:30.000,26,0.0,0.0,0
2021-07-24 13:01:30.000,16,0.0,0.0,0
2021-07-24 14:16:30.000,17,0.0,0.0,0
2021-07-24 15:01:30.001,18,6.5,1.2,2
2021-07-24 16:46:30.000,29,15.6,9.3,5
2021-07-24 17:16:30.000,58,39.0,7.6,12
2021-07-24 18:01:30.000,30,17.3,2.3,5
2021-07-24 19:46:30.000,13,4.0,0.2,1
2021-07-24 20:01:30.000,12,0.0,0.0,0
2021-07-24 21:01:30.000,11,0.0,0.0,0
2021-07-24 22:01:30.000,7,0.0,0.0,0
2021-07-24 23:01:30.000,3,0.0,0.0,0
2021-07-25 00:01:30.000,1,0.0,0.0,0
2021-07-25 01:01:30.000,0,0.0,0.0,0
2021-07-25 02:01:30.000,0,0.0,0.0,0
2021-07-25 03:01:30.000,0,0.0,0.0,0
2021-07-25 04:01:30.000,0,0.0,0.0,0
2021-07-25 05:01:30.001,0,0.0,0.0,0
2021-07-25 05:46:30.000,1,0.0,0.0,0
2021-07-25 06:31:30.000,2,0.0,0.0,0
2021-07-25 07:46:30.000,5,0.0,0.0,0
2021-07-25 08:46:30.000,9,0.0,0.0,0
2021-07-25 09:16:30.001,11,0.0,0.0,0
2021-07-25 10:16:30.000,14,8.6,0.8,2
2021-07-25 11:01:30.001,10,0.0,0.0,0
2021-07-25 12:16:30.000,10,0.0,0.0,0
2021-07-25 13:31:30.000,11,0.0,0.0,0
2021-07-25 14:31:30.000,13,4.6,0.6,2
2021-07-25 15:01:30.000,12,5.3,0.4,2
2021-07-25 16:01:30.000,13,0.0,0.0,0
2021-07-25 17:01:30.000,10,0.0,0.0,0
2021-07-25 18:16:30.000,8,0.0,0.0,0
2021-07-25 19:01:30.000,7,0.0,0.0,0
2021-07-25 20:01:30.000,5,0.0,0.0,0
2021-07-25 21:01:30.001,5,0.0,0.0,0
2021-07-25 22:01:30.000,1,0.0,0.0,0
2021-07-25 23:01:30.000,0,0.0,0.0,0
2021-07-26 00:01:30.001,0,0.0,0.0,0
2021-07-26 01:01:30.000,0,0.0,0.0,0
2021-07-26 02:01:30.000,1,0.0,0.0,0
2021-07-26 03:46:30.000,1,0.0,0.0,0
2021-07-26 04:46:30.000,3,0.0,0.0,0
2021-07-26 05:46:30.000,7,0.0,0.0,0
2021-07-26 06:46:30.000,11,0.0,0.0,0
2021-07-26 07:01:30.000,13,2.7,0.2,1
2021-07-26 08:16:30.000,16,0.0,0.0,0
2021-07-26 09:01:30.000,18,5.0,0.9,2
2021-07-26 10:46:30.000,20,0.0,0.0,0
2021-07-26 11:01:30.000,17,0.0,0.0,0
2021-07-26 12:31:30.000,20,7.6,0.3,1
2021-07-26 13:46:30.000,21,2.7,0.4,1
2021-07-26 14:46:30.000,29,16.0,2.8,5
2021-07-26 15:16:30.001,34,25.8,4.3,8
2021-07-26 16:01:30.000,26,20.4,2.8,6
2021-07-26 17:01:30.000,12,0.0,0.0,0
2021-07-26 18:01:30.001,8,0.0,0.0,0
2021-07-26 19:46:30.001,7,0.0,0.0,0
2021-07-26 20:01:30.000,6,0.0,0.0,0
2021-07-26 21:01:30.000,3,0.0,0.0,0
2021-07-26 22:01:30.000,0,0.0,0.0,0
2021-07-26 23:16:30.000,2,0.0,0.0,0
2021-07-27 00:01:30.000,0,0.0,0.0,0
2021-07-27 01:01:30.001,1,0.0,0.0,0
2021-07-27 02:16:30.000,2,0.0,0.0,0
2021-07-27 03:16:30.000,1,0.0,0.0,0
2021-07-27 04:01:30.001,1,0.0,0.0,0
2021-07-27 05:31:30.000,4,0.0,0.0,0
2021-08-02 07:16:30.000,13,0.8,0.2,1
2021-08-02 08:31:30.000,16,3.5,0.3,1
2021-08-02 09:46:30.000,17,0.0,0.0,0
2021-08-02 10:16:30.001,21,3.1,0.3,1
2021-08-02 11:01:30.001,19,6.2,1.0,2
2021-08-02 12:01:30.001,17,0.0,0.0,0
2021-08-02 13:16:30.000,19,4.1,0.4,2
2021-08-02 14:31:30.000,25,12.7,2.3,4
2021-08-02 15:01:30.000,25,7.6,1.0,3
2021-08-02 16:01:30.000,17,0.0,0.0,0
2021-08-02 17:01:30.001,11,0.0,0.0,0
2021-08-02 18:01:30.000,6,0.0,0.0,0
2021-08-02 19:31:30.001,5,0.0,0.0,0
2021-08-02 20:01:30.000,4,0.0,0.0,0
2021-08-02 21:01:30.001,1,0.0,0.0,0
2021-08-02 22:16:30.001,1,0.0,0.0,0
2021-08-02 23:01:30.000,0,0.0,0.0,0
2021-08-03 00:01:30.000,0,0.0,0.0,0
2021-08-03 01:01:30.000,1,0.0,0.0,0
2021-08-03 02:46:30.000,13,0.0,0.0,0
2021-08-03 03:01:30.000,14,0.0,0.0,0
2021-08-03 04:16:30.000,6,0.0,0.0,0
2021-08-03 05:46:30.000,9,0.0,0.0,0
2021-08-03 06:46:30.000,13,1.7,0.4,1
2021-08-03 07:01:30.000,14,0.0,0.0,0
2021-08-03 08:31:30.148,16,0.0,0.0,0
2021-08-03 09:46:30.000,19,6.1,0.4,2
2021-08-03 10:01:30.000,20,2.9,0.6,1
2021-08-03 11:46:30.000,17,0.0,0.0,0
2021-08-03 12:46:30.001,20,1.9,0.4,1
2021-08-03 13:46:30.000,22,14.3,3.0,3
2021-08-03 14:31:30.001,26,15.2,2.7,6
2021-08-03 15:01:30.000,25,15.5,2.7,5
2021-08-03 16:01:30.000,21,2.7,0.4,1
2021-08-03 17:01:30.001,14,1.9,0.7,1
2021-08-03 18:01:30.001,6,0.0,0.0,0
2021-08-03 19:01:30.001,5,0.0,0.0,0
2021-08-03 20:16:30.000,5,0.0,0.0,0
2021-08-03 21:01:30.001,4,0.0,0.0,0
2021-08-03 22:01:30.000,1,0.0,0.0,0
2021-08-03 23:01:30.001,0,0.0,0.0,0
2021-08-04 00:46:30.000,1,0.0,0.0,0
2021-08-04 01:16:30.000,5,0.0,0.0,0
2021-08-04 02:16:30.000,5,0.0,0.0,0
2021-08-04 03:01:30.000,0,0.0,0.0,0
2021-08-04 04:46:30.001,1,0.0,0.0,0
2021-08-04 05:46:30.000,5,0.0,0.0,0
2021-08-04 06:46:30.000,9,2.7,0.8,1
2021-08-04 07:46:30.000,13,2.3,0.5,1
2021-08-04 08:31:30.001,18,3.0,0.5,1
2021-08-04 09:46:30.001,18,1.7,0.6,1
2021-08-04 10:01:30.001,19,0.0,0.0,0
2021-08-04 11:01:30.000,17,10.2,0.9,3
2021-08-04 12:46:30.000,20,0.0,0.0,0
2021-08-04 13:16:30.000,21,9.0,1.6,3
2021-08-04 14:16:30.000,23,7.0,1.0,3
2021-08-04 15:31:30.000,24,10.2,1.9,3
2021-08-04 16:01:30.000,20,9.2,2.0,3
2021-08-04 17:01:30.000,12,0.0,0.0,0
2021-08-04 18:01:30.000,7,0.0,0.0,0
2021-08-04 19:01:30.000,5,2.1,0.2,1
2021-08-04 20:01:30.000,6,0.0,0.0,0
2021-08-04 21:01:30.000,4,0.0,0.0,0
2021-08-04 22:01:30.000,1,0.0,0.0,0
2021-08-04 23:01:30.001,0,0.0,0.0,0
2021-08-05 00:01:30.001,0,0.0,0.0,0
2021-08-05 01:01:30.000,0,0.0,0.0,0
2021-08-05 02:01:30.000,0,0.0,0.0,0
2021-08-05 03:46:30.000,1,0.0,0.0,0
2021-08-05 04:01:30.000,3,0.0,0.0,0
2021-08-05 05:46:30.000,7,0.0,0.0,0
2021-08-05 06:46:30.000,13,0.0,0.0,0
2021-08-05 07:01:30.000,14,0.0,0.0,0
2021-08-05 08:46:30.000,18,0.0,0.0,0
2021-08-05 09:16:30.000,20,0.0,0.0,0
2021-08-05 10:01:30.000,19,0.0,0.0,0
2021-08-05 11:16:30.001,17,0.0,0.0,0
2021-08-05 12:46:30.000,19,5.0,0.8,1
2021-08-05 13:46:30.000,22,5.1,1.3,2
2021-08-05 14:31:30.000,26,19.0,2.4,5
2021-08-05 15:01:30.001,26,18.7,2.9,4
2021-08-05 16:01:30.000,22,10.5,2.3,3
2021-08-05 17:01:30.001,17,7.8,1.0,2
2021-08-05 18:01:30.000,9,0.0,0.0,0
2021-08-05 19:31:30.000,5,0.0,0.0,0
2021-08-05 20:01:30.000,6,0.0,0.0,0
2021-08-05 21:01:30.000,3,0.0,0.0,0
2021-08-05 22:01:30.000,1,0.0,0.0,0
2021-08-05 23:01:30.000,0,0.0,0.0,0
2021-08-06 00:01:30.000,1,0.0,0.0,0
2021-08-06 01:01:30.000,0,0.0,0.0,0
2021-08-06 02:01:30.000,0,0.0,0.0,0
2021-08-06 03:01:30.000,0,0.0,0.0,0
2021-08-06 04:46:30.001,2,0.0,0.0,0
2021-08-06 05:31:30.001,6,0.0,0.0,0
2021-08-06 06:46:30.000,12,7.8,2.0,2
2021-08-06 07:31:30.000,14,0.0,0.0,0
2021-08-06 08:46:30.000,18,0.0,0.0,0
2021-08-06 09:31:30.000,20,0.0,0.0,0
2021-08-06 10:16:30.000,21,2.0,0.3,1
2021-08-06 11:01:30.000,18,3.9,0.2,1
2021-08-06 12:46:30.000,20,0.0,0.0,0
2021-08-06 13:46:30.000,25,17.5,3.2,4
2021-08-06 14:01:30.000,26,13.8,2.0,4
2021-08-06 15:31:30.001,29,26.1,5.2,7
2021-08-06 16:01:30.000,25,18.1,3.1,4
2021-08-06 17:01:30.000,16,7.1,1.1,1
2021-08-06 18:31:30.000,10,0.0,0.0,0
2021-08-06 19:46:30.000,9,2.6,0.3,1
2021-08-06 20:01:30.000,9,2.6,0.3,1
2021-08-06 21:01:30.000,11,0.0,0.0,0
2021-08-06 22:01:30.000,5,0.0,0.0,0
2021-08-06 23:01:30.001,3,0.0,0.0,0
2021-08-07 00:01:30.000,0,0.0,0.0,0
2021-08-07 01:01:30.000,0,0.0,0.0,0
2021-08-07 02:01:30.000,0,0.0,0.0,0
2021-08-07 03:01:30.000,0,0.0,0.0,0
2021-08-07 04:01:30.000,0,0.0,0.0,0
2021-08-07 05:46:30.000,1,0.0,0.0,0
2021-08-07 06:16:30.000,2,3.2,0.1,1
2021-08-07 07:46:30.000,7,0.0,0.0,0
2021-08-07 08:46:30.001,14,0.0,0.0,0
2021-08-07 09:46:30.000,20,2.0,0.4,1
2021-08-07 10:01:30.000,20,5.4,1.3,2
2021-08-07 11:01:30.000,16,0.0,0.0,0
2021-08-07 12:31:30.000,16,0.0,0.0,0
2021-08-07 13:46:30.000,18,4.5,1.3,2
2021-08-07 14:16:30.000,21,4.7,1.2,2
2021-08-07 15:01:30.000,17,7.0,0.3,2
2021-08-07 16:46:30.000,21,5.2,1.1,1
2021-08-07 17:01:30.001,20,5.2,1.1,1
2021-08-07 18:01:30.000,8,0.0,0.0,0
2021-08-07 19:01:30.000,5,0.0,0.0,0
2021-08-07 20:16:30.000,7,0.0,0.0,0
2021-08-07 21:01:30.000,5,0.0,0.0,0
2021-08-07 22:01:30.000,3,0.0,0.0,0
2021-08-07 23:01:30.001,2,0.0,0.0,0
2021-08-08 00:01:30.000,0,0.0,0.0,0
2021-08-08 01:01:30.000,0,0.0,0.0,0
2021-08-08 02:01:30.000,0,0.0,0.0,0
2021-08-08 03:01:30.000,0,0.0,0.0,0
2021-08-08 04:01:30.000,0,0.0,0.0,0
2021-08-08 05:01:30.000,0,0.0,0.0,0
2021-08-08 06:46:30.001,1,0.0,0.0,0
2021-08-08 07:46:30.000,4,0.0,0.0,0
2021-08-08 08:46:30.000,9,0.0,0.0,0
2021-08-08 09:16:30.000,10,5.1,0.2,1
2021-08-08 10:16:30.000,15,10.9,1.9,4
2021-08-08 11:01:30.000,11,0.0,0.0,0
2021-08-08 12:01:30.001,9,2.0,0.2,1
2021-08-08 13:31:30.000,13,7.0,0.9,3
2021-08-08 14:16:30.001,15,9.2,1.1,2
2021-08-08 15:16:30.001,17,18.5,2.8,4
2021-08-08 16:01:30.000,13,2.3,0.2,1
2021-08-08 17:01:30.000,10,0.0,0.0,0
2021-08-08 18:01:30.000,6,0.0,0.0,0
2021-08-08 19:16:30.000,5,0.0,0.0,0
2021-08-08 20:01:30.000,5,0.0,0.0,0
2021-08-08 21:16:30.000,2,0.0,0.0,0
2021-08-08 22:01:30.001,0,0.0,0.0,0
2021-08-08 23:01:30.000,0,0.0,0.0,0
2021-08-09 00:01:30.001,0,0.0,0.0,0
2021-08-09 01:46:30.001,2,0.0,0.0,0
2021-08-09 02:01:30.000,2,0.0,0.0,0
2021-08-09 03:01:30.000,0,0.0,0.0,0
2021-08-09 04:46:30.000,2,0.0,0.0,0
2021-08-09 05:46:30.000,6,0.0,0.0,0
2021-08-09 06:46:30.000,11,0.0,0.0,0
2021-08-09 07:01:30.000,11,0.0,0.0,0
2021-08-09 07:46:30.001,14,0.0,0.0,0
2021-08-09 08:46:30.000,17,0.0,0.0,0
2021-08-09 09:16:30.001,18,0.0,0.0,0
2021-08-09 10:01:30.000,18,0.0,0.0,0
2021-08-09 11:16:30.000,17,0.0,0.0,0
2021-08-09 12:46:30.001,19,0.0,0.0,0
2021-08-09 13:46:30.000,23,6.0,0.7,2
2021-08-09 14:46:30.000,25,12.9,2.2,2
2021-08-09 15:01:30.000,27,21.4,3.7,6
2021-08-09 16:01:30.001,18,0.0,0.0,0
2021-08-09 17:01:30.000,11,0.0,0.0,0
2021-08-09 18:01:30.000,5,0.0,0.0,0
2021-08-09 19:46:30.001,6,0.0,0.0,0
2021-08-09 20:01:30.000,7,0.0,0.0,0
2021-08-09 21:01:30.001,3,0.0,0.0,0
2021-08-09 22:16:30.001,3,6.9,0.3,1
2021-08-09 23:01:30.000,0,0.0,0.0,0
2021-08-10 00:31:30.000,1,0.0,0.0,0
2021-08-10 01:31:30.001,6,0.0,0.0,0
2021-08-10 02:01:30.000,5,0.0,0.0,0
2021-08-10 03:16:30.000,2,0.0,0.0,0
2021-08-10 04:31:30.000,2,0.0,0.0,0
2021-08-10 05:46:30.000,7,0.0,0.0,0
2021-08-10 06:46:30.000,13,1.8,0.4,1
2021-08-10 07:46:30.000,15,0.0,0.0,0
2021-08-10 08:46:30.000,20,0.0,0.0,0
2021-08-10 09:46:30.000,21,6.5,0.9,2
2021-08-10 10:01:30.000,21,2.8,0.6,1
2021-08-10 11:01:30.000,17,0.0,0.0,0
2021-08-10 12:16:30.000,19,3.1,0.4,1
2021-08-10 13:46:30.000,22,7.0,1.6,2
2021-08-10 14:46:30.000,31,33.4,5.0,7
2021-08-10 15:01:30.000,29,19.8,3.3,4
2021-08-10 16:01:30.001,22,12.0,2.2,3
2021-08-10 17:01:30.000,14,4.0,0.9,1
2021-08-10 18:01:30.000,7,0.0,0.0,0
2021-08-10 19:01:30.000,5,0.0,0.0,0
2021-08-10 20:01:30.000,6,0.0,0.0,0
2021-08-10 21:01:30.001,2,0.0,0.0,0
2021-08-10 22:01:30.000,1,0.0,0.0,0
2021-08-10 23:01:30.000,0,0.0,0.0,0
2021-08-11 00:01:30.000,0,0.0,0.0,0
2021-08-11 01:46:30.000,1,0.0,0.0,0
2021-08-11 02:01:30.000,0,0.0,0.0,0
2021-08-11 03:01:30.000,0,0.0,0.0,0
2021-08-11 04:31:30.000,2,0.0,0.0,0
2021-08-11 05:46:30.000,7,4.6,0.7,2
2021-08-11 06:46:30.000,13,7.1,1.0,1
2021-08-11 07:46:30.000,15,16.3,1.5,2
2021-08-11 08:01:30.001,19,11.0,1.6,1
2021-08-11 09:16:30.000,24,10.3,1.9,2
2021-08-11 10:01:30.001,23,15.6,2.0,5
2021-08-11 11:01:30.000,19,0.0,0.0,0
2021-08-11 12:46:30.000,21,6.2,1.5,2
2021-08-11 13:46:30.000,24,16.4,2.5,5
2021-08-11 14:31:30.000,26,18.3,2.8,4
2021-08-11 15:01:30.001,25,15.5,2.1,3
2021-08-11 16:01:30.001,21,10.9,2.2,3
2021-08-11 17:01:30.000,14,0.0,0.0,0
2021-08-11 18:01:30.000,8,0.0,0.0,0
2021-08-11 19:31:30.000,7,0.0,0.0,0
2021-08-11 20:01:30.001,7,0.0,0.0,0
2021-08-11 21:01:30.001,4,0.0,0.0,0
2021-08-11 22:01:30.000,1,0.0,0.0,0
2021-08-11 23:01:30.000,0,0.0,0.0,0
2021-08-12 00:01:30.000,0,0.0,0.0,0
2021-08-12 01:01:30.000,0,0.0,0.0,0
2021-08-12 02:01:30.001,0,0.0,0.0,0
2021-08-12 03:01:30.000,0,0.0,0.0,0
2021-08-12 04:31:30.001,1,0.0,0.0,0
2021-08-12 05:46:30.000,7,0.0,0.0,0
2021-08-12 06:46:30.000,11,0.0,0.0,0
2021-08-12 07:01:30.000,13,1.9,0.4,1
2021-08-12 07:16:30.000,14,0.0,0.0,0
2021-08-12 08:46:30.000,18,0.0,0.0,0
2021-08-12 09:16:30.000,21,0.0,0.0,0
2021-08-12 10:16:30.000,22,9.1,1.7,3
2021-08-12 11:01:30.000,18,0.0,0.0,0
2021-08-12 12:46:30.000,21,8.4,0.9,3
2021-08-12 13:31:30.000,21,3.9,0.9,2
2021-08-12 14:46:30.000,24,10.1,2.0,3
2021-08-12 15:01:30.000,23,5.0,1.0,2
2021-08-12 16:01:30.000,18,5.0,0.9,2
2021-08-12 17:01:30.001,15,2.2,0.3,1
2021-08-12 18:01:30.000,8,0.0,0.0,0
2021-08-12 19:31:30.001,6,0.0,0.0,0
2021-08-12 20:01:30.000,6,0.0,0.0,0
2021-08-12 21:01:30.001,4,0.0,0.0,0
2021-08-12 22:01:30.001,2,0.0,0.0,0
2021-08-12 23:01:30.000,0,0.0,0.0,0
2021-08-13 00:01:30.001,0,0.0,0.0,0
2021-08-13 01:01:30.000,0,0.0,0.0,0
2021-08-13 02:01:30.000,0,0.0,0.0,0
2021-08-13 03:01:30.000,0,0.0,0.0,0
2021-08-13 04:31:30.000,1,0.0,0.0,0
2021-08-13 05:46:30.000,6,0.0,0.0,0
2021-08-13 06:46:30.001,12,2.6,0.5,1
2021-08-13 07:46:30.000,15,7.3,1.4,2
2021-08-13 08:46:30.001,19,8.6,1.1,2
2021-08-13 09:46:30.001,25,0.0,0.0,0
2021-08-13 10:16:30.000,24,2.0,0.7,1
2021-08-13 11:01:30.000,20,8.9,1.5,3
2021-08-13 12:31:30.001,19,7.5,1.1,3
2021-08-13 13:31:30.000,24,13.4,2.0,3
2021-08-13 14:31:30.000,30,29.9,4.8,6
2021-08-13 15:01:30.000,27,26.4,3.8,6
2021-08-13 16:01:30.000,24,17.8,3.1,3
2021-08-13 17:01:30.000,18,5.0,1.3,2
2021-08-13 18:01:30.000,11,0.0,0.0,0
2021-08-13 19:31:30.001,8,0.0,0.0,0
2021-08-13 20:01:30.001,8,0.0,0.0,0
2021-08-13 21:01:30.001,6,0.0,0.0,0
2021-08-13 22:01:30.000,5,0.0,0.0,0
2021-08-13 23:01:30.000,2,0.0,0.0,0
2021-08-14 00:01:30.000,0,0.0,0.0,0
2021-08-14 01:01:30.001,0,0.0,0.0,0
2021-08-14 02:01:30.000,0,0.0,0.0,0
2021-08-14 03:01:30.136,0,0.0,0.0,0
2021-08-14 04:01:30.000,0,0.0,0.0,0
2021-08-14 05:01:30.000,0,0.0,0.0,0
2021-08-14 06:31:30.000,3,0.0,0.0,0
2021-08-14 07:46:30.000,10,0.0,0.0,0
2021-08-14 08:46:30.000,16,2.7,0.2,1
2021-08-14 09:46:30.000,20,1.2,1.4,1
2021-08-14 10:16:30.000,22,7.7,1.4,2
2021-08-14 11:01:30.000,16,0.0,0.0,0
2021-08-14 12:31:30.000,18,4.3,1.2,2
2021-08-14 13:46:30.000,19,9.4,1.8,3
2021-08-14 14:46:30.000,20,6.3,0.9,2
2021-08-14 15:01:30.001,19,8.3,0.8,2
2021-08-14 16:01:30.000,18,9.1,1.9,3
2021-08-14 17:01:30.000,17,4.5,0.8,2
2021-08-14 18:01:30.000,10,0.0,0.0,0
2021-08-14 19:31:30.000,9,0.0,0.0,0
2021-08-14 20:01:30.000,8,0.0,0.0,0
2021-08-14 21:01:30.000,7,0.0,0.0,0
2021-08-14 22:01:30.001,4,0.0,0.0,0
2021-08-14 23:01:30.000,4,2.2,0.5,1
2021-08-15 00:01:30.001,1,0.0,0.0,0
2021-08-15 01:01:30.001,0,0.0,0.0,0
2021-08-15 02:01:30.001,0,0.0,0.0,0
2021-08-15 03:01:30.001,0,0.0,0.0,0
2021-08-15 04:01:30.001,0,0.0,0.0,0
2021-08-15 05:01:30.000,0,0.0,0.0,0
2021-08-15 06:46:30.000,2,0.0,0.0,0
2021-08-15 07:46:30.000,8,7.5,1.0,2
2021-08-15 08:16:30.000,9,2.2,0.2,1
2021-08-15 09:46:30.000,14,10.8,1.9,2
2021-08-15 10:31:30.000,23,15.7,3.4,4
2021-08-15 11:01:30.000,14,2.1,0.2,1
2021-08-15 12:46:30.000,12,3.3,0.7,1
2021-08-15 13:16:30.001,12,0.0,0.0,0
2021-08-15 14:01:30.000,12,0.0,0.0,0
2021-08-15 15:31:30.000,13,2.6,0.6,1
2021-08-15 16:31:30.001,24,7.3,1.8,2
2021-08-15 17:01:30.000,16,3.8,2.2,2
2021-08-15 18:01:30.001,8,3.4,0.6,1
2021-08-15 19:46:30.000,6,0.0,0.0,0
2021-08-15 20:01:30.001,5,0.0,0.0,0
2021-08-15 21:01:30.001,3,0.0,0.0,0
2021-08-15 22:01:30.000,0,0.0,0.0,0
2021-08-15 23:01:30.000,0,0.0,0.0,0
2021-08-16 00:01:30.000,0,0.0,0.0,0
2021-08-16 01:01:30.000,0,0.0,0.0,0
2021-08-16 02:01:30.000,0,0.0,0.0,0
2021-08-16 03:01:30.001,0,0.0,0.0,0
2021-08-16 04:31:30.000,1,0.0,0.0,0
2021-08-16 05:46:30.000,6,0.0,0.0,0
2021-08-16 06:46:30.001,12,0.0,0.0,0
2021-08-16 07:01:30.001,13,0.0,0.0,0
2021-08-16 08:46:30.001,18,1.7,0.2,1
2021-08-16 09:16:30.000,18,0.0,0.0,0
2021-08-16 10:31:30.000,22,14.8,1.2,4
2021-08-16 11:01:30.000,20,9.4,1.0,3
2021-08-16 12:01:30.000,18,2.7,0.6,1
2021-08-16 13:16:30.000,22,4.2,0.8,2
2021-08-16 14:31:30.000,28,19.2,2.5,5
2021-08-16 15:01:30.001,27,25.5,3.0,7
2021-08-16 16:01:30.000,25,12.6,2.0,4
2021-08-16 17:01:30.000,16,0.0,0.0,0
2021-08-16 18:01:30.001,7,0.0,0.0,0
2021-08-16 19:16:30.001,5,0.0,0.0,0
2021-08-16 20:31:30.000,6,0.0,0.0,0
2021-08-16 21:01:30.000,3,0.0,0.0,0
2021-08-16 22:01:30.000,1,0.0,0.0,0
2021-08-16 23:01:30.001,0,0.0,0.0,0
2021-08-17 00:16:30.000,1,0.0,0.0,0
2021-08-17 01:01:30.000,0,0.0,0.0,0
2021-08-17 02:16:30.000,1,0.0,0.0,0
2021-08-17 03:01:30.000,0,0.0,0.0,0
2021-08-17 04:31:30.000,1,0.0,0.0,0
2021-08-17 05:46:30.000,8,0.0,0.0,0
2021-08-17 06:31:30.000,15,2.3,0.4,1
2021-08-17 07:01:30.000,16,1.8,0.4,1
2021-08-17 08:46:30.001,19,4.5,0.3,1
2021-08-17 09:01:30.001,22,9.6,1.3,3
2021-08-17 10:01:30.000,20,7.8,0.4,1
2021-08-17 11:01:30.000,20,0.0,0.0,0
2021-08-17 12:16:30.001,22,8.5,1.2,2
2021-08-17 13:46:30.000,29,17.0,2.3,4
2021-08-17 14:31:00.001,40,42.7,6.2,10
2021-08-17 15:01:30.001,35,13.6,2.3,3
2021-08-17 16:01:30.000,24,6.1,1.4,2
2021-08-17 17:01:30.000,14,0.0,0.0,0
2021-08-17 18:01:30.000,7,0.0,0.0,0
2021-08-17 19:01:30.000,5,0.0,0.0,0
2021-08-17 20:01:30.000,5,3.0,0.3,1
2021-08-17 21:01:30.001,3,0.0,0.0,0
2021-08-17 22:01:30.000,1,0.0,0.0,0
2021-08-17 23:01:30.000,0,0.0,0.0,0
2021-08-18 00:01:30.000,0,0.0,0.0,0
2021-08-18 01:46:30.000,2,0.0,0.0,0
2021-08-18 02:01:30.000,0,0.0,0.0,0
2021-08-18 03:01:30.000,0,0.0,0.0,0
2021-08-18 04:46:30.000,2,0.0,0.0,0
2021-08-18 05:46:30.000,7,0.0,0.0,0
2021-08-18 06:46:30.001,14,0.0,0.0,0
2021-08-18 07:01:30.000,17,1.8,0.6,1
2021-08-18 08:46:30.001,19,0.0,0.0,0
2021-08-18 09:16:30.000,22,0.8,0.1,1
2021-08-18 10:16:30.000,21,0.0,0.0,0
2021-08-18 11:46:30.001,19,0.0,0.0,0
2021-08-18 12:46:30.000,23,7.6,1.2,2
2021-08-18 13:46:30.001,24,12.5,1.5,3
2021-08-18 14:31:30.000,30,23.4,2.7,5
2021-08-18 15:01:30.000,28,22.5,3.7,7
2021-08-18 16:01:30.000,23,2.8,0.5,1
2021-08-18 17:01:30.000,12,0.0,0.0,0
2021-08-18 18:01:30.000,8,3.5,0.6,1
2021-08-18 19:16:30.000,5,0.0,0.0,0
2021-08-18 20:16:30.000,6,0.0,0.0,0
2021-08-18 21:01:30.000,2,0.0,0.0,0
2021-08-18 22:01:30.000,1,0.0,0.0,0
2021-08-18 23:01:30.000,0,0.0,0.0,0
2021-08-19 00:01:30.000,0,0.0,0.0,0
2021-08-19 01:46:30.001,2,0.0,0.0,0
2021-08-19 02:31:30.000,3,0.0,0.0,0
2021-08-19 03:01:30.000,2,0.0,0.0,0
2021-08-19 04:31:30.000,2,0.0,0.0,0
2021-08-19 05:46:30.001,8,0.0,0.0,0
2021-08-19 06:46:30.000,17,10.6,1.7,4
2021-08-19 07:01:30.000,21,16.5,2.4,5
2021-08-19 08:46:30.000,18,4.2,0.3,1
2021-08-19 09:16:30.000,21,12.3,0.5,2
2021-08-19 10:16:30.000,21,0.0,0.0,0
2021-08-19 11:01:30.000,19,2.6,0.1,1
2021-08-19 12:31:30.000,20,6.4,0.4,2
2021-08-19 13:46:30.000,23,10.9,2.1,4
2021-08-19 14:31:30.001,30,21.1,2.8,6
2021-08-19 15:01:30.000,29,20.5,2.2,5
2021-08-19 16:01:30.000,24,7.5,1.2,2
2021-08-19 17:01:30.000,14,0.0,0.0,0
2021-08-19 18:01:30.000,6,0.0,0.0,0
2021-08-19 19:46:30.000,6,0.0,0.0,0
2021-08-19 20:01:30.000,5,0.0,0.0,0
2021-08-19 21:01:30.000,1,0.0,0.0,0
2021-08-19 22:01:30.000,0,0.0,0.0,0
2021-08-19 23:01:30.000,0,0.0,0.0,0
2021-08-20 00:01:30.000,0,0.0,0.0,0
2021-08-20 01:01:30.000,0,0.0,0.0,0
2021-08-20 02:01:30.000,0,0.0,0.0,0
2021-08-20 03:01:30.000,0,0.0,0.0,0
2021-08-20 04:46:30.000,2,0.0,0.0,0
2021-08-20 05:46:30.000,7,0.0,0.0,0
2021-08-20 06:46:30.000,14,0.0,0.0,0
2021-08-20 07:01:30.000,17,11.2,1.4,3
2021-08-20 08:01:30.000,17,0.0,0.0,0
2021-08-20 09:31:30.000,19,5.7,0.3,1
2021-08-20 10:01:30.000,19,8.3,0.9,2
2021-08-20 11:01:30.000,18,0.0,0.0,0
2021-08-20 12:31:30.000,19,6.7,0.8,1
2021-08-20 13:31:30.000,23,10.9,1.0,2
2021-08-20 14:46:30.000,28,21.4,2.3,3
2021-08-20 15:31:30.000,26,17.0,2.2,5
2021-08-20 16:01:30.000,22,9.2,1.1,2
2021-08-20 17:01:30.000,18,7.1,1.0,3
2021-08-20 18:01:30.000,8,0.0,0.0,0
2021-08-20 19:16:30.001,7,0.0,0.0,0
2021-08-20 20:01:30.000,6,0.0,0.0,0
2021-08-20 21:01:30.000,4,0.0,0.0,0
2021-08-20 22:01:30.000,3,1.5,0.1,1
2021-08-20 23:01:30.000,0,0.0,0.0,0
2021-08-21 00:01:30.000,0,0.0,0.0,0
2021-08-21 01:01:30.000,0,0.0,0.0,0
2021-08-21 02:01:30.000,0,0.0,0.0,0
2021-08-21 03:01:30.001,0,0.0,0.0,0
2021-08-21 04:01:30.000,0,0.0,0.0,0
2021-08-21 05:01:30.001,0,0.0,0.0,0
2021-08-21 06:46:30.000,3,0.0,0.0,0
2021-08-21 07:46:30.000,7,0.0,0.0,0
2021-08-21 08:46:30.000,14,0.0,0.0,0
2021-08-21 09:46:30.001,18,0.0,0.0,0
2021-08-21 10:16:30.001,20,7.9,1.0,2
2021-08-21 11:01:30.001,17,2.8,0.4,1
2021-08-21 12:31:30.000,18,4.5,0.8,2
2021-08-21 13:01:30.000,20,4.8,1.0,2
2021-08-21 14:16:30.000,20,6.1,0.8,1
2021-08-21 15:01:30.000,18,3.3,0.5,1
2021-08-21 16:01:30.000,19,7.2,1.2,2
2021-08-21 17:01:30.000,18,6.6,1.2,2
2021-08-21 18:01:30.001,12,0.0,0.0,0
2021-08-21 19:01:30.001,9,2.8,0.2,1
2021-08-21 20:46:30.001,11,0.0,0.0,0
2021-08-21 21:01:30.000,15,0.0,0.0,0
2021-08-21 22:01:30.000,4,0.0,0.0,0
2021-08-21 23:01:30.000,2,0.0,0.0,0
2021-08-22 00:01:30.000,0,0.0,0.0,0
2021-08-22 01:01:30.000,0,0.0,0.0,0
2021-08-22 02:01:30.000,0,0.0,0.0,0
2021-08-22 03:01:30.001,0,0.0,0.0,0
2021-08-22 04:01:30.001,0,0.0,0.0,0
2021-08-22 05:01:30.001,0,0.0,0.0,0
2021-08-22 06:01:30.000,0,0.0,0.0,0
2021-08-22 07:46:30.001,3,0.0,0.0,0
2021-08-22 08:01:30.000,4,0.0,0.0,0
2021-08-22 08:46:30.001,6,0.0,0.0,0
2021-08-22 09:46:30.000,8,0.0,0.0,0
2021-08-22 10:01:30.000,9,0.0,0.0,0
2021-08-22 11:01:30.001,7,0.0,0.0,0
2021-08-22 12:31:30.001,7,0.0,0.0,0
2021-08-22 13:46:30.000,16,0.0,0.0,0
2021-08-22 14:01:30.000,15,0.0,0.0,0
2021-08-22 15:01:30.000,9,0.0,0.0,0
2021-08-22 16:01:30.001,8,0.0,0.0,0
2021-08-22 17:01:30.000,8,0.0,0.0,0
2021-08-22 18:01:30.000,5,0.0,0.0,0
2021-08-22 19:16:30.000,5,0.0,0.0,0
2021-08-22 20:01:30.000,4,0.0,0.0,0
2021-08-22 21:01:30.000,3,0.0,0.0,0
2021-08-22 22:01:30.000,1,0.0,0.0,0
2021-08-22 23:01:30.000,0,0.0,0.0,0
2021-08-23 00:01:30.001,0,0.0,0.0,0
2021-08-23 01:46:30.000,1,0.0,0.0,0
2021-08-23 02:31:30.000,1,0.0,0.0,0
2021-08-23 03:31:30.000,1,0.0,0.0,0
2021-08-23 04:31:30.000,2,0.0,0.0,0
2021-08-23 05:46:30.001,10,5.4,1.0,2
2021-08-23 06:46:30.000,18,1.7,0.6,1
2021-08-23 07:01:30.000,21,5.5,1.0,2
2021-08-23 08:01:30.001,15,0.0,0.0,0
2021-08-23 09:01:30.000,18,2.2,0.2,1
2021-08-23 10:31:30.001,18,4.3,0.3,1
2021-08-23 11:01:30.000,17,1.8,0.0,1
2021-08-23 12:01:30.000,19,4.1,0.7,2
2021-08-23 13:31:30.001,22,10.7,1.4,3
2021-08-23 14:46:30.000,27,13.7,2.2,4
2021-08-23 15:01:30.000,27,9.6,2.1,3
2021-08-23 16:01:30.000,22,2.1,0.4,1
2021-08-23 17:01:30.001,12,2.2,0.3,1
2021-08-23 18:01:30.000,6,0.0,0.0,0
2021-08-23 19:16:30.000,5,0.0,0.0,0
2021-08-23 20:16:30.001,4,0.0,0.0,0
2021-08-23 21:31:30.000,3,0.0,0.0,0
2021-08-23 22:01:30.000,0,0.0,0.0,0
2021-08-23 23:01:30.000,0,0.0,0.0,0
2021-08-24 00:01:30.000,0,0.0,0.0,0
2021-08-24 01:16:30.001,3,0.0,0.0,0
2021-08-24 02:16:30.001,3,0.0,0.0,0
2021-08-24 03:01:30.000,1,0.0,0.0,0
2021-08-24 04:31:30.000,1,0.0,0.0,0
2021-08-24 05:46:30.000,7,1.0,0.6,1
2021-08-24 06:46:30.001,16,3.7,0.5,1
2021-08-24 07:01:30.000,17,0.0,0.0,0
2021-08-24 08:31:30.000,20,2.3,0.3,1
2021-08-24 08:46:30.000,21,0.0,0.0,0
2021-08-24 09:16:30.000,23,11.0,1.5,4
2021-08-24 10:16:30.000,24,14.6,1.9,3
2021-08-24 11:46:30.000,25,26.2,2.5,8
2021-08-24 12:01:30.000,28,15.4,2.0,5
2021-08-24 13:01:30.000,29,17.8,1.8,4
2021-08-24 14:31:30.000,35,26.8,3.6,7
2021-08-24 15:31:30.000,35,30.7,3.3,7
2021-08-24 16:01:30.001,28,18.4,1.8,4
2021-08-24 17:01:30.001,15,0.0,0.0,0
2021-08-24 18:01:30.000,8,1.5,0.2,1
2021-08-24 19:31:30.000,7,0.0,0.0,0
2021-08-24 20:01:30.000,5,0.0,0.0,0
2021-08-24 21:01:30.000,2,0.0,0.0,0
2021-08-24 22:01:30.000,0,0.0,0.0,0
2021-08-24 23:01:30.000,0,0.0,0.0,0
2021-08-25 00:01:30.000,0,0.0,0.0,0
2021-08-25 01:01:30.000,0,0.0,0.0,0
2021-08-25 02:01:30.000,0,0.0,0.0,0
2021-08-25 03:01:30.000,0,0.0,0.0,0
2021-08-25 04:46:30.001,2,0.0,0.0,0
2021-08-25 05:46:30.000,6,0.0,0.0,0
2021-08-25 06:46:30.000,13,1.9,0.6,1
2021-08-25 07:01:30.001,16,0.0,0.0,0
2021-08-25 08:46:30.000,19,0.0,0.0,0
2021-08-25 09:46:30.000,22,10.2,1.2,3
2021-08-25 10:16:30.000,24,12.4,1.6,2
2021-08-25 11:01:30.000,22,1.9,0.4,1
2021-08-25 12:46:30.000,24,11.2,1.2,2
2021-08-25 13:46:30.000,27,14.8,2.0,4
2021-08-25 14:46:30.000,33,32.9,3.3,6
2021-08-25 15:31:30.000,33,37.4,3.7,9
2021-08-25 16:01:30.001,31,21.2,2.6,6
2021-08-25 17:01:30.000,19,6.1,1.1,2
2021-08-25 18:01:30.000,10,0.0,0.0,0
2021-08-25 19:31:30.000,8,0.0,0.0,0
2021-08-25 20:46:30.001,7,0.0,0.0,0
2021-08-25 21:01:30.000,5,0.0,0.0,0
2021-08-25 22:01:30.000,1,0.0,0.0,0
2021-08-25 23:01:30.000,0,0.0,0.0,0
2021-08-26 00:01:30.000,0,0.0,0.0,0
2021-08-26 01:01:30.000,0,0.0,0.0,0
2021-08-26 02:31:30.000,4,0.0,0.0,0
2021-08-26 03:01:30.000,2,0.0,0.0,0
2021-08-26 04:46:30.000,4,0.0,0.0,0
2021-08-26 05:46:30.000,9,0.0,0.0,0
2021-08-26 06:46:30.000,16,0.0,0.0,0
2021-08-26 07:01:30.000,18,2.1,0.1,1
2021-08-26 08:46:30.000,19,2.7,0.3,1
2021-08-26 09:31:30.000,22,7.3,0.4,1
2021-08-26 10:16:30.000,23,11.4,1.8,3
2021-08-26 10:31:30.000,25,12.9,1.3,2
2021-08-26 11:01:30.000,22,0.0,0.0,0
2021-08-26 12:16:30.000,22,0.0,0.0,0
2021-08-26 13:46:30.000,26,27.0,3.4,6
2021-08-26 14:31:30.000,37,53.4,6.8,14
2021-08-26 15:31:30.001,38,55.8,5.3,12
2021-08-26 16:01:30.000,29,23.2,2.0,5
2021-08-26 17:01:30.000,17,0.0,0.0,0
2021-08-26 18:16:30.000,9,0.0,0.0,0
2021-08-26 19:01:30.000,7,0.0,0.0,0
2021-08-26 20:01:30.000,5,0.0,0.0,0
2021-08-26 21:01:30.000,4,0.0,0.0,0
2021-08-26 22:01:30.000,2,0.0,0.0,0
2021-08-26 23:16:30.000,1,0.0,0.0,0
2021-08-27 00:01:30.000,0,0.0,0.0,0
2021-08-27 01:01:30.000,0,0.0,0.0,0
2021-08-27 02:01:30.000,0,0.0,0.0,0
2021-08-27 03:01:30.000,0,0.0,0.0,0
2021-08-27 04:46:30.000,2,0.0,0.0,0
2021-08-27 05:46:30.000,8,0.0,0.0,0
2021-08-27 06:46:30.000,14,0.0,0.0,0
2021-08-27 07:01:30.001,16,0.9,0.6,1
2021-08-27 08:46:30.000,19,8.6,1.1,2
2021-08-27 09:46:30.000,24,12.2,1.0,3
2021-08-27 10:01:30.001,24,14.3,2.0,3
2021-08-27 11:01:30.000,22,0.0,0.0,0
2021-08-27 16:16:30.000,28,15.5,1.6,3
2021-08-27 17:01:30.000,20,2.8,0.6,1
2021-08-27 18:01:30.000,11,1.2,0.1,1
2021-08-27 19:01:30.000,9,0.0,0.0,0
2021-08-27 20:01:30.000,7,0.0,0.0,0
2021-08-27 21:31:30.000,6,0.0,0.0,0
2021-08-27 22:01:30.001,4,0.0,0.0,0
2021-08-27 23:01:30.001,0,0.0,0.0,0
2021-08-28 00:01:30.000,0,0.0,0.0,0
2021-08-28 01:01:30.000,0,0.0,0.0,0
2021-08-28 02:01:30.000,0,0.0,0.0,0
2021-08-28 03:01:30.000,0,0.0,0.0,0
2021-08-28 04:01:30.001,0,0.0,0.0,0
2021-08-28 05:01:30.000,0,0.0,0.0,0
2021-08-28 06:46:30.001,5,0.0,0.0,0
2021-08-28 07:46:30.000,10,0.0,0.0,0
2021-08-28 08:46:30.001,17,5.8,0.6,1
2021-08-28 09:31:30.001,22,8.1,1.2,2
2021-08-28 10:31:30.000,29,41.4,3.9,8
2021-08-28 11:01:30.000,23,2.9,0.6,1
2021-08-28 12:16:30.000,19,3.0,0.3,1
2021-08-28 13:01:30.000,20,5.0,0.7,2
2021-08-28 14:46:30.000,21,7.6,1.6,3
2021-08-28 15:31:30.000,21,10.0,1.4,3
2021-08-28 16:01:30.000,21,4.1,0.6,1
2021-08-28 17:01:30.000,16,0.0,0.0,0
2021-08-28 18:01:30.001,10,0.0,0.0,0
2021-08-28 19:01:30.000,8,0.0,0.0,0
2021-08-28 20:01:30.001,6,0.0,0.0,0
2021-08-28 21:31:30.000,6,0.0,0.0,0
2021-08-28 22:01:30.000,5,0.0,0.0,0
2021-08-28 23:01:30.000,2,0.0,0.0,0
2021-08-29 00:01:30.000,0,0.0,0.0,0
2021-08-29 01:01:30.000,0,0.0,0.0,0
2021-08-29 02:01:30.001,0,0.0,0.0,0
2021-08-29 03:01:30.000,0,0.0,0.0,0
2021-08-29 04:01:30.000,0,0.0,0.0,0
2021-08-29 05:01:30.000,0,0.0,0.0,0
2021-08-29 06:01:30.000,0,0.0,0.0,0
2021-08-29 07:31:30.001,3,0.0,0.0,0
2021-08-29 08:31:30.000,6,0.0,0.0,0
2021-08-29 09:46:30.000,9,0.0,0.0,0
2021-08-29 10:16:30.000,10,2.2,0.2,1
2021-08-29 11:01:30.000,8,0.0,0.0,0
2021-08-29 12:46:30.000,8,0.9,0.1,1
2021-08-29 13:01:30.000,9,3.1,0.2,1
2021-08-29 14:01:30.000,10,0.0,0.0,0
2021-08-29 15:16:30.000,12,0.0,0.0,0
2021-08-29 16:16:30.000,12,0.7,1.4,1
2021-08-29 17:01:30.000,9,0.0,0.0,0
2021-08-29 18:01:30.000,6,0.0,0.0,0
2021-08-29 19:01:30.000,6,4.2,0.4,1
2021-08-29 20:01:30.000,4,0.0,0.0,0
2021-08-29 21:16:30.000,5,0.0,0.0,0
2021-08-29 22:01:30.000,0,0.0,0.0,0
2021-08-29 23:31:30.000,2,0.0,0.0,0
2021-08-30 00:16:30.000,2,0.0,0.0,0
2021-08-30 01:01:30.000,1,0.0,0.0,0
2021-08-30 02:01:30.000,0,0.0,0.0,0
2021-08-30 03:16:30.000,3,0.0,0.0,0
2021-08-30 04:46:30.001,3,0.0,0.0,0
2021-08-30 05:46:30.000,9,0.0,0.0,0
2021-08-30 06:31:30.000,13,0.0,0.0,0
2021-08-30 07:46:30.000,17,0.0,0.0,0
2021-08-30 08:01:30.000,18,0.0,0.0,0
2021-08-30 09:31:30.000,24,12.5,0.8,2
2021-08-30 10:01:30.000,21,3.8,0.4,1
2021-08-30 11:01:30.000,19,5.1,0.5,2
2021-08-30 12:16:30.000,22,9.8,1.0,2
2021-08-30 13:46:30.000,27,20.6,2.2,4
2021-08-30 14:31:30.000,33,33.2,4.6,8
2021-08-30 15:01:30.000,33,33.5,5.1,8
2021-08-30 16:01:30.000,24,4.7,0.8,2
2021-08-30 17:01:30.000,14,8.9,0.8,2
2021-08-30 18:01:30.000,8,1.5,0.0,1
2021-08-30 19:01:30.000,7,0.0,0.0,0
2021-08-30 20:01:30.000,4,0.0,0.0,0
2021-08-30 21:16:30.000,3,0.0,0.0,0
2021-08-30 22:01:30.000,0,0.0,0.0,0
2021-08-30 23:01:30.000,0,0.0,0.0,0
2021-08-31 00:46:30.000,1,0.0,0.0,0
2021-08-31 01:31:30.000,1,0.5,1.5,1
2021-08-31 02:01:30.000,1,0.0,0.0,0
2021-08-31 03:01:30.000,0,0.0,0.0,0
2021-08-31 04:46:30.000,3,0.0,0.0,0
2021-08-31 05:46:30.000,11,6.8,0.7,2
2021-08-31 06:31:30.001,13,0.0,0.0,0
2021-08-31 07:01:30.000,15,0.0,0.0,0
2021-08-31 08:31:30.000,20,8.9,1.4,3
2021-08-31 09:16:30.001,25,10.7,2.1,3
2021-08-31 10:16:30.000,26,18.7,1.4,3
2021-08-31 11:01:30.000,24,18.7,1.6,4
2021-08-31 12:31:30.000,28,21.1,2.8,5
2021-08-31 13:46:30.000,32,24.1,3.2,6
2021-08-31 14:31:30.000,34,45.1,5.8,11
2021-08-31 15:16:30.000,38,48.1,5.5,11
2021-08-31 16:01:30.000,32,37.7,3.3,8
2021-08-31 17:01:30.000,16,5.1,0.4,1
2021-08-31 18:01:30.000,8,0.0,0.0,0
2021-08-31 19:01:30.001,7,0.0,0.0,0
2021-08-31 20:01:30.001,6,0.0,0.0,0
2021-08-31 21:01:30.000,1,0.0,0.0,0
2021-08-31 22:01:30.000,0,0.0,0.0,0
2021-08-31 23:01:30.000,0,0.0,0.0,0
2021-09-01 00:01:30.001,0,0.0,0.0,0
2021-09-01 01:16:30.000,1,0.0,0.0,0
2021-09-01 02:16:30.000,3,0.0,0.0,0
2021-09-01 03:01:30.000,0,0.0,0.0,0
2021-09-01 04:46:30.000,2,0.0,0.0,0
2021-09-01 05:46:30.000,10,0.0,0.0,0
2021-09-01 06:31:30.001,19,10.2,0.9,2
2021-09-01 07:01:30.000,21,3.0,0.9,2
2021-09-01 08:46:30.001,24,14.3,0.8,2
2021-09-01 09:46:30.000,29,26.3,3.6,8
2021-09-01 10:16:30.000,35,25.2,3.8,6
2021-09-01 11:01:30.001,30,15.6,1.9,5
2021-09-01 12:16:30.000,27,18.3,3.3,5
2021-09-01 13:01:30.000,28,9.9,1.4,2
2021-09-01 14:46:30.001,37,40.5,5.8,8
2021-09-01 15:01:30.000,38,52.8,6.0,10
2021-09-01 16:01:30.000,30,18.6,1.9,3
2021-09-01 17:01:30.000,16,0.0,0.0,0
2021-09-01 18:01:30.000,8,0.0,0.0,0
2021-09-01 19:01:30.000,7,0.0,0.0,0
2021-09-01 20:01:30.000,5,0.0,0.0,0
2021-09-01 21:01:30.000,2,0.0,0.0,0
2021-09-01 22:01:30.001,0,0.0,0.0,0
2021-09-01 23:01:30.000,0,0.0,0.0,0
2021-09-02 00:01:30.000,0,0.0,0.0,0
2021-09-02 01:01:30.000,1,0.0,0.0,0
2021-09-02 02:01:30.000,0,0.0,0.0,0
2021-09-02 03:01:30.000,1,0.0,0.0,0
2021-09-02 04:46:30.000,1,0.0,0.0,0
2021-09-02 05:46:30.000,14,7.0,1.0,2
2021-09-02 06:46:30.000,34,35.6,6.2,11
2021-09-02 07:46:30.001,51,16.6,5.3,3
2021-09-02 08:46:30.000,60,33.5,7.5,6
2021-09-02 09:01:30.000,59,39.9,7.3,6
2021-09-02 09:16:30.001,63,38.5,7.1,4
2021-09-02 10:01:30.001,42,31.8,3.0,5
2021-09-02 11:01:30.000,28,5.1,0.9,1
2021-09-02 12:46:30.000,27,7.0,1.2,2
2021-09-02 13:46:30.001,35,47.8,7.4,13
2021-09-02 14:31:30.000,40,60.6,6.9,15
2021-09-02 15:01:30.000,39,57.0,5.7,13
2021-09-02 16:01:30.000,29,4.5,0.8,1
2021-09-02 17:01:30.001,18,0.0,0.0,0
2021-09-02 18:01:30.000,9,0.0,0.0,0
2021-09-02 19:01:30.001,8,0.0,0.0,0
2021-09-02 20:01:30.000,5,0.9,0.1,1
2021-09-02 21:01:30.000,3,0.0,0.0,0
2021-09-02 22:01:30.000,0,0.0,0.0,0
2021-09-02 23:01:30.000,0,0.0,0.0,0
2021-09-03 00:01:30.000,0,0.0,0.0,0
2021-09-03 01:16:30.001,1,0.0,0.0,0
2021-09-03 02:01:30.000,2,0.0,0.0,0
2021-09-03 03:01:30.000,0,2.3,0.2,1
2021-09-03 04:01:30.000,0,0.0,0.0,0
2021-09-03 04:46:30.000,3,0.0,0.0,0
2021-09-03 05:46:30.000,14,5.6,1.1,2
2021-09-03 06:31:30.000,40,50.1,6.0,12
2021-09-03 07:01:30.000,30,13.4,2.1,5
2021-09-03 08:46:30.000,28,22.6,2.7,5
2021-09-03 09:01:30.000,29,17.8,2.1,3
2021-09-03 10:31:30.000,29,16.2,1.8,2
2021-09-03 11:01:30.281,28,16.2,1.9,2
2021-09-03 12:31:30.001,23,13.0,1.6,4
2021-09-03 12:46:30.000,26,36.3,6.4,9
2021-09-03 13:46:30.000,42,85.2,10.6,22
2021-09-03 14:31:30.000,50,107.9,11.3,18
2021-09-03 15:01:30.000,50,90.3,9.8,15
2021-09-03 16:01:30.000,36,37.3,5.4,10
2021-09-03 17:01:30.000,23,8.8,0.8,1
2021-09-03 18:01:30.000,14,2.1,0.3,1
2021-09-03 19:01:30.000,10,2.6,0.1,1
2021-09-03 20:01:30.001,8,0.0,0.0,0
2021-09-03 21:16:30.000,7,0.0,0.0,0
2021-09-03 22:01:30.000,4,0.0,0.0,0
2021-09-03 23:31:30.001,2,0.0,0.0,0
2021-09-04 00:01:30.000,0,0.0,0.0,0
2021-09-04 01:01:30.000,0,0.0,0.0,0
2021-09-04 02:01:30.001,0,0.0,0.0,0
2021-09-04 03:01:30.000,0,0.0,0.0,0
2021-09-04 04:01:30.001,0,0.0,0.0,0
2021-09-04 05:01:30.001,0,0.0,0.0,0
2021-09-04 06:46:30.000,3,0.0,0.0,0
2021-09-04 07:46:30.000,11,0.0,0.0,0
2021-09-04 08:31:30.000,18,0.0,0.0,0
2021-09-04 09:46:30.001,25,11.7,3.0,4
2021-09-04 10:31:30.001,56,26.2,5.3,5
2021-09-04 11:01:30.000,48,11.2,3.3,5
2021-09-04 12:16:30.000,24,6.3,0.8,1
2021-09-04 13:01:30.000,25,8.6,1.1,2
2021-09-04 14:01:30.000,23,6.0,1.0,2
2021-09-04 15:01:30.000,20,5.9,0.8,1
2021-09-04 16:01:30.001,20,5.0,0.8,1
2021-09-04 17:01:30.000,18,3.4,0.5,1
2021-09-04 18:01:30.000,11,0.0,0.0,0
2021-09-04 19:01:30.000,9,0.0,0.0,0
2021-09-04 20:01:30.001,8,0.0,0.0,0
2021-09-04 21:01:30.001,8,0.0,0.0,0
2021-09-04 22:16:30.000,5,0.0,0.0,0
2021-09-04 23:01:30.000,3,0.0,0.0,0
2021-09-05 00:01:30.001,1,0.0,0.0,0
2021-09-05 01:31:30.000,1,0.0,0.0,0
2021-09-05 02:01:30.000,0,0.0,0.0,0
2021-09-05 03:01:30.000,0,0.0,0.0,0
2021-09-05 04:01:30.000,0,0.0,0.0,0
2021-09-05 05:01:30.000,0,0.0,0.0,0
2021-09-05 06:46:30.000,1,0.0,0.0,0
2021-09-05 07:46:30.001,5,0.0,0.0,0
2021-09-05 08:31:30.001,8,0.0,0.0,0
2021-09-05 09:01:30.000,10,0.0,0.0,0
2021-09-05 09:31:30.000,13,4.7,0.3,1
2021-09-05 10:46:30.000,20,9.3,1.5,4
2021-09-05 11:01:30.000,23,11.4,3.5,4
2021-09-05 12:31:30.000,11,0.0,0.0,0
2021-09-05 13:31:30.001,12,0.0,0.0,0
2021-09-05 14:31:30.001,13,0.0,0.0,0
2021-09-05 15:46:30.000,16,2.3,1.1,2
2021-09-05 16:31:30.001,22,1.1,1.9,1
2021-09-05 17:01:30.000,17,0.0,0.0,0
2021-09-05 18:31:30.000,9,0.0,0.0,0
2021-09-05 19:01:30.000,9,0.0,0.0,0
2021-09-05 20:01:30.000,5,0.0,0.0,0
2021-09-05 21:01:30.001,1,0.0,0.0,0
2021-09-05 22:01:30.000,0,0.0,0.0,0
2021-09-05 23:01:30.000,0,0.0,0.0,0
2021-09-06 00:01:30.001,0,0.0,0.0,0
2021-09-06 01:31:30.000,2,0.0,0.0,0
2021-09-06 02:46:30.000,4,0.0,0.0,0
2021-09-06 03:01:30.000,1,0.0,0.0,0
2021-09-06 04:46:30.000,3,0.0,0.0,0
2021-09-06 05:46:30.000,15,4.4,1.1,2
2021-09-06 06:31:30.000,55,107.3,14.5,23
2021-09-06 07:01:30.001,44,21.1,3.3,4
2021-09-06 08:46:30.000,19,3.2,0.2,1
2021-09-06 09:31:30.000,19,0.0,0.0,0
2021-09-06 10:16:30.000,20,3.9,0.3,1
2021-09-06 11:01:30.000,19,0.0,0.0,0
2021-09-06 12:46:30.000,19,4.1,0.8,1
2021-09-06 13:46:30.001,32,43.4,6.6,12
2021-09-06 14:46:30.000,56,92.0,13.3,24
2021-09-06 15:31:30.001,72,41.3,8.1,7
2021-09-06 16:01:30.000,48,18.5,4.6,7
2021-09-06 17:01:30.000,16,6.3,0.6,2
2021-09-06 18:01:30.000,8,0.0,0.0,0
2021-09-06 19:01:30.000,8,2.3,0.1,1
2021-09-06 20:01:30.000,5,0.0,0.0,0
2021-09-06 21:01:30.000,2,0.0,0.0,0
2021-09-06 22:01:30.001,1,0.0,0.0,0
2021-09-06 23:01:30.000,0,0.0,0.0,0
2021-09-07 00:01:30.001,0,0.0,0.0,0
2021-09-07 01:46:30.000,6,0.0,0.0,0
2021-09-07 02:01:30.000,4,0.0,0.0,0
2021-09-07 03:01:30.001,0,0.0,0.0,0
2021-09-07 04:46:30.000,3,0.0,0.0,0
2021-09-07 05:46:30.001,19,22.0,5.5,4
2021-09-07 06:16:30.001,51,140.7,19.8,36
2021-09-07 06:31:30.000,62,127.2,16.4,33
2021-09-07 07:01:30.000,50,33.4,5.5,8
2021-09-07 08:01:30.001,23,6.0,1.0,2
2021-09-07 09:31:30.000,24,19.1,2.3,4
2021-09-07 10:16:30.000,24,4.6,1.0,2
2021-09-07 11:01:30.000,21,3.6,0.6,1
2021-09-07 12:46:30.000,22,9.8,1.2,2
2021-09-07 13:46:30.000,30,30.6,3.2,8
2021-09-07 14:46:30.000,51,96.8,11.8,25
2021-09-07 15:01:30.000,54,77.5,12.2,19
2021-09-07 16:01:30.000,32,9.9,1.1,4
2021-09-07 17:01:30.000,16,0.0,0.0,0
2021-09-07 18:01:30.000,8,0.0,0.0,0
2021-09-07 19:01:30.000,8,2.9,0.7,1
2021-09-07 20:01:30.000,4,0.0,0.0,0
2021-09-07 21:01:30.001,3,0.0,0.0,0
2021-09-07 22:01:30.000,0,0.0,0.0,0
2021-09-07 23:01:30.000,0,0.0,0.0,0
2021-09-08 00:01:30.000,0,0.0,0.0,0
2021-09-08 01:16:30.001,2,0.0,0.0,0
2021-09-08 02:46:30.001,2,0.0,0.0,0
2021-09-08 03:01:30.001,3,0.0,0.0,0
2021-09-08 04:01:30.000,0,0.0,0.0,0
2021-09-08 04:46:30.001,2,0.0,0.0,0
2021-09-08 05:46:30.000,15,5.9,1.8,2
2021-09-08 06:16:30.001,50,104.0,15.0,27
2021-09-08 07:01:30.000,29,9.5,0.9,4
2021-09-08 08:46:30.001,19,2.7,0.4,1
2021-09-08 09:46:30.000,26,11.0,2.0,3
2021-09-08 10:31:30.001,50,72.5,10.7,18
2021-09-08 11:01:30.001,38,22.0,2.8,5
2021-09-08 12:46:30.000,24,8.5,1.2,2
2021-09-08 13:46:30.000,26,13.7,1.6,3
2021-09-08 14:46:30.000,35,33.5,4.7,11
2021-09-08 15:01:30.001,35,26.3,3.8,8
2021-09-08 16:01:30.001,29,13.6,2.3,4
2021-09-08 17:01:30.001,19,0.0,0.0,0
2021-09-08 18:01:30.000,10,0.0,0.0,0
2021-09-08 19:01:30.000,9,0.0,0.0,0
2021-09-08 20:01:30.000,6,0.0,0.0,0
2021-09-08 21:01:30.001,3,0.0,0.0,0
2021-09-08 22:01:30.000,0,0.0,0.0,0
2021-09-08 23:01:30.000,0,0.0,0.0,0
2021-09-09 00:46:30.001,2,0.0,0.0,0
2021-09-09 01:01:30.001,3,0.0,0.0,0
2021-09-09 02:46:30.000,6,0.0,0.0,0
2021-09-09 03:01:30.000,3,0.0,0.0,0
2021-09-09 04:46:30.000,2,0.0,0.0,0
2021-09-09 05:46:30.000,17,10.3,3.2,3
2021-09-09 06:16:30.000,50,121.8,18.5,31
2021-09-09 06:31:30.000,56,90.1,11.9,22
2021-09-09 07:01:30.000,43,18.1,1.6,5
2021-09-09 08:01:30.001,21,3.2,0.4,1
2021-09-09 09:16:30.001,21,3.7,0.8,1
2021-09-09 10:16:30.000,22,7.7,1.1,3
2021-09-09 11:01:30.001,20,0.0,0.0,0
2021-09-09 12:46:30.000,22,5.3,0.8,1
2021-09-09 13:46:30.000,32,40.7,5.1,10
2021-09-09 14:46:30.000,52,91.0,14.6,29
2021-09-09 15:01:30.000,53,61.4,11.4,17
2021-09-09 16:01:30.001,40,16.9,3.3,6
2021-09-09 17:01:30.000,15,3.5,0.2,1
2021-09-09 18:16:30.000,10,0.0,0.0,0
2021-09-09 19:01:30.000,9,0.0,0.0,0
2021-09-09 20:01:30.000,7,0.0,0.0,0
2021-09-09 21:01:30.000,3,0.0,0.0,0
2021-09-09 22:01:30.001,0,0.0,0.0,0
2021-09-09 23:01:30.000,0,0.0,0.0,0
2021-09-10 00:01:30.000,0,0.0,0.0,0
2021-09-10 01:01:30.000,0,0.0,0.0,0
2021-09-10 02:16:30.001,3,0.0,0.0,0
2021-09-10 03:01:30.001,3,0.0,0.0,0
2021-09-10 04:46:30.001,3,0.0,0.0,0
2021-09-10 05:46:30.001,16,13.2,2.4,4
2021-09-10 06:31:30.000,47,49.2,5.3,12
2021-09-10 07:01:30.000,31,8.6,2.2,4
2021-09-10 08:31:30.000,22,4.0,0.9,2
2021-09-10 09:31:30.000,26,8.4,1.5,3
2021-09-10 10:31:30.000,29,8.3,1.2,2
2021-09-10 11:01:30.000,28,4.6,0.3,1
2021-09-10 12:46:30.001,23,2.9,0.6,1
2021-09-10 13:31:30.000,31,32.0,4.5,8
2021-09-10 13:46:30.001,40,66.3,8.8,19
2021-09-10 14:46:30.000,61,108.7,13.8,23
2021-09-10 15:01:30.000,60,73.1,13.7,15
2021-09-10 16:01:30.000,38,17.8,1.6,3
2021-09-10 17:01:30.000,20,6.6,0.9,2
2021-09-10 18:01:30.000,15,1.9,0.1,2
2021-09-10 19:01:30.000,11,0.0,0.0,0
2021-09-10 20:01:30.000,7,0.0,0.0,0
2021-09-10 21:01:30.001,5,1.6,0.3,1
2021-09-10 22:01:30.000,3,0.0,0.0,0
2021-09-10 23:01:30.000,0,0.0,0.0,0
2021-09-11 00:01:30.000,0,0.0,0.0,0
2021-09-11 01:01:30.000,0,0.0,0.0,0
2021-09-11 02:01:30.001,0,0.0,0.0,0
2021-09-11 03:01:30.001,0,0.0,0.0,0
2021-09-11 04:01:30.000,0,0.0,0.0,0
2021-09-11 05:01:30.000,0,0.0,0.0,0
2021-09-11 06:46:30.000,4,0.0,0.0,0
2021-09-11 07:46:30.000,10,0.0,0.0,0
2021-09-11 08:46:30.000,18,2.2,0.3,1
2021-09-11 09:46:30.000,26,10.9,1.4,2
2021-09-11 10:16:30.001,26,14.2,1.4,5
2021-09-11 11:01:30.000,22,9.7,1.2,2
2021-09-11 12:31:30.000,23,5.5,1.1,2
2021-09-11 13:31:30.001,23,3.3,0.6,1
2021-09-11 14:16:30.001,23,6.3,0.9,2
2021-09-11 15:01:30.000,22,2.1,0.2,1
2021-09-11 16:01:30.000,20,12.7,1.6,3
2021-09-11 17:01:30.000,16,5.5,0.6,2
2021-09-11 18:01:30.000,11,0.0,0.0,0
2021-09-11 19:01:30.000,9,0.0,0.0,0
2021-09-11 20:01:30.000,7,0.0,0.0,0
2021-09-11 21:01:30.000,6,0.0,0.0,0
2021-09-11 22:01:30.000,3,0.0,0.0,0
2021-09-11 23:01:30.000,1,0.0,0.0,0
2021-09-12 00:01:30.000,0,0.0,0.0,0
2021-09-12 01:01:30.000,0,0.0,0.0,0
2021-09-12 02:01:30.000,0,0.0,0.0,0
2021-09-12 03:01:30.001,0,0.0,0.0,0
2021-09-12 04:01:30.000,0,0.0,0.0,0
2021-09-12 05:01:30.001,0,0.0,0.0,0
2021-09-12 06:46:30.001,2,0.0,0.0,0
2021-09-12 07:46:30.001,5,0.0,0.0,0
2021-09-12 08:31:30.001,8,0.0,0.0,0
2021-09-12 09:46:30.000,14,12.5,1.0,2
2021-09-12 10:01:30.001,16,0.0,0.0,0
2021-09-12 11:01:30.000,11,0.0,0.0,0
2021-09-12 12:46:30.000,11,2.1,0.2,1
2021-09-12 13:16:30.000,12,0.9,0.2,1
2021-09-12 14:31:30.000,13,0.0,0.0,0
2021-09-12 15:46:30.000,24,0.0,0.0,0
2021-09-12 16:16:30.000,29,2.0,3.2,1
2021-09-12 17:01:30.001,24,1.3,2.5,1
2021-09-12 18:31:30.000,9,0.0,0.0,0
2021-09-12 19:01:30.001,7,0.0,0.0,0
2021-09-12 20:01:30.001,6,0.0,0.0,0
2021-09-12 21:01:30.000,2,0.0,0.0,0
2021-09-12 22:01:30.000,0,0.0,0.0,0
2021-09-12 23:01:30.000,0,0.0,0.0,0
2021-09-13 00:01:30.000,0,0.0,0.0,0
2021-09-13 01:01:30.000,0,0.0,0.0,0
2021-09-13 02:01:30.000,0,0.0,0.0,0
2021-09-13 03:16:30.000,1,0.0,0.0,0
2021-09-13 04:46:30.000,3,0.0,0.0,0
2021-09-13 05:46:30.001,18,9.3,3.1,4
2021-09-13 06:31:30.000,57,99.3,13.8,23
2021-09-13 07:01:30.000,41,20.9,2.6,5
2021-09-13 08:46:30.000,17,2.5,0.3,1
2021-09-13 09:31:30.000,19,0.0,0.0,0
2021-09-13 10:16:30.000,21,3.1,0.4,1
2021-09-13 11:01:30.001,19,0.0,0.0,0
2021-09-13 12:46:30.000,23,4.4,0.8,1
2021-09-13 13:16:30.001,24,8.8,1.2,3
2021-09-13 13:31:30.000,27,11.0,1.8,3
2021-09-13 13:46:30.000,31,34.3,4.2,9
2021-09-13 14:46:30.000,61,171.6,19.0,38
2021-09-13 15:31:30.000,77,82.0,13.9,14
2021-09-13 16:01:30.001,52,25.8,3.4,8
2021-09-13 17:01:30.000,19,3.4,0.3,1
2021-09-13 18:01:30.000,11,0.0,0.0,0
2021-09-13 19:01:30.000,9,0.0,0.0,0
2021-09-13 20:16:30.001,6,0.0,0.0,0
2021-09-13 21:01:30.000,2,0.0,0.0,0
2021-09-13 22:01:30.000,1,0.0,0.0,0
2021-09-13 23:01:30.001,0,0.0,0.0,0
2021-09-14 00:01:30.001,0,0.0,0.0,0
2021-09-14 01:46:30.001,3,0.6,1.5,1
2021-09-14 02:31:30.000,4,0.0,0.0,0
2021-09-14 03:01:30.000,0,0.0,0.0,0
2021-09-14 04:46:30.000,3,0.0,0.0,0
2021-09-14 05:46:30.000,19,23.4,4.6,7
2021-09-14 06:31:30.000,64,112.8,16.0,30
2021-09-14 07:01:30.000,47,31.0,5.7,10
2021-09-14 08:01:30.000,23,5.3,1.0,2
2021-09-14 09:46:30.000,22,2.4,0.5,1
2021-09-14 10:31:30.000,24,7.1,1.1,3
2021-09-14 11:01:30.000,23,2.6,0.4,1
2021-09-14 12:01:30.000,23,0.0,0.0,0
2021-09-14 13:46:30.001,32,40.0,5.7,12
2021-09-14 14:46:30.000,60,173.6,19.5,35
2021-09-14 15:01:30.000,62,134.0,14.3,27
2021-09-14 16:01:30.000,36,11.5,2.1,4
2021-09-14 17:01:30.000,17,0.0,0.0,0
2021-09-14 18:01:30.000,10,0.0,0.0,0
2021-09-14 19:01:30.000,8,0.0,0.0,0
2021-09-14 20:01:30.000,5,0.0,0.0,0
2021-09-14 21:01:30.000,3,0.0,0.0,0
2021-09-14 22:01:30.000,1,0.0,0.0,0
2021-09-14 23:31:30.000,1,0.0,0.0,0
2021-09-15 00:46:30.000,3,0.6,1.6,1
2021-09-15 01:46:30.000,5,0.0,0.0,0
2021-09-15 02:01:30.001,6,0.0,0.0,0
2021-09-15 03:01:30.000,1,0.0,0.0,0
2021-09-15 04:46:30.000,4,0.0,0.0,0
2021-09-15 05:46:30.000,20,5.2,1.8,2
2021-09-15 06:31:30.000,73,163.3,19.7,39
2021-09-15 07:01:30.001,56,34.6,4.2,10
2021-09-15 08:46:30.000,24,4.7,0.4,1
2021-09-15 09:46:30.000,27,16.4,1.7,4
2021-09-15 10:31:30.001,56,114.7,14.6,26
2021-09-15 11:01:30.000,46,25.7,3.6,5
2021-09-15 12:46:30.000,28,12.9,2.5,4
2021-09-15 13:46:30.000,31,16.7,2.1,6
2021-09-15 14:46:30.001,66,261.9,20.8,38
2021-09-15 15:01:30.000,75,346.9,24.7,46
2021-09-15 16:01:30.000,70,153.4,19.0,35
2021-09-15 17:01:30.000,22,0.0,0.0,0
2021-09-15 18:01:30.001,11,0.0,0.0,0
2021-09-15 19:01:30.000,9,0.0,0.0,0
2021-09-15 20:01:30.001,5,0.0,0.0,0
2021-09-15 21:01:30.000,2,0.0,0.0,0
2021-09-15 22:01:30.000,0,0.0,0.0,0
2021-09-15 23:01:30.000,0,0.0,0.0,0
2021-09-16 00:01:30.000,0,0.0,0.0,0
2021-09-16 01:01:30.000,4,0.0,0.0,0
2021-09-16 02:01:30.000,3,0.0,0.0,0
2021-09-16 03:01:30.000,2,0.0,0.0,0
2021-09-16 04:46:30.000,3,0.0,0.0,0
2021-09-16 05:46:30.001,22,27.7,8.2,9
2021-09-16 06:01:30.001,43,91.5,16.4,19
2021-09-16 06:31:30.000,74,172.3,22.2,41
2021-09-16 07:01:30.000,55,56.8,7.0,16
2021-09-16 08:01:30.000,24,4.8,0.4,2
2021-09-16 09:16:30.000,24,9.6,1.2,3
2021-09-16 10:16:30.001,28,5.2,1.1,2
2021-09-16 11:01:30.000,26,2.7,0.4,1
2021-09-16 12:46:30.000,27,12.5,2.1,3
2021-09-16 13:46:30.000,37,50.5,6.3,13
2021-09-16 14:46:30.000,56,112.2,15.1,25
2021-09-16 15:01:30.001,59,105.0,14.4,23
2021-09-16 16:01:30.000,41,21.6,3.5,6
2021-09-16 17:01:30.000,19,1.5,0.1,1
2021-09-16 18:16:30.000,13,0.0,0.0,0
2021-09-16 19:01:30.000,10,0.0,0.0,0
2021-09-16 20:01:30.000,5,0.0,0.0,0
2021-09-16 21:01:30.000,4,0.0,0.0,0
2021-09-16 22:01:30.000,1,0.0,0.0,0
2021-09-16 23:01:30.000,0,0.0,0.0,0
2021-09-17 00:01:30.000,0,0.0,0.0,0
2021-09-17 01:16:30.000,2,0.0,0.0,0
2021-09-17 02:01:30.000,2,0.0,0.0,0
2021-09-17 03:01:30.000,1,0.0,0.0,0
2021-09-17 04:46:30.000,2,0.0,0.0,0
2021-09-17 05:46:30.000,18,10.7,2.1,4
2021-09-17 06:31:30.000,61,106.4,11.5,23
2021-09-17 07:01:30.000,44,27.9,3.2,8
2021-09-17 08:46:30.000,25,14.2,1.5,4
2021-09-17 09:46:30.000,26,19.2,1.6,3
2021-09-17 10:46:30.000,30,30.0,3.0,4
2021-09-17 11:01:30.001,30,17.8,2.3,4
2021-09-17 12:46:30.000,25,4.3,0.6,1
2021-09-17 13:46:30.000,37,33.6,4.9,9
2021-09-17 14:46:30.000,56,117.7,13.4,26
2021-09-17 15:01:30.000,58,116.1,12.6,27
2021-09-17 16:01:30.001,46,63.3,7.8,12
2021-09-17 17:01:30.001,29,15.9,2.3,4
2021-09-17 18:01:30.000,20,5.3,0.8,1
2021-09-17 19:01:30.000,15,0.0,0.0,0
2021-09-17 20:16:30.000,11,2.0,0.2,1
2021-09-17 21:01:30.000,11,0.0,0.0,0
2021-09-17 22:01:30.000,7,0.0,0.0,0
2021-09-17 23:16:30.000,6,0.0,0.0,0
2021-09-18 00:16:30.000,3,0.0,0.0,0
2021-09-18 01:01:30.001,0,0.0,0.0,0
2021-09-18 02:01:30.000,0,0.0,0.0,0
2021-09-18 03:01:30.000,0,0.0,0.0,0
2021-09-18 04:01:30.001,0,0.0,0.0,0
2021-09-18 05:46:30.000,1,4.7,0.6,1
2021-09-18 06:46:30.000,4,0.0,0.0,0
2021-09-18 07:46:30.000,11,0.0,0.0,0
2021-09-18 08:46:30.000,19,0.0,0.0,0
2021-09-18 09:31:30.000,25,4.6,0.7,2
2021-09-18 10:01:30.001,24,2.2,0.3,1
2021-09-18 11:31:30.001,19,5.6,0.6,2
2021-09-18 12:46:30.000,26,13.2,1.2,3
2021-09-18 13:31:30.000,29,11.2,1.6,3
2021-09-18 14:01:30.000,26,2.9,0.4,1
2021-09-18 15:01:30.001,27,23.6,2.2,4
2021-09-18 16:46:30.000,28,27.3,3.0,6
2021-09-18 17:01:30.000,29,20.1,2.0,4
2021-09-18 18:16:30.000,16,1.3,0.1,1
2021-09-18 19:01:30.000,15,0.0,0.0,0
2021-09-18 20:01:30.000,13,0.0,0.0,0
2021-09-18 21:01:30.000,10,0.0,0.0,0
2021-09-18 22:01:30.000,9,0.0,0.0,0
2021-09-18 23:01:30.000,6,0.0,0.0,0
2021-09-19 00:01:30.000,3,0.0,0.0,0
2021-09-19 01:01:30.000,0,0.0,0.0,0
2021-09-19 02:01:30.000,0,0.0,0.0,0
2021-09-19 03:01:30.001,0,0.0,0.0,0
2021-09-19 04:01:30.000,0,0.0,0.0,0
2021-09-19 05:01:30.000,0,0.0,0.0,0
2021-09-19 06:01:30.000,1,0.0,0.0,0
2021-09-19 07:31:30.000,4,0.0,0.0,0
2021-09-19 08:31:30.000,10,0.0,0.0,0
2021-09-19 09:01:30.000,10,0.0,0.0,0
2021-09-19 10:31:30.001,13,0.0,0.0,0
2021-09-19 11:01:30.001,10,0.0,0.0,0
2021-09-19 12:46:30.001,11,0.0,0.0,0
2021-09-19 13:31:30.000,13,0.0,0.0,0
2021-09-19 14:31:30.000,13,0.0,0.0,0
2021-09-19 15:01:30.000,13,0.0,0.0,0
2021-09-19 15:46:30.001,14,0.0,0.0,0
2021-09-19 16:31:30.000,17,5.2,0.6,1
2021-09-19 17:01:30.000,13,0.0,0.0,0
2021-09-19 18:31:30.000,12,2.9,0.6,1
2021-09-19 19:01:30.001,10,0.0,0.0,0
2021-09-19 20:01:30.000,7,0.0,0.0,0
2021-09-19 21:01:30.000,4,0.0,0.0,0
2021-09-19 22:01:30.000,1,0.0,0.0,0
2021-09-19 23:01:30.000,1,0.0,0.0,0
2021-09-20 00:01:30.000,0,0.0,0.0,0
2021-09-20 01:31:30.000,2,0.0,0.0,0
2021-09-20 02:16:30.001,2,0.0,0.0,0
2021-09-20 03:01:30.000,3,0.0,0.0,0
2021-09-20 04:46:30.000,4,0.0,0.0,0
2021-09-20 05:46:30.000,20,16.3,3.8,5
2021-09-20 06:31:30.001,75,166.1,17.2,38
2021-09-20 07:01:30.000,53,36.8,4.8,9
2021-09-20 08:01:30.000,20,0.0,0.0,0
2021-09-20 09:01:30.000,20,0.0,0.0,0
2021-09-20 10:46:30.001,30,18.6,2.9,4
2021-09-20 11:01:30.001,32,15.5,1.9,3
2021-09-20 12:01:30.001,21,1.4,0.3,1
2021-09-20 13:46:30.000,30,33.2,6.2,11
2021-09-20 14:46:30.001,51,98.8,12.0,24
2021-09-20 15:01:30.001,50,67.7,9.8,19
2021-09-20 16:01:30.000,33,10.6,1.1,4
2021-09-20 17:01:30.000,18,3.0,0.2,1
2021-09-20 18:16:30.001,11,0.0,0.0,0
2021-09-20 19:01:30.000,8,0.0,0.0,0
2021-09-20 20:01:30.001,6,0.0,0.0,0
2021-09-20 21:01:30.001,3,0.0,0.0,0
2021-09-20 22:01:30.000,0,0.0,0.0,0
2021-09-20 23:01:30.001,0,0.0,0.0,0
2021-09-21 00:01:30.000,0,0.0,0.0,0
2021-09-21 01:01:30.000,1,0.5,1.5,1
2021-09-21 02:46:30.001,1,0.0,0.0,0
2021-09-21 03:01:30.000,1,0.0,0.0,0
2021-09-21 04:01:30.001,0,0.0,0.0,0
2021-09-21 04:46:30.001,3,0.0,0.0,0
2021-09-21 05:46:30.001,20,11.0,2.5,3
2021-09-21 06:31:30.000,63,125.0,15.3,28
2021-09-21 07:01:30.000,45,19.2,4.0,7
2021-09-21 08:46:30.001,21,1.1,0.1,1
2021-09-21 09:16:30.000,24,11.1,1.5,3
2021-09-21 10:31:30.000,25,10.4,1.2,3
2021-09-21 11:01:30.000,25,11.0,1.5,4
2021-09-21 12:46:30.000,22,4.4,0.8,1
2021-09-21 13:46:30.000,31,41.4,5.9,11
2021-09-21 14:46:30.000,53,125.3,15.7,28
2021-09-21 15:01:30.000,54,79.5,12.7,21
2021-09-21 16:01:30.001,37,19.6,2.6,5
2021-09-21 17:01:30.000,16,0.0,0.0,0
2021-09-21 18:16:30.000,11,0.0,0.0,0
2021-09-21 19:01:30.000,6,0.0,0.0,0
2021-09-21 20:01:30.000,4,0.0,0.0,0
2021-09-21 21:01:30.001,3,0.0,0.0,0
2021-09-21 22:01:30.000,0,0.0,0.0,0
2021-09-21 23:01:30.001,0,0.0,0.0,0
2021-09-22 00:01:30.000,1,0.0,0.0,0
2021-09-22 01:46:30.000,3,0.0,0.0,0
2021-09-22 02:16:30.000,10,0.5,1.5,1
2021-09-22 03:01:30.001,3,0.0,0.0,0
2021-09-22 04:46:30.000,3,0.0,0.0,0
2021-09-22 05:46:30.001,16,10.1,2.6,3
2021-09-22 06:31:30.000,53,110.6,13.0,29
2021-09-22 07:01:30.000,30,8.3,0.8,2
2021-09-22 08:31:30.000,21,0.0,0.0,0
2021-09-22 09:46:30.000,26,19.9,2.9,6
2021-09-22 10:31:30.000,47,79.1,10.8,23
2021-09-22 11:01:30.000,42,17.5,3.3,4
2021-09-22 12:31:30.000,27,9.2,1.6,3
2021-09-22 13:46:30.001,28,9.3,1.5,3
2021-09-22 14:46:30.000,42,47.1,8.1,14
2021-09-22 15:01:30.000,42,33.9,6.0,10
2021-09-22 16:01:30.000,34,20.5,2.9,6
2021-09-22 17:01:30.000,18,3.2,0.3,1
2021-09-22 18:16:30.001,11,1.5,0.1,1
2021-09-22 19:01:30.000,8,0.0,0.0,0
2021-09-22 20:01:30.001,5,0.0,0.0,0
2021-09-22 21:01:30.000,1,0.0,0.0,0
2021-09-22 22:01:30.000,0,0.0,0.0,0
2021-09-22 23:01:30.000,0,0.0,0.0,0
2021-09-23 00:31:30.000,1,0.0,0.0,0
2021-09-23 01:01:30.000,1,0.0,0.0,0
2021-09-23 02:31:30.000,1,0.6,1.4,1
2021-09-23 03:46:30.000,1,0.0,0.0,0
2021-09-23 04:46:30.000,3,0.0,0.0,0
2021-09-23 05:46:30.000,21,20.2,4.9,6
2021-09-23 06:31:30.000,59,144.0,14.4,30
2021-09-23 07:01:30.000,48,57.1,6.7,14
2021-09-23 08:01:31.998,24,7.2,1.3,2
2021-09-23 09:01:30.000,24,4.3,0.9,2
2021-09-23 10:31:30.000,28,12.0,2.1,2
2021-09-23 11:01:30.001,26,6.5,1.0,2
2021-09-23 12:46:30.001,23,2.5,0.2,1
2021-09-23 13:46:30.000,34,36.6,5.6,9
2021-09-23 14:46:30.000,56,145.3,19.5,37
2021-09-23 15:01:30.000,59,116.4,14.6,28
2021-09-23 16:01:30.001,39,25.4,5.1,9
2021-09-23 17:01:30.000,20,4.9,1.1,2
2021-09-23 18:01:30.000,15,8.0,0.6,2
2021-09-23 19:01:30.000,8,0.0,0.0,0
2021-09-23 20:31:30.000,6,0.0,0.0,0
2021-09-23 21:01:30.001,5,0.0,0.0,0
2021-09-23 22:01:30.000,1,2.5,0.2,1
2021-09-23 23:01:30.000,0,0.0,0.0,0
2021-09-24 00:01:30.001,0,0.0,0.0,0
2021-09-24 01:31:30.000,1,0.0,0.0,0
2021-09-24 02:16:30.000,3,0.0,0.0,0
2021-09-24 03:01:30.000,0,0.0,0.0,0
2021-09-24 04:46:30.000,3,0.0,0.0,0
2021-09-24 05:46:30.000,18,16.3,4.1,4
2021-09-24 06:31:30.000,55,98.3,13.1,24
2021-09-24 07:01:30.000,41,17.4,3.2,6
2021-09-24 08:46:30.001,23,3.8,0.5,1
2021-09-24 09:16:30.000,25,9.1,1.3,3
2021-09-24 10:16:30.001,26,8.5,1.5,2
2021-09-24 11:01:30.000,25,1.9,0.4,1
2021-09-24 12:46:30.000,24,4.6,0.8,1
2021-09-24 13:46:30.000,35,45.8,4.8,11
2021-09-24 14:46:30.000,54,108.8,14.8,28
2021-09-24 15:01:30.000,55,109.4,12.5,24
2021-09-24 16:01:30.000,38,26.3,3.4,5
2021-09-24 17:01:30.000,25,9.6,1.2,3
2021-09-24 18:01:30.000,16,0.0,0.0,0
2021-09-24 19:01:30.000,8,0.0,0.0,0
2021-09-24 20:16:30.000,6,0.0,0.0,0
2021-09-24 21:01:30.001,4,0.0,0.0,0
2021-09-24 22:01:30.000,3,0.0,0.0,0
2021-09-24 23:01:30.000,0,0.0,0.0,0
2021-09-25 00:01:30.000,0,0.0,0.0,0
2021-09-25 01:01:30.001,0,0.0,0.0,0
2021-09-25 02:01:30.000,0,0.0,0.0,0
2021-09-25 03:01:30.000,0,0.0,0.0,0
2021-09-25 04:16:30.001,1,0.0,0.0,0
2021-09-25 05:31:30.001,1,0.0,0.0,0
2021-09-25 06:46:30.000,6,2.5,0.9,1
2021-09-25 07:46:30.000,11,0.0,0.0,0
2021-09-25 08:46:30.000,20,6.9,2.5,2
2021-09-25 09:46:30.000,25,3.7,0.8,1
2021-09-25 10:31:30.000,29,18.3,2.4,5
2021-09-25 11:01:30.000,30,30.2,3.5,6
2021-09-25 12:46:30.000,31,34.4,5.3,8
2021-09-25 13:31:30.000,41,47.8,4.9,9
2021-09-25 14:46:30.000,37,38.3,4.5,9
2021-09-25 15:01:30.001,35,34.8,3.3,8
2021-09-25 16:46:30.000,35,35.2,4.6,7
2021-09-25 17:01:30.000,33,31.3,4.4,7
2021-09-25 18:01:30.000,17,0.0,0.0,0
2021-09-25 19:01:30.000,9,0.0,0.0,0
2021-09-25 20:01:30.000,7,0.0,0.0,0
2021-09-25 21:01:30.000,5,0.0,0.0,0
2021-09-25 22:31:30.001,9,5.8,1.2,2
2021-09-25 23:01:30.000,7,0.0,0.0,0
2021-09-26 00:46:30.000,1,0.0,0.0,0
2021-09-26 01:01:30.001,0,0.0,0.0,0
2021-09-26 02:01:30.000,0,0.0,0.0,0
2021-09-26 03:01:30.000,0,0.0,0.0,0
2021-09-26 04:01:30.000,0,0.0,0.0,0
2021-09-26 05:31:30.000,1,2.7,0.3,1
2021-09-26 06:01:30.001,0,0.0,0.0,0
2021-09-26 07:46:30.000,5,0.0,0.0,0
2021-09-26 08:01:30.000,6,3.6,0.2,1
2021-09-26 09:16:30.000,9,0.0,0.0,0
2021-09-26 10:01:30.000,10,0.0,0.0,0
2021-09-26 11:01:30.000,9,2.9,0.2,1
2021-09-26 12:16:30.000,8,0.0,0.0,0
2021-09-26 13:31:30.000,9,0.0,0.0,0
2021-09-26 14:01:30.000,8,0.0,0.0,0
2021-09-26 15:46:30.000,10,0.0,0.0,0
2021-09-26 16:01:30.000,10,0.0,0.0,0
2021-09-26 17:01:30.000,9,0.0,0.0,0
2021-09-26 18:16:30.000,8,0.0,0.0,0
2021-09-26 19:01:30.000,7,0.0,0.0,0
2021-09-26 20:01:30.001,3,0.0,0.0,0
2021-09-26 21:01:30.000,1,0.0,0.0,0
2021-09-26 22:01:30.000,0,0.0,0.0,0
2021-09-26 23:01:30.001,0,0.0,0.0,0
2021-09-27 00:16:30.000,2,0.0,0.0,0
2021-09-27 01:31:30.001,3,0.0,0.0,0
2021-09-27 02:31:30.001,4,0.0,0.0,0
2021-09-27 03:01:30.000,2,0.0,0.0,0
2021-09-27 04:46:30.000,1,0.0,0.0,0
2021-09-27 05:46:30.001,6,0.0,0.0,0
2021-09-27 06:46:30.000,10,3.7,0.6,1
2021-09-27 07:01:30.000,11,4.5,0.4,1
2021-09-27 07:31:30.000,15,9.8,1.2,2
2021-09-27 08:16:30.000,17,8.5,0.8,2
2021-09-27 09:46:30.001,21,3.3,0.6,1
2021-09-27 10:01:30.000,19,0.0,0.0,0
2021-09-27 11:46:30.000,18,5.9,1.6,2
2021-09-27 12:31:30.000,18,2.6,0.4,1
2021-09-27 13:46:30.000,25,5.0,0.9,2
2021-09-27 14:16:30.000,28,6.3,1.9,3
2021-09-27 15:01:30.000,26,7.5,1.4,3
2021-09-27 16:01:30.000,21,0.0,0.0,0
2021-09-27 17:01:30.001,14,4.5,0.2,1
2021-09-27 18:01:30.000,12,0.0,0.0,0
2021-09-27 19:01:30.001,10,0.0,0.0,0
2021-09-27 20:01:30.000,4,0.0,0.0,0
2021-09-27 21:01:30.000,3,0.0,0.0,0
2021-09-27 22:01:30.001,0,0.0,0.0,0
2021-09-27 23:31:30.000,1,0.0,0.0,0
2021-09-28 00:16:30.000,1,2.7,0.3,1
2021-09-28 01:46:30.000,9,0.0,0.0,0
2021-09-28 02:01:30.000,7,0.0,0.0,0
2021-09-28 03:01:30.001,4,0.0,0.0,0
2021-09-28 04:46:30.000,3,0.0,0.0,0
2021-09-28 05:46:30.001,21,17.9,3.6,5
2021-09-28 06:31:30.001,66,170.7,20.8,33
2021-09-28 07:01:30.000,55,58.9,7.7,17
2021-09-28 08:46:30.000,24,7.8,1.2,3
2021-09-28 09:01:30.001,23,4.9,0.4,1
2021-09-28 10:01:30.000,23,4.6,0.5,2
2021-09-28 11:01:30.000,23,3.7,0.8,1
2021-09-28 12:46:30.000,20,0.0,0.0,0
2021-09-28 13:46:30.000,30,42.3,6.3,12
2021-09-28 14:46:30.000,51,91.3,12.7,22
2021-09-28 15:01:30.001,50,87.0,12.3,22
2021-09-28 16:01:30.000,35,14.5,2.5,6
2021-09-28 17:01:30.000,18,0.0,0.0,0
2021-09-28 18:16:30.000,13,0.0,0.0,0
2021-09-28 19:01:30.000,8,0.0,0.0,0
2021-09-28 20:01:30.001,5,0.0,0.0,0
2021-09-28 21:01:30.000,3,0.0,0.0,0
2021-09-28 22:01:30.000,0,0.0,0.0,0
2021-09-28 23:01:30.000,0,0.0,0.0,0
2021-09-29 00:01:30.000,0,0.0,0.0,0
2021-09-29 01:31:30.001,5,0.0,0.0,0
2021-09-29 02:01:30.000,5,0.5,1.2,1
2021-09-29 03:01:30.001,2,0.0,0.0,0
2021-09-29 04:46:30.000,3,0.0,0.0,0
2021-09-29 05:46:30.001,22,17.4,6.0,6
2021-09-29 06:31:30.000,67,104.6,14.3,25
2021-09-29 07:01:30.000,42,19.7,2.7,8
2021-09-29 08:46:30.000,24,9.3,1.8,3
2021-09-29 09:01:30.000,27,20.4,2.0,4
2021-09-29 10:31:30.000,49,74.9,11.4,18
2021-09-29 11:01:30.000,39,27.7,4.4,8
2021-09-29 12:01:30.000,26,2.1,0.3,1
2021-09-29 13:16:30.000,31,23.8,4.1,6
2021-09-29 14:46:30.001,45,93.5,10.7,21
2021-09-29 15:01:30.000,46,71.7,7.9,17
2021-09-29 16:01:30.000,42,40.7,6.6,14
2021-09-29 17:01:30.000,20,1.6,0.0,1
2021-09-29 18:01:30.000,12,0.0,0.0,0
2021-09-29 19:01:30.000,10,0.0,0.0,0
2021-09-29 20:01:30.000,5,0.0,0.0,0
2021-09-29 21:01:30.001,3,0.0,0.0,0
2021-09-29 22:01:30.000,1,0.0,0.0,0
2021-09-29 23:01:30.000,0,0.5,1.2,1
2021-09-30 00:31:30.001,1,0.0,0.0,0
2021-09-30 01:46:30.000,3,0.0,0.0,0
2021-09-30 02:31:30.000,5,0.0,0.0,0
2021-09-30 03:01:30.000,2,0.0,0.0,0
2021-09-30 04:46:30.000,3,0.0,0.0,0
2021-09-30 05:46:30.000,21,16.8,4.2,4
2021-09-30 06:31:30.001,66,214.5,22.2,39
2021-09-30 07:01:30.000,58,79.4,7.7,14
2021-09-30 08:01:30.000,25,0.0,0.0,0
2021-09-30 09:16:30.000,26,9.5,1.2,2
2021-09-30 10:46:30.000,30,22.0,3.2,6
2021-09-30 11:01:30.000,32,38.5,4.1,10
2021-09-30 12:01:30.001,29,16.3,2.2,3
2021-09-30 13:46:30.000,39,68.2,9.7,14
2021-09-30 14:46:30.000,63,223.5,22.6,34
2021-09-30 15:01:30.000,70,217.1,20.1,34
2021-09-30 16:01:30.000,53,74.3,7.8,14
2021-09-30 17:01:30.000,25,8.8,1.3,3
2021-09-30 18:01:30.000,14,0.0,0.0,0
2021-09-30 19:01:30.000,8,0.0,0.0,0
2021-09-30 20:01:30.000,5,0.0,0.0,0
2021-09-30 21:01:30.000,3,0.0,0.0,0
2021-09-30 22:01:30.000,1,0.0,0.0,0
2021-09-30 23:01:30.000,0,0.0,0.0,0
2021-10-01 00:01:30.000,0,0.0,0.0,0
2021-10-01 01:31:30.000,1,0.0,0.0,0
2021-10-01 02:01:30.000,1,0.0,0.0,0
2021-10-01 03:01:30.000,4,0.0,0.0,0
2021-10-01 04:46:30.001,2,0.0,0.0,0
2021-10-01 05:46:30.001,20,8.5,2.7,3
2021-10-01 06:31:30.000,61,127.9,17.4,30
2021-10-01 07:01:30.000,51,58.8,6.4,11
2021-10-01 08:46:30.000,25,17.5,1.8,3
2021-10-01 09:01:30.000,26,4.7,1.3,2
2021-10-01 10:16:30.000,28,8.0,0.7,2
2021-10-01 11:01:30.000,27,11.8,1.9,3
2021-10-01 12:46:30.000,27,16.5,2.2,5
2021-10-01 13:01:30.000,31,44.2,3.8,11
2021-10-01 13:46:30.000,43,70.7,8.5,15
2021-10-01 14:46:30.000,70,196.5,20.7,39
2021-10-01 15:01:30.000,70,192.9,19.0,31
2021-10-01 16:01:30.000,58,132.5,13.3,23
2021-10-01 17:01:30.001,35,15.4,1.6,3
2021-10-01 18:01:30.000,21,5.6,0.6,2
2021-10-01 19:01:30.000,11,0.0,0.0,0
2021-10-01 20:01:30.000,8,0.0,0.0,0
2021-10-01 21:01:30.000,7,2.8,0.4,1
2021-10-01 22:01:30.000,4,0.0,0.0,0
2021-10-01 23:16:30.000,3,0.0,0.0,0
2021-10-02 00:01:30.000,0,0.0,0.0,0
2021-10-02 01:01:30.001,0,0.0,0.0,0
2021-10-02 02:16:30.000,1,0.0,0.0,0
2021-10-02 03:01:30.000,0,0.0,0.0,0
2021-10-02 04:01:30.000,0,0.0,0.0,0
2021-10-02 05:16:30.000,2,0.0,0.0,0
2021-10-02 06:46:30.000,6,0.0,0.0,0
2021-10-02 07:46:30.000,10,0.0,0.0,0
2021-10-02 08:46:30.000,19,2.9,0.2,1
2021-10-02 09:46:30.000,27,10.9,2.0,4
2021-10-02 10:16:30.000,29,4.5,0.9,2
2021-10-02 11:01:30.000,21,2.3,0.4,1
2021-10-02 12:46:30.000,27,5.5,1.1,2
2021-10-02 13:01:30.000,27,13.6,2.0,5
2021-10-02 14:16:30.000,26,11.8,1.6,3
2021-10-02 15:01:30.001,25,6.1,1.2,2
2021-10-02 16:31:30.000,27,13.9,1.3,2
2021-10-02 17:01:30.000,22,5.5,0.9,2
2021-10-02 18:01:30.000,15,0.0,0.0,0
2021-10-02 19:01:30.001,10,3.4,0.3,1
2021-10-02 20:01:30.000,8,0.0,0.0,0
2021-10-02 21:31:30.000,7,0.0,0.0,0
2021-10-02 22:01:30.000,7,0.0,0.0,0
2021-10-02 23:16:30.000,4,0.0,0.0,0
2021-10-03 00:01:30.000,3,0.0,0.0,0
2021-10-03 01:31:30.000,2,0.0,0.0,0
2021-10-03 02:16:30.000,2,0.0,0.0,0
2021-10-03 03:01:30.000,1,0.0,0.0,0
2021-10-03 04:01:30.000,0,0.0,0.0,0
2021-10-03 05:31:30.000,1,0.0,0.0,0
2021-10-03 06:46:30.000,2,0.0,0.0,0
2021-10-03 07:46:30.000,5,0.0,0.0,0
2021-10-03 08:46:30.000,8,0.0,0.0,0
2021-10-03 09:31:30.001,10,0.0,0.0,0
2021-10-03 10:16:30.000,12,0.0,0.0,0
2021-10-03 11:01:30.000,8,0.0,0.0,0
2021-10-03 12:46:30.000,11,0.0,0.0,0
2021-10-03 13:01:30.001,17,0.0,0.0,0
2021-10-03 14:01:30.000,9,0.0,0.0,0
2021-10-03 15:46:30.000,9,0.0,0.0,0
2021-10-03 16:31:30.000,10,0.0,0.0,0
2021-10-03 17:31:30.000,11,0.0,0.0,0
2021-10-03 18:01:30.001,11,0.0,0.0,0
2021-10-03 19:01:30.000,7,0.0,0.0,0
2021-10-03 20:01:30.000,4,0.0,0.0,0
2021-10-03 21:01:30.000,2,0.0,0.0,0
2021-10-03 22:01:30.000,0,0.0,0.0,0
2021-10-03 23:01:30.000,0,0.0,0.0,0
2021-10-04 00:16:30.000,2,0.0,0.0,0
2021-10-04 01:01:30.000,1,0.0,0.0,0
2021-10-04 02:46:30.000,2,0.0,0.0,0
2021-10-04 03:01:30.000,2,0.0,0.0,0
2021-10-04 04:46:30.000,3,0.0,0.0,0
2021-10-04 05:46:30.001,22,25.4,4.9,7
2021-10-04 06:31:30.000,67,162.2,20.2,35
2021-10-04 07:01:30.000,50,40.0,5.0,10
2021-10-04 08:01:30.000,21,1.2,0.0,1
2021-10-04 09:16:30.000,21,8.7,1.1,2
2021-10-04 10:46:30.001,22,6.0,1.1,2
2021-10-04 11:01:30.000,22,4.6,0.9,2
2021-10-04 12:46:30.001,21,5.1,1.4,2
2021-10-04 13:46:30.000,32,31.5,3.7,7
2021-10-04 14:46:30.000,57,199.9,17.7,36
2021-10-04 15:31:30.001,74,171.7,18.0,38
2021-10-04 16:01:30.000,52,60.1,6.6,15
2021-10-04 17:01:30.001,17,6.3,0.3,2
2021-10-04 18:01:30.000,11,0.0,0.0,0
2021-10-04 19:01:30.001,7,0.0,0.0,0
2021-10-04 20:01:30.001,5,0.0,0.0,0
2021-10-04 21:01:30.001,2,0.0,0.0,0
2021-10-04 22:01:30.000,0,0.0,0.0,0
2021-10-04 23:01:30.001,0,0.0,0.0,0
2021-10-05 00:01:30.000,0,0.0,0.0,0
2021-10-05 01:31:30.000,3,0.0,0.0,0
2021-10-05 02:46:30.001,4,0.0,0.0,0
2021-10-05 03:01:30.000,4,0.0,0.0,0
2021-10-05 04:46:30.000,3,0.0,0.0,0
2021-10-05 05:46:30.001,23,27.9,6.5,7
2021-10-05 06:31:30.000,65,153.1,20.0,35
2021-10-05 07:01:30.001,57,36.9,5.1,9
2021-10-05 08:01:30.000,24,9.0,0.9,3
2021-10-05 09:46:30.000,25,10.6,1.3,2
2021-10-05 10:46:30.000,27,7.1,1.5,2
2021-10-05 11:01:30.000,26,11.4,1.8,3
2021-10-05 12:46:30.000,26,4.7,0.6,2
2021-10-05 13:46:30.001,40,63.7,9.9,15
2021-10-05 14:46:30.001,53,106.9,10.5,21
2021-10-05 15:16:30.000,55,103.0,10.6,27
2021-10-05 16:01:30.000,40,23.0,2.5,5
2021-10-05 17:01:30.000,20,0.0,0.0,0
2021-10-05 18:01:30.000,13,0.0,0.0,0
2021-10-05 19:01:30.000,8,3.1,0.3,1
2021-10-05 20:01:30.000,6,0.0,0.0,0
2021-10-05 21:01:30.000,4,0.0,0.0,0
2021-10-05 22:01:30.000,1,0.0,0.0,0
2021-10-05 23:01:30.001,0,0.0,0.0,0
2021-10-06 00:01:30.000,0,0.0,0.0,0
2021-10-06 01:31:30.000,2,0.0,0.0,0
2021-10-06 02:01:30.000,4,0.0,0.0,0
2021-10-06 03:01:30.000,3,0.0,0.0,0
2021-10-06 04:46:30.000,3,0.0,0.0,0
2021-10-06 05:46:30.000,21,15.9,3.4,4
2021-10-06 06:31:30.000,58,135.4,14.8,27
2021-10-06 07:01:30.000,40,28.1,2.3,6
2021-10-06 08:46:30.000,24,6.4,0.2,1
2021-10-06 09:46:30.000,29,8.7,1.5,3
2021-10-06 10:31:30.000,50,73.9,9.7,21
2021-10-06 11:01:30.001,45,33.3,4.3,7
2021-10-06 12:01:30.000,26,2.6,0.3,1
2021-10-06 13:01:30.000,28,3.4,0.6,1
2021-10-06 14:46:30.000,45,53.3,9.4,15
2021-10-06 15:01:30.000,50,56.0,8.0,17
2021-10-06 16:01:30.000,44,32.4,3.6,8
2021-10-06 17:01:30.000,19,0.0,0.0,0
2021-10-06 18:01:30.000,14,0.0,0.0,0
2021-10-06 19:01:30.000,10,0.0,0.0,0
2021-10-06 20:01:30.000,8,0.0,0.0,0
2021-10-06 21:01:30.001,5,0.0,0.0,0
2021-10-06 22:01:30.000,2,0.0,0.0,0
2021-10-06 23:01:30.000,3,0.0,0.0,0
2021-10-07 00:46:30.000,2,0.0,0.0,0
2021-10-07 01:46:30.000,6,0.0,0.0,0
2021-10-07 02:01:30.000,8,0.0,0.0,0
2021-10-07 03:01:30.000,2,0.0,0.0,0
2021-10-07 04:46:30.000,3,0.0,0.0,0
2021-10-07 05:46:30.001,25,30.0,7.5,7
2021-10-07 06:31:30.000,66,173.2,17.3,39
2021-10-07 07:01:30.000,47,52.9,6.1,13
2021-10-07 08:31:30.000,23,5.4,0.2,1
2021-10-07 09:01:30.000,23,2.4,0.3,1
2021-10-07 10:31:30.001,28,7.7,1.3,2
2021-10-07 11:01:30.000,25,6.7,0.9,2
2021-10-07 12:46:30.000,24,6.7,1.3,3
2021-10-07 13:46:30.000,34,27.3,3.5,8
2021-10-07 14:46:30.001,59,159.0,16.5,35
2021-10-07 15:01:30.000,60,154.3,15.7,30
2021-10-07 16:01:30.000,43,54.0,5.3,11
2021-10-07 17:01:30.001,26,15.5,1.6,3
2021-10-07 18:01:30.000,16,0.0,0.0,0
2021-10-07 19:01:30.000,9,0.0,0.0,0
2021-10-07 20:01:30.000,6,0.0,0.0,0
2021-10-07 21:16:30.000,4,3.8,0.3,1
2021-10-07 22:01:30.000,3,0.0,0.0,0
2021-10-07 23:01:30.000,1,0.0,0.0,0
2021-10-08 00:01:30.000,0,0.0,0.0,0
2021-10-08 01:46:30.000,7,0.6,1.5,1
2021-10-08 02:01:30.000,7,0.0,0.0,0
2021-10-08 03:01:30.000,3,0.0,0.0,0
2021-10-08 04:46:30.000,6,0.0,0.0,0
2021-10-08 05:46:30.000,22,13.6,3.1,4
2021-10-08 06:31:30.001,63,147.7,13.6,27
2021-10-08 07:01:30.000,49,71.0,8.0,16
2021-10-08 08:31:30.000,25,15.5,3.3,4
2021-10-08 09:01:30.000,26,6.8,1.3,3
2021-10-08 09:46:30.001,28,11.0,2.3,2
2021-10-08 10:16:30.000,33,34.3,4.3,8
2021-10-08 11:46:30.000,29,15.4,2.4,3
2021-10-08 12:01:30.001,28,9.4,1.5,2
2021-10-08 13:46:30.000,47,114.4,15.6,24
2021-10-08 14:46:30.000,84,309.7,30.6,49
2021-10-08 15:31:30.000,94,270.4,23.0,43
2021-10-08 16:01:30.000,93,212.8,23.1,40
2021-10-08 17:01:30.000,56,99.4,7.1,18
2021-10-08 18:01:30.000,31,7.2,1.7,2
2021-10-08 19:01:30.000,13,0.0,0.0,0
2021-10-08 20:31:30.000,15,0.0,0.0,0
2021-10-08 21:01:30.000,7,0.0,0.0,0
2021-10-08 22:01:30.000,4,0.0,0.0,0
2021-10-08 23:01:30.000,1,0.0,0.0,0
2021-10-09 00:01:30.000,0,0.0,0.0,0
2021-10-09 01:01:30.000,0,0.0,0.0,0
2021-10-09 02:31:30.000,1,0.0,0.0,0
2021-10-09 03:16:30.000,5,0.0,0.0,0
2021-10-09 04:31:30.000,3,0.0,0.0,0
2021-10-09 05:01:30.000,2,0.0,0.0,0
2021-10-09 06:46:30.001,7,0.0,0.0,0
2021-10-09 07:46:30.000,12,0.0,0.0,0
2021-10-09 08:31:30.000,17,0.0,0.0,0
2021-10-09 09:46:30.001,30,13.1,2.1,2
2021-10-09 10:16:30.000,31,21.9,3.3,6
2021-10-09 11:01:30.000,28,12.7,1.9,2
2021-10-09 12:01:30.000,27,28.6,4.3,7
2021-10-09 12:46:30.001,30,19.4,2.6,4
2021-10-09 13:16:30.000,33,33.4,4.7,8
2021-10-09 14:46:30.001,30,23.9,3.9,7
2021-10-09 15:16:30.000,33,29.6,4.6,8
2021-10-09 16:16:30.000,35,44.2,4.9,8
2021-10-09 17:01:30.000,29,22.1,2.4,5
2021-10-09 18:01:30.001,15,0.0,0.0,0
2021-10-09 19:01:30.000,8,0.0,0.0,0
2021-10-09 20:01:30.001,7,0.0,0.0,0
2021-10-09 21:01:30.000,7,0.0,0.0,0
2021-10-09 22:01:30.000,5,0.0,0.0,0
2021-10-09 23:01:30.000,3,0.0,0.0,0
2021-10-10 00:01:30.000,1,0.0,0.0,0
2021-10-10 01:01:30.000,0,0.0,0.0,0
2021-10-10 02:46:30.000,1,0.0,0.0,0
2021-10-10 03:01:30.000,1,0.0,0.0,0
2021-10-10 04:16:30.000,2,0.0,0.0,0
2021-10-10 05:46:30.001,2,0.0,0.0,0
2021-10-10 06:46:30.000,3,0.0,0.0,0
2021-10-10 07:16:30.000,4,0.0,0.0,0
2021-10-10 08:46:30.000,8,0.0,0.0,0
2021-10-10 09:46:30.000,12,2.2,0.3,1
2021-10-10 10:16:30.001,13,0.0,0.0,0
2021-10-10 11:01:30.000,11,0.0,0.0,0
2021-10-10 12:46:30.000,11,0.0,0.0,0
2021-10-10 13:16:30.000,12,0.0,0.0,0
2021-10-10 14:46:30.001,13,0.0,0.0,0
2021-10-10 15:31:30.000,16,4.6,0.4,2
2021-10-10 16:31:30.000,23,0.0,0.0,0
2021-10-10 17:01:30.000,15,0.0,0.0,0
2021-10-10 18:01:30.000,13,0.0,0.0,0
2021-10-10 19:01:30.000,8,0.0,0.0,0
2021-10-10 20:01:30.000,5,0.0,0.0,0
2021-10-10 21:01:30.001,2,0.0,0.0,0
2021-10-10 22:01:30.001,0,0.0,0.0,0
2021-10-10 23:16:30.000,1,0.0,0.0,0
2021-10-11 00:01:30.001,0,0.0,0.0,0
2021-10-11 01:46:30.000,1,0.0,0.0,0
2021-10-11 02:01:30.000,2,0.0,0.0,0
2021-10-11 03:01:30.000,1,0.0,0.0,0
2021-10-11 04:46:30.000,4,0.0,0.0,0
2021-10-11 05:46:30.000,25,41.1,8.3,9
2021-10-11 06:31:30.000,64,126.4,16.0,28
2021-10-11 07:01:30.000,41,16.1,2.0,5
2021-10-11 08:01:30.000,18,0.0,0.0,0
2021-10-11 08:46:30.000,20,2.9,0.6,1
2021-10-11 09:01:30.001,20,0.0,0.0,0
2021-10-11 10:31:30.000,23,4.2,0.8,1
2021-10-11 11:01:30.000,22,5.6,0.5,1
2021-10-11 12:01:30.000,19,0.0,0.0,0
2021-10-11 13:46:30.000,29,33.8,5.2,10
2021-10-11 14:46:30.000,46,89.1,11.6,23
2021-10-11 15:01:30.001,49,77.7,10.8,21
2021-10-11 16:01:30.000,31,13.2,0.8,2
2021-10-11 17:01:30.000,15,0.0,0.0,0
2021-10-11 18:01:30.001,10,0.0,0.0,0
2021-10-11 19:16:30.000,6,0.0,0.0,0
2021-10-11 20:01:30.000,3,0.0,0.0,0
2021-10-11 21:01:30.000,2,0.0,0.0,0
2021-10-11 22:01:30.000,0,0.0,0.0,0
2021-10-11 23:01:30.000,0,0.0,0.0,0
2021-10-12 00:31:30.000,3,0.0,0.0,0
2021-10-12 01:46:30.000,14,0.0,0.0,0
2021-10-12 02:01:30.000,14,0.6,1.5,1
2021-10-12 03:01:30.000,5,0.0,0.0,0
2021-10-12 04:46:30.000,3,0.0,0.0,0
2021-10-12 05:46:30.001,24,40.7,10.9,13
2021-10-12 06:01:00.000,40,95.4,16.9,24
2021-10-12 06:46:30.001,89,159.7,16.6,22
2021-10-12 07:01:30.000,104,123.4,14.6,17
2021-10-12 08:01:30.000,38,33.6,3.6,6
2021-10-12 09:01:30.000,27,13.1,3.7,4
2021-10-12 10:16:30.001,24,11.4,1.5,4
2021-10-12 11:01:30.000,22,1.3,0.1,1
2021-10-12 12:16:30.000,20,5.6,2.2,2
2021-10-12 13:46:30.000,38,54.4,9.2,12
2021-10-12 14:46:30.000,55,91.5,12.3,24
2021-10-12 15:01:30.000,57,85.7,14.2,23
2021-10-12 16:01:30.000,33,9.3,2.4,3
2021-10-12 17:01:30.000,17,0.0,0.0,0
2021-10-12 18:01:30.000,12,3.8,0.2,1
2021-10-12 19:01:30.000,9,0.0,0.0,0
2021-10-12 20:01:30.001,5,0.0,0.0,0
2021-10-12 21:01:30.000,2,0.0,0.0,0
2021-10-12 22:01:30.000,0,0.0,0.0,0
2021-10-12 23:16:30.000,1,0.0,0.0,0
2021-10-13 00:46:30.001,2,0.0,0.0,0
2021-10-13 01:46:30.000,3,0.0,0.0,0
2021-10-13 02:01:30.000,5,0.0,0.0,0
2021-10-13 03:01:30.000,2,0.0,0.0,0
2021-10-13 04:46:30.001,2,0.0,0.0,0
2021-10-13 05:46:30.000,20,5.1,1.3,1
2021-10-13 06:31:30.000,48,66.1,10.2,19
2021-10-13 07:01:30.000,30,4.9,0.6,1
2021-10-13 08:31:30.000,22,13.6,1.2,2
2021-10-13 09:46:30.000,25,6.7,1.4,2
2021-10-13 10:31:30.000,40,49.3,6.6,14
2021-10-13 11:01:30.000,32,14.1,2.5,4
2021-10-13 12:31:30.000,23,5.1,0.7,2
2021-10-13 13:31:30.000,24,2.3,0.5,1
2021-10-13 14:46:30.000,42,67.5,7.3,14
2021-10-13 15:01:30.000,44,49.0,6.2,13
2021-10-13 16:01:30.000,34,12.2,1.2,2
2021-10-13 17:01:30.001,19,0.0,0.0,0
2021-10-13 18:01:30.000,12,0.0,0.0,0
2021-10-13 19:01:30.000,10,0.0,0.0,0
2021-10-13 20:01:30.000,6,0.0,0.0,0
2021-10-13 21:01:30.001,2,0.0,0.0,0
2021-10-13 22:01:30.000,1,0.0,0.0,0
2021-10-13 23:01:30.000,0,0.0,0.0,0
2021-10-14 00:31:30.000,2,0.0,0.0,0
2021-10-14 01:16:30.000,3,0.0,0.0,0
2021-10-14 02:31:30.000,6,0.0,0.0,0
2021-10-14 03:01:30.000,1,0.0,0.0,0
2021-10-14 04:46:30.001,3,0.0,0.0,0
2021-10-14 05:46:30.000,23,19.7,4.9,6
2021-10-14 06:16:30.000,57,147.0,19.7,39
2021-10-14 07:01:30.000,40,8.3,2.0,4
2021-10-14 08:46:30.001,25,10.4,0.8,3
2021-10-14 09:01:30.000,25,6.1,0.7,1
2021-10-14 10:16:30.000,26,7.5,2.2,3
2021-10-14 11:01:30.000,25,10.3,1.5,4
2021-10-14 12:46:30.000,26,13.3,1.9,3
2021-10-14 13:46:30.001,33,34.9,5.0,10
2021-10-14 14:46:30.000,53,158.8,12.7,28
2021-10-14 15:01:30.000,58,177.9,15.6,28
2021-10-14 16:01:30.000,36,11.5,2.5,4
2021-10-14 17:01:30.000,18,2.2,0.5,1
2021-10-14 18:01:30.000,13,0.0,0.0,0
2021-10-14 19:01:30.001,7,0.0,0.0,0
2021-10-14 20:01:30.000,5,0.0,0.0,0
2021-10-14 21:16:30.000,3,0.0,0.0,0
2021-10-14 22:01:30.000,0,0.0,0.0,0
2021-10-14 23:01:30.000,0,0.0,0.0,0
2021-10-15 00:01:30.001,0,0.0,0.0,0
2021-10-15 01:31:30.000,2,0.0,0.0,0
2021-10-15 02:31:30.000,3,0.0,0.0,0
2021-10-15 03:16:30.000,3,0.0,0.0,0
2021-10-15 04:46:30.000,2,0.0,0.0,0
2021-10-15 05:46:30.000,22,32.6,4.5,9
2021-10-15 06:31:30.001,59,71.8,9.2,19
2021-10-15 07:01:30.000,36,3.6,0.5,1
2021-10-15 08:46:30.000,21,0.0,0.0,0
2021-10-15 09:16:30.000,23,3.5,0.6,1
2021-10-15 10:46:30.000,24,6.3,1.1,2
2021-10-15 11:46:30.001,25,3.0,0.6,1
2021-10-15 12:46:30.000,27,2.9,0.8,1
2021-10-15 13:46:00.000,39,57.0,6.7,11
2021-10-15 14:46:30.001,58,138.3,17.1,31
2021-10-15 15:01:30.001,59,132.7,13.3,28
2021-10-15 16:01:30.000,37,47.8,4.2,9
2021-10-15 17:01:30.000,27,12.5,1.8,3
2021-10-15 18:01:30.000,21,1.5,0.1,1
2021-10-15 19:01:30.000,9,0.0,0.0,0
2021-10-15 20:01:30.001,7,0.0,0.0,0
2021-10-15 21:31:30.000,6,0.0,0.0,0
2021-10-15 22:01:30.000,4,0.0,0.0,0
2021-10-15 23:01:30.000,1,0.0,0.0,0
2021-10-16 00:46:30.000,1,0.0,0.0,0
2021-10-16 01:01:30.000,0,0.0,0.0,0
2021-10-16 02:46:30.000,4,0.0,0.0,0
2021-10-16 03:01:30.001,3,0.0,0.0,0
2021-10-16 04:16:30.000,2,0.0,0.0,0
2021-10-16 05:46:30.000,1,0.0,0.0,0
2021-10-16 06:46:30.001,4,0.0,0.0,0
2021-10-16 07:46:30.000,11,0.0,0.0,0
2021-10-16 08:46:30.000,18,0.0,0.0,0
2021-10-16 09:46:30.001,22,4.6,0.6,1
2021-10-16 10:01:30.000,22,5.1,1.0,2
2021-10-16 11:16:30.000,22,7.8,1.1,2
2021-10-16 12:31:30.000,25,8.2,1.9,3
2021-10-16 13:01:30.000,24,4.0,0.2,2
2021-10-16 14:01:30.000,24,10.5,1.4,2
2021-10-16 15:31:30.000,26,21.9,2.2,5
2021-10-16 16:01:30.000,22,5.7,1.0,2
2021-10-16 17:16:30.000,19,2.9,0.4,1
2021-10-16 18:01:30.001,12,0.0,0.0,0
2021-10-16 19:01:30.001,8,3.7,1.7,1
2021-10-16 20:01:30.000,7,0.0,0.0,0
2021-10-16 21:01:30.000,5,0.0,0.0,0
2021-10-16 22:01:30.001,3,0.0,0.0,0
2021-10-16 23:01:30.001,3,0.0,0.0,0
2021-10-17 00:01:30.001,0,0.0,0.0,0
2021-10-17 01:01:30.000,0,0.0,0.0,0
2021-10-17 02:01:30.001,0,0.0,0.0,0
2021-10-17 03:01:30.000,0,0.0,0.0,0
2021-10-17 04:01:30.000,0,0.0,0.0,0
2021-10-17 05:46:30.000,1,0.0,0.0,0
2021-10-17 06:46:30.000,2,0.0,0.0,0
2021-10-17 07:16:30.001,3,0.0,0.0,0
2021-10-17 07:46:30.000,4,0.0,0.0,0
2021-10-17 08:31:30.001,7,0.0,0.0,0
2021-10-17 09:46:30.000,9,0.0,0.0,0
2021-10-17 10:01:30.000,11,0.0,0.0,0
2021-10-17 11:01:30.000,9,0.0,0.0,0
2021-10-17 12:16:30.000,9,0.0,0.0,0
2021-10-17 13:31:30.000,11,0.0,0.0,0
2021-10-17 14:16:30.000,13,2.6,0.3,1
2021-10-17 15:16:30.000,13,0.0,0.0,0
2021-10-17 16:01:30.000,18,0.0,0.0,0
2021-10-17 17:01:30.000,12,0.0,0.0,0
2021-10-17 18:01:30.000,10,0.0,0.0,0
2021-10-17 19:01:30.000,7,0.0,0.0,0
2021-10-17 20:01:30.000,3,0.0,0.0,0
2021-10-17 21:16:30.000,2,0.0,0.0,0
2021-10-17 22:01:30.001,1,0.0,0.0,0
2021-10-17 23:01:30.000,0,0.0,0.0,0
2021-10-18 00:16:30.000,3,0.0,0.0,0
2021-10-18 01:01:30.001,1,0.0,0.0,0
2021-10-18 02:16:30.001,3,0.0,0.0,0
2021-10-18 03:01:30.001,3,0.0,0.0,0
2021-10-18 04:46:30.000,3,0.0,0.0,0
2021-10-18 05:46:30.000,21,29.3,7.0,8
2021-10-18 06:31:30.000,58,97.0,10.9,22
2021-10-18 07:01:30.000,41,18.1,2.8,6
2021-10-18 08:46:30.000,20,0.0,0.0,0
2021-10-18 09:16:30.000,20,0.0,0.0,0
2021-10-18 10:31:30.000,23,5.5,0.5,3
2021-10-18 11:01:30.000,23,10.0,1.0,4
2021-10-18 12:01:30.000,25,12.7,1.8,3
2021-10-18 13:46:30.001,30,34.8,4.0,10
2021-10-18 14:46:30.000,51,109.7,13.2,26
2021-10-18 15:01:30.001,53,100.0,12.8,22
2021-10-18 16:01:30.000,37,25.6,3.8,8
2021-10-18 17:01:30.000,17,0.0,0.0,0
2021-10-18 18:01:30.001,10,3.8,0.2,1
2021-10-18 19:01:30.000,5,0.0,0.0,0
2021-10-18 20:01:30.000,3,0.0,0.0,0
2021-10-18 21:01:30.000,3,0.0,0.0,0
2021-10-18 22:46:30.000,1,0.0,0.0,0
2021-10-18 23:01:30.000,0,0.0,0.0,0
2021-10-19 00:31:30.001,1,0.5,1.6,1
2021-10-19 01:31:30.000,8,0.0,0.0,0
2021-10-19 02:01:30.000,5,0.6,1.6,1
2021-10-19 03:01:30.000,3,0.0,0.0,0
2021-10-19 04:46:30.000,3,0.0,0.0,0
2021-10-19 05:46:30.000,24,29.2,7.5,6
2021-10-19 06:31:30.000,70,151.9,16.3,32
2021-10-19 07:01:30.000,50,30.6,5.6,10
2021-10-19 08:46:30.000,23,6.4,1.2,2
2021-10-19 09:01:30.000,22,8.8,1.6,3
2021-10-19 10:16:30.001,24,4.7,0.6,2
2021-10-19 11:01:30.000,23,2.3,0.7,1
2021-10-19 12:46:30.000,23,9.8,2.1,4
2021-10-19 13:46:30.000,31,24.5,3.0,8
2021-10-19 14:46:30.000,53,130.4,12.6,25
2021-10-19 15:01:30.274,53,106.0,12.6,23
2021-10-19 16:01:30.000,36,19.2,3.1,6
2021-10-19 17:01:30.000,19,2.3,0.3,1
2021-10-19 18:01:30.001,12,0.0,0.0,0
2021-10-19 19:01:30.001,7,0.0,0.0,0
2021-10-19 20:01:30.000,4,0.0,0.0,0
2021-10-19 21:01:30.001,2,0.0,0.0,0
2021-10-19 22:01:30.000,0,0.0,0.0,0
2021-10-19 23:01:30.000,0,0.0,0.0,0
2021-10-20 00:46:30.001,4,0.0,0.0,0
2021-10-20 01:31:30.000,4,0.0,0.0,0
2021-10-20 02:46:30.000,5,0.5,1.4,1
2021-10-20 03:01:30.000,5,0.0,0.0,0
2021-10-20 04:46:30.000,2,0.0,0.0,0
2021-10-20 05:46:30.000,22,20.6,5.2,4
2021-10-20 06:16:30.000,53,106.3,15.8,28
2021-10-20 07:01:30.000,32,5.7,1.0,2
2021-10-20 08:31:30.000,24,2.9,0.5,2
2021-10-20 09:46:30.001,26,5.1,0.8,2
2021-10-20 10:31:30.000,47,56.8,8.8,16
2021-10-20 11:01:30.001,37,8.4,1.4,2
2021-10-20 12:46:30.000,25,13.3,1.8,3
2021-10-20 13:01:30.000,27,9.3,1.5,3
2021-10-20 14:46:30.000,39,51.3,8.2,16
2021-10-20 15:16:30.000,44,51.2,7.0,13
2021-10-20 16:01:30.000,33,8.5,1.5,3
2021-10-20 17:01:30.000,18,0.0,0.0,0
2021-10-20 18:01:30.000,11,2.2,0.3,1
2021-10-20 19:01:30.000,5,0.0,0.0,0
2021-10-20 20:16:30.000,4,0.0,0.0,0
2021-10-20 21:01:30.000,3,0.0,0.0,0
2021-10-20 22:01:30.000,0,0.0,0.0,0
2021-10-20 23:31:30.000,2,0.0,0.0,0
2021-10-21 00:01:30.000,0,0.0,0.0,0
2021-10-21 01:46:30.000,5,0.0,0.0,0
2021-10-21 02:46:30.000,8,0.4,1.1,1
2021-10-21 03:01:30.000,5,0.0,0.0,0
2021-10-21 04:46:30.000,8,0.0,0.0,0
2021-10-21 05:46:30.000,29,35.0,7.7,10
2021-10-21 06:31:30.000,68,108.9,14.4,30
2021-10-21 07:01:30.000,41,5.2,0.4,2
2021-10-21 08:31:30.000,21,0.0,0.0,0
2021-10-21 09:46:30.000,24,7.6,1.3,2
2021-10-21 10:01:30.001,26,6.5,1.3,2
2021-10-21 11:01:30.000,24,1.9,0.3,1
2021-10-21 12:46:30.000,27,7.2,1.0,2
2021-10-21 13:46:30.001,39,57.6,10.0,14
2021-10-21 14:46:30.000,49,82.6,9.7,21
2021-10-21 15:01:30.000,49,52.8,7.8,16
2021-10-21 16:01:30.001,30,7.5,1.4,4
2021-10-21 17:01:30.001,21,0.0,0.0,0
2021-10-21 18:01:30.001,13,0.0,0.0,0
2021-10-21 19:01:30.001,8,0.0,0.0,0
2021-10-21 20:01:30.000,5,0.0,0.0,0
2021-10-21 21:01:30.001,3,0.0,0.0,0
2021-10-21 22:01:30.000,2,0.0,0.0,0
2021-10-21 23:01:30.000,0,0.0,0.0,0
2021-10-22 00:01:30.000,0,0.0,0.0,0
2021-10-22 01:01:30.000,0,0.0,0.0,0
2021-10-22 02:31:30.001,3,0.6,1.6,1
2021-10-22 03:01:30.000,3,0.0,0.0,0
2021-10-22 04:46:30.000,4,0.0,0.0,0
2021-10-22 05:46:30.000,20,13.5,4.7,5
2021-10-22 06:31:30.000,50,71.7,8.0,18
2021-10-22 07:01:30.001,32,7.0,1.4,2
2021-10-22 08:31:30.001,27,10.0,1.4,3
2021-10-22 09:01:30.000,27,7.1,1.5,2
2021-10-22 10:46:30.000,28,15.0,2.5,3
2021-10-22 11:01:30.000,27,14.1,2.6,3
2021-10-22 12:46:30.000,26,13.3,2.0,5
2021-10-22 13:46:30.000,40,65.4,9.9,17
2021-10-22 14:46:30.000,57,147.5,14.9,31
2021-10-22 15:01:30.000,57,106.9,13.4,26
2021-10-22 16:01:30.000,40,39.8,5.9,10
2021-10-22 17:01:30.000,28,16.6,1.8,3
2021-10-22 18:01:30.000,18,2.8,0.4,1
2021-10-22 19:01:30.000,9,0.0,0.0,0
2021-10-22 20:01:30.000,6,0.0,0.0,0
2021-10-22 21:01:30.000,4,0.0,0.0,0
2021-10-22 22:16:30.000,3,0.0,0.0,0
2021-10-22 23:01:30.000,2,0.0,0.0,0
2021-10-23 00:46:30.001,1,0.0,0.0,0
2021-10-23 01:01:30.000,0,0.0,0.0,0
2021-10-23 02:01:30.000,1,0.0,0.0,0
2021-10-23 03:01:30.001,1,0.0,0.0,0
2021-10-23 04:01:30.000,0,0.0,0.0,0
2021-10-23 05:31:30.000,1,0.0,0.0,0
2021-10-23 06:46:30.000,6,0.0,0.0,0
2021-10-23 07:46:30.000,10,0.0,0.0,0
2021-10-23 08:31:30.000,16,0.0,0.0,0
2021-10-23 09:31:30.001,22,8.4,0.8,3
2021-10-23 10:16:30.001,23,7.0,1.2,2
2021-10-23 11:01:30.000,21,7.5,1.3,2
2021-10-23 12:31:30.000,27,14.4,2.5,4
2021-10-23 13:16:30.000,28,18.3,2.2,3
2021-10-23 14:01:30.000,29,27.7,3.2,5
2021-10-23 15:01:30.000,25,9.2,1.3,2
2021-10-23 16:31:30.000,26,19.3,2.2,4
2021-10-23 17:01:30.000,23,2.2,0.3,1
2021-10-23 18:01:30.000,12,0.0,0.0,0
2021-10-23 19:01:30.001,7,0.0,0.0,0
2021-10-23 20:01:30.000,6,0.0,0.0,0
2021-10-23 21:01:30.000,4,0.0,0.0,0
2021-10-23 22:01:30.000,4,0.0,0.0,0
2021-10-23 23:01:30.001,1,0.0,0.0,0
2021-10-24 00:01:30.000,0,0.0,0.0,0
2021-10-24 01:01:30.000,0,0.0,0.0,0
2021-10-24 02:31:30.001,1,0.0,0.0,0
2021-10-24 03:01:30.000,0,0.0,0.0,0
2021-10-24 04:01:30.001,0,0.0,0.0,0
2021-10-24 05:46:30.000,2,0.0,0.0,0
2021-10-24 06:01:30.000,1,0.0,0.0,0
2021-10-24 07:46:30.000,5,0.0,0.0,0
2021-10-24 08:31:30.001,8,0.0,0.0,0
2021-10-24 09:46:30.000,10,0.0,0.0,0
2021-10-24 10:16:30.001,14,1.1,0.2,1
2021-10-24 11:01:30.000,12,3.4,0.5,1
2021-10-24 12:46:30.000,14,0.0,0.0,0
2021-10-24 13:31:30.000,16,5.7,0.8,2
2021-10-24 14:31:30.000,17,3.4,0.6,1
2021-10-24 15:46:30.001,40,21.8,8.8,4
2021-10-24 16:31:30.000,61,14.1,9.6,1
2021-10-24 17:01:30.000,54,15.1,7.5,3
2021-10-24 18:01:30.001,11,0.0,0.0,0
2021-10-24 19:01:30.000,7,0.0,0.0,0
2021-10-24 20:01:30.000,4,0.0,0.0,0
2021-10-24 21:16:30.000,2,0.0,0.0,0
2021-10-24 22:01:30.000,0,0.0,0.0,0
2021-10-24 23:01:30.000,0,0.0,0.0,0
2021-10-25 00:01:30.000,0,0.0,0.0,0
2021-10-25 01:01:30.000,0,0.0,0.0,0
2021-10-25 02:46:30.000,7,0.5,1.3,1
2021-10-25 03:01:30.001,4,0.0,0.0,0
2021-10-25 04:46:30.000,3,0.0,0.0,0
2021-10-25 05:46:30.000,22,25.4,5.8,8
2021-10-25 06:31:30.000,59,90.0,12.0,24
2021-10-25 07:01:30.000,38,13.9,2.2,4
2021-10-25 08:16:30.000,20,14.5,1.2,4
2021-10-25 08:46:30.000,22,4.9,0.6,2
2021-10-25 09:01:30.001,20,0.0,0.0,0
2021-10-25 10:16:30.001,21,0.0,0.0,0
2021-10-25 11:16:30.000,22,5.9,0.6,2
2021-10-25 12:31:30.000,20,4.0,0.4,1
2021-10-25 13:46:30.000,32,43.7,6.7,10
2021-10-25 14:46:30.000,51,133.1,11.3,23
2021-10-25 15:01:30.001,54,94.9,9.6,18
2021-10-25 16:01:30.000,31,0.0,0.0,0
2021-10-25 17:01:30.000,17,1.3,0.0,1
2021-10-25 18:01:30.000,9,0.0,0.0,0
2021-10-25 19:01:30.100,8,0.0,0.0,0
2021-10-25 20:01:30.000,5,0.0,0.0,0
2021-10-25 21:01:30.000,2,0.0,0.0,0
2021-10-25 22:46:30.000,1,0.0,0.0,0
2021-10-25 23:31:30.000,2,0.0,0.0,0
2021-10-26 00:31:30.000,2,0.0,0.0,0
2021-10-26 01:31:30.000,4,0.0,0.0,0
2021-10-26 02:31:30.000,10,1.9,3.6,2
2021-10-26 03:01:30.001,4,0.0,0.0,0
2021-10-26 04:46:30.000,3,0.0,0.0,0
2021-10-26 05:46:30.000,24,16.7,4.4,6
2021-10-26 06:31:30.001,58,84.7,11.5,23
2021-10-26 07:01:30.000,40,17.5,2.6,6
2021-10-26 08:46:30.000,23,7.1,0.8,2
2021-10-26 09:16:30.000,24,6.9,1.1,3
2021-10-26 10:16:30.001,26,15.7,2.0,3
2021-10-26 11:01:30.001,26,9.7,1.9,3
2021-10-26 12:01:30.000,24,11.6,1.0,3
2021-10-26 13:46:30.001,33,62.0,9.2,15
2021-10-26 14:46:30.000,60,107.5,14.9,26
2021-10-26 15:01:30.000,62,107.4,11.3,27
2021-10-26 16:01:30.000,38,25.3,3.8,7
2021-10-26 17:01:30.001,22,0.0,0.0,0
2021-10-26 18:01:30.000,11,0.0,0.0,0
2021-10-26 19:31:30.000,6,0.0,0.0,0
2021-10-26 20:01:30.001,5,0.0,0.0,0
2021-10-26 21:01:30.000,2,0.0,0.0,0
2021-10-26 22:01:30.000,1,0.0,0.0,0
2021-10-26 23:01:30.000,0,0.0,0.0,0
2021-10-27 00:46:30.000,6,0.0,0.0,0
2021-10-27 01:01:30.001,8,0.0,0.0,0
2021-10-27 02:01:30.000,4,0.0,0.0,0
2021-10-27 03:01:30.000,3,0.0,0.0,0
2021-10-27 04:46:30.000,3,0.0,0.0,0
2021-10-27 05:46:30.001,22,16.3,3.5,5
2021-10-27 06:31:30.000,52,49.4,8.3,15
2021-10-27 07:01:30.000,30,3.2,0.6,1
2021-10-27 08:46:30.000,21,2.3,0.3,1
2021-10-27 09:46:30.000,23,11.2,0.5,2
2021-10-27 10:31:30.000,40,52.1,6.5,15
2021-10-27 11:01:30.000,35,23.5,3.7,5
2021-10-27 12:01:30.000,26,12.7,2.4,3
2021-10-27 13:46:30.000,29,25.8,4.3,8
2021-10-27 14:46:30.001,45,56.2,9.6,15
2021-10-27 15:01:30.000,46,54.5,7.5,11
2021-10-27 16:01:30.001,37,26.8,4.5,9
2021-10-27 17:01:30.000,21,1.8,0.2,1
2021-10-27 18:01:30.001,12,0.0,0.0,0
2021-10-27 19:16:30.000,7,0.0,0.0,0
2021-10-27 20:01:30.000,5,0.0,0.0,0
2021-10-27 21:01:30.001,2,0.0,0.0,0
2021-10-27 22:01:30.000,0,0.0,0.0,0
2021-10-27 23:01:30.000,0,0.0,0.0,0
2021-10-28 00:16:30.000,2,0.0,0.0,0
2021-10-28 01:01:30.000,0,0.0,0.0,0
2021-10-28 02:46:30.000,6,0.0,0.0,0
2021-10-28 03:01:30.000,3,0.0,0.0,0
2021-10-28 04:46:30.001,2,0.0,0.0,0
2021-10-28 05:46:30.000,22,36.5,6.6,7
2021-10-28 06:31:30.000,56,69.8,10.1,18
2021-10-28 07:01:30.000,36,3.6,1.0,2
2021-10-28 08:46:30.000,29,17.1,1.7,3
2021-10-28 09:16:30.001,30,24.8,3.7,6
2021-10-28 10:46:30.001,30,11.7,2.8,3
2021-10-28 11:01:30.001,31,10.7,2.7,3
2021-10-28 12:01:30.000,27,8.9,1.7,2
2021-10-28 13:46:30.001,36,43.8,7.2,12
2021-10-28 14:46:30.000,65,139.6,21.5,33
2021-10-28 15:31:30.000,74,114.1,22.1,26
2021-10-28 16:01:30.000,54,46.9,7.3,13
2021-10-28 17:01:30.000,23,5.3,0.9,2
2021-10-28 18:01:30.001,12,0.0,0.0,0
2021-10-28 19:01:30.000,7,0.0,0.0,0
2021-10-28 20:01:30.001,3,0.0,0.0,0
2021-10-28 21:01:30.000,3,0.0,0.0,0
2021-10-28 22:01:30.000,0,0.0,0.0,0
2021-10-28 23:01:30.001,0,0.0,0.0,0
2021-10-29 00:31:30.000,1,0.0,0.0,0
2021-10-29 01:16:30.000,4,0.0,0.0,0
2021-10-29 02:01:30.000,2,0.0,0.0,0
2021-10-29 03:01:30.000,0,0.0,0.0,0
2021-10-29 04:46:30.000,2,0.0,0.0,0
2021-10-29 05:46:30.000,18,8.6,2.4,2
2021-10-29 06:16:30.001,42,59.7,8.1,18
2021-10-29 07:01:30.000,27,2.4,1.2,1
2021-10-29 08:31:30.000,26,11.8,1.7,4
2021-10-29 09:31:30.000,30,24.8,2.3,5
2021-10-29 10:16:30.000,31,15.1,1.6,3
2021-10-29 11:01:30.000,29,19.9,3.9,5
2021-10-29 12:16:30.000,28,18.9,2.5,3
2021-10-29 13:46:30.000,46,108.4,14.3,22
2021-10-29 14:46:30.001,73,194.8,21.1,32
2021-10-29 15:01:30.000,70,182.9,18.9,32
2021-10-29 16:01:30.000,60,91.3,9.1,19
2021-10-29 17:01:30.000,53,68.1,11.7,14
2021-10-29 18:01:30.001,49,29.1,6.0,7
2021-10-29 19:01:30.000,21,2.7,0.5,1
2021-10-29 20:16:30.001,9,0.0,0.0,0
2021-10-29 21:01:30.000,5,0.0,0.0,0
2021-10-29 22:16:30.000,4,0.0,0.0,0
2021-10-29 23:01:30.000,2,0.0,0.0,0
2021-10-30 00:01:30.000,0,0.0,0.0,0
2021-10-30 01:01:30.001,0,0.0,0.0,0
2021-10-30 02:01:30.000,0,0.0,0.0,0
2021-10-30 03:01:30.000,0,0.0,0.0,0
2021-10-30 04:01:30.000,0,0.0,0.0,0
2021-10-30 05:16:30.001,1,0.0,0.0,0
2021-10-30 06:46:30.000,7,0.0,0.0,0
2021-10-30 07:46:30.000,12,0.0,0.0,0
2021-10-30 08:31:30.001,16,0.0,0.0,0
2021-10-30 08:46:30.001,19,3.3,1.2,1
2021-10-30 09:46:30.000,26,8.6,1.3,2
2021-10-30 10:31:30.000,27,7.7,0.7,2
2021-10-30 11:01:30.000,23,3.4,0.8,1
2021-10-30 12:46:30.000,26,16.4,1.6,3
2021-10-30 13:16:30.000,31,25.2,3.2,6
2021-10-30 14:16:30.000,29,19.4,3.1,6
2021-10-30 15:01:30.000,24,7.9,1.1,3
2021-10-30 16:31:30.000,25,10.7,1.5,4
2021-10-30 17:01:30.000,21,0.0,0.0,0
2021-10-30 18:01:30.000,12,0.0,0.0,0
2021-10-30 19:01:30.000,8,0.0,0.0,0
2021-10-30 20:01:30.001,6,0.0,0.0,0
2021-10-30 21:31:30.000,5,0.0,0.0,0
2021-10-30 22:16:30.000,5,0.0,0.0,0
2021-10-30 23:01:30.000,3,0.0,0.0,0
2021-10-31 00:01:30.000,0,0.0,0.0,0
2021-10-31 02:01:30.000,0,0.0,0.0,0
2021-10-31 03:01:30.001,0,0.0,0.0,0
2021-10-31 04:01:30.001,0,0.0,0.0,0
2021-10-31 05:01:30.000,0,0.0,0.0,0
2021-10-31 06:01:30.000,0,0.0,0.0,0
2021-10-31 07:16:30.001,1,0.0,0.0,0
2021-10-31 08:46:30.000,4,0.0,0.0,0
2021-10-31 09:31:30.000,8,0.0,0.0,0
2021-10-31 10:46:30.000,11,0.0,0.0,0
2021-10-31 11:01:30.000,11,0.0,0.0,0
2021-10-31 12:46:30.000,8,0.0,0.0,0
2021-10-31 13:46:30.000,9,0.0,0.0,0
2021-10-31 14:46:30.000,13,0.0,0.0,0
2021-10-31 15:46:30.000,14,1.8,0.1,1
2021-10-31 16:46:30.000,22,0.0,0.0,0
2021-10-31 17:31:30.000,28,0.0,0.0,0
2021-10-31 18:01:30.000,20,2.8,0.3,1
2021-10-31 19:01:30.001,10,9.9,0.3,2
2021-10-31 20:01:30.000,7,0.0,0.0,0
2021-10-31 21:31:30.000,5,0.0,0.0,0
2021-10-31 22:01:30.000,4,0.0,0.0,0
2021-10-31 23:01:30.000,3,0.0,0.0,0
2021-11-01 00:16:30.000,2,0.0,0.0,0
2021-11-01 01:01:30.000,0,0.0,0.0,0
2021-11-01 02:01:30.001,0,0.0,0.0,0
2021-11-01 03:01:30.000,0,0.0,0.0,0
2021-11-01 04:01:30.000,0,0.0,0.0,0
2021-11-01 05:01:30.001,0,0.0,0.0,0
2021-11-01 06:01:30.000,0,0.0,0.0,0
2021-11-01 07:31:30.000,1,0.0,0.0,0
2021-11-01 08:31:30.000,3,0.0,0.0,0
2021-11-01 09:46:30.000,7,0.0,0.0,0
2021-11-01 10:16:30.000,8,0.0,0.0,0
2021-11-01 11:16:30.000,10,1.5,0.1,1
2021-11-01 12:46:30.000,10,4.0,0.6,1
2021-11-01 13:01:30.000,10,0.0,0.0,0
2021-11-01 14:16:30.001,12,1.8,0.0,1
2021-11-01 15:46:30.001,14,0.0,0.0,0
2021-11-01 16:16:30.000,15,0.0,0.0,0
2021-11-01 17:01:30.000,12,1.7,0.1,1
2021-11-01 18:01:30.000,10,0.0,0.0,0
2021-11-01 19:01:30.000,8,0.0,0.0,0
2021-11-01 20:01:30.000,5,0.0,0.0,0
2021-11-01 21:01:30.001,2,0.0,0.0,0
2021-11-01 22:31:30.000,2,0.0,0.0,0
2021-11-01 23:46:30.000,6,0.8,0.3,1
2021-11-02 00:46:30.000,3,0.0,0.0,0
2021-11-02 01:16:30.000,6,0.0,0.0,0
2021-11-02 02:01:30.001,4,0.0,0.0,0
2021-11-02 03:01:30.001,3,0.0,0.0,0
2021-11-02 04:01:30.000,0,0.0,0.0,0
2021-11-02 05:46:30.000,1,0.0,0.0,0
2021-11-02 06:31:30.000,5,0.0,0.0,0
2021-11-02 07:46:30.000,9,0.0,0.0,0
2021-11-02 08:46:30.000,13,0.0,0.0,0
2021-11-02 09:31:30.000,18,0.0,0.0,0
2021-11-02 10:31:30.000,22,8.9,0.8,2
2021-11-02 11:01:30.001,23,7.3,0.8,2
2021-11-02 12:01:30.000,21,0.0,0.0,0
2021-11-02 13:46:30.000,24,6.5,1.2,2
2021-11-02 14:01:30.001,24,5.2,0.9,2
2021-11-02 15:31:30.000,26,12.6,2.2,4
2021-11-02 16:31:30.000,29,13.5,1.5,2
2021-11-02 17:01:30.000,27,9.5,1.5,3
2021-11-02 18:01:30.000,16,0.0,0.0,0
2021-11-02 19:01:30.000,8,3.7,0.2,1
2021-11-02 20:01:30.000,5,0.0,0.0,0
2021-11-02 21:01:30.001,3,0.0,0.0,0
2021-11-02 22:01:30.000,1,0.0,0.0,0
2021-11-02 23:01:30.000,0,0.0,0.0,0
2021-11-03 00:01:30.001,0,0.0,0.0,0
2021-11-03 01:01:30.000,0,0.0,0.0,0
2021-11-03 02:46:30.000,4,0.0,0.0,0
2021-11-03 03:01:30.001,4,0.4,1.2,1
2021-11-03 04:01:30.001,2,0.0,0.0,0
2021-11-03 05:46:30.000,2,0.0,0.0,0
2021-11-03 06:46:30.001,8,0.0,0.0,0
2021-11-03 07:31:30.000,11,0.0,0.0,0
2021-11-03 08:16:30.000,13,0.0,0.0,0
2021-11-03 09:46:30.000,19,0.0,0.0,0
2021-11-03 10:31:30.000,21,5.1,0.5,2
2021-11-03 11:01:30.000,22,3.3,0.4,1
2021-11-03 12:46:30.000,24,3.3,0.3,1
2021-11-03 13:01:30.000,24,4.2,0.5,2
2021-11-03 14:46:30.000,27,5.7,0.5,2
2021-11-03 15:46:30.000,33,25.7,3.2,7
2021-11-03 16:01:30.000,36,23.2,4.1,7
2021-11-03 17:01:30.000,28,5.1,0.8,1
2021-11-03 18:01:30.000,15,0.0,0.0,0
2021-11-03 19:01:30.000,8,0.0,0.0,0
2021-11-03 20:01:30.001,5,0.0,0.0,0
2021-11-03 21:16:30.001,4,0.0,0.0,0
2021-11-03 22:01:30.000,3,0.0,0.0,0
2021-11-03 23:01:30.000,1,0.0,0.0,0
2021-11-04 00:01:30.000,0,0.0,0.0,0
2021-11-04 01:01:30.000,1,0.0,0.0,0
2021-11-04 02:01:30.001,1,0.0,0.0,0
2021-11-04 03:46:30.000,3,0.0,0.0,0
2021-11-04 04:01:30.001,3,0.0,0.0,0
2021-11-04 05:01:30.000,1,0.0,0.0,0
2021-11-04 06:46:30.000,9,0.0,0.0,0
2021-11-04 07:46:30.000,14,0.0,0.0,0
2021-11-04 08:01:30.000,14,2.6,0.3,1
2021-11-04 09:46:30.000,22,2.7,0.4,1
2021-11-04 10:01:30.000,23,0.0,0.0,0
2021-11-04 11:16:30.000,23,5.6,0.7,2
2021-11-04 12:01:30.000,24,15.1,2.0,4
2021-11-04 13:01:30.000,24,7.1,0.5,1
2021-11-04 14:31:30.000,26,9.9,1.5,3
2021-11-04 15:46:30.000,32,15.4,2.1,4
2021-11-04 16:31:30.000,39,40.7,4.3,10
2021-11-04 17:01:31.185,35,21.7,2.3,4
2021-11-04 18:01:30.000,19,0.0,0.0,0
2021-11-04 19:01:30.000,10,0.0,0.0,0
2021-11-04 20:01:30.000,7,0.0,0.0,0
2021-11-04 21:16:30.000,4,0.0,0.0,0
2021-11-04 22:01:30.000,3,0.0,0.0,0
2021-11-04 23:01:30.001,0,0.0,0.0,0
2021-11-05 00:01:30.000,0,0.0,0.0,0
2021-11-05 01:01:30.000,0,0.0,0.0,0
2021-11-05 02:01:30.000,0,0.0,0.0,0
2021-11-05 03:31:30.000,2,0.5,1.4,1
2021-11-05 04:01:30.000,1,0.0,0.0,0
2021-11-05 05:46:30.000,2,0.0,0.0,0
2021-11-05 06:46:30.000,9,0.0,0.0,0
2021-11-05 07:46:30.001,12,0.0,0.0,0
2021-11-05 08:46:30.000,15,0.0,0.0,0
2021-11-05 09:46:30.000,24,15.3,2.2,5
2021-11-05 10:01:30.001,24,9.3,1.7,3
2021-11-05 11:16:30.000,24,0.0,0.0,0
2021-11-05 12:46:30.000,21,10.3,1.7,3
2021-11-05 13:16:30.000,26,24.0,3.7,6
2021-11-05 14:46:30.000,31,33.9,3.5,8
2021-11-05 15:01:30.000,32,23.7,3.6,6
2021-11-05 16:46:30.000,36,24.6,3.1,6
2021-11-05 17:01:30.000,35,14.9,2.3,5
2021-11-05 18:01:30.000,21,0.0,0.0,0
2021-11-05 19:01:30.000,10,2.9,0.4,1
2021-11-05 20:01:30.000,6,0.0,0.0,0
2021-11-05 21:31:30.000,6,0.0,0.0,0
2021-11-05 22:01:30.001,4,0.0,0.0,0
2021-11-05 23:01:30.000,2,0.0,0.0,0
2021-11-06 00:01:30.000,0,0.0,0.0,0
2021-11-06 01:01:30.000,0,0.0,0.0,0
2021-11-06 02:01:30.000,0,0.0,0.0,0
2021-11-06 03:01:30.000,0,0.0,0.0,0
2021-11-06 04:46:30.000,1,0.0,0.0,0
2021-11-06 05:01:30.000,0,0.0,0.0,0
2021-11-06 06:01:30.000,0,0.0,0.0,0
2021-11-06 07:46:30.000,4,0.0,0.0,0
2021-11-06 08:16:30.001,6,0.0,0.0,0
2021-11-06 08:46:30.000,9,0.0,0.0,0
2021-11-06 09:46:30.000,15,0.0,0.0,0
2021-11-06 10:46:30.000,19,2.8,0.3,1
2021-11-06 11:01:30.000,21,6.4,0.7,2
2021-11-06 12:01:30.000,16,2.6,0.4,1
2021-11-06 13:16:30.001,22,18.3,1.8,3
2021-11-06 14:46:30.001,21,14.8,2.6,4
2021-11-06 15:01:30.000,22,17.6,1.9,4
2021-11-06 16:16:30.000,23,20.6,2.2,6
2021-11-06 17:01:30.000,20,9.6,0.8,2
2021-11-06 18:01:30.000,15,0.0,0.0,0
2021-11-06 19:01:30.001,9,0.0,0.0,0
2021-11-06 20:01:30.000,5,0.0,0.0,0
2021-11-06 21:01:30.000,4,0.0,0.0,0
2021-11-06 22:01:30.000,4,0.0,0.0,0
2021-11-06 23:01:30.001,2,0.0,0.0,0
2021-11-07 00:01:30.000,0,0.0,0.0,0
2021-11-07 01:01:30.001,1,0.0,0.0,0
2021-11-07 02:01:30.000,0,0.0,0.0,0
2021-11-07 03:16:30.000,1,0.8,1.7,1
2021-11-07 04:01:30.000,0,0.0,0.0,0
2021-11-07 05:01:30.000,0,0.0,0.0,0
2021-11-07 06:01:30.000,0,0.0,0.0,0
2021-11-07 07:46:30.000,2,0.0,0.0,0
2021-11-07 08:46:30.000,4,0.0,0.0,0
2021-11-07 09:01:30.000,5,0.0,0.0,0
2021-11-07 10:46:30.000,8,0.0,0.0,0
2021-11-07 11:01:30.001,8,0.0,0.0,0
2021-11-07 12:01:30.001,8,0.0,0.0,0
2021-11-07 13:46:30.000,8,0.0,0.0,0
2021-11-07 14:01:30.000,8,0.0,0.0,0
2021-11-07 15:46:30.000,10,0.0,0.0,0
2021-11-07 16:46:30.001,19,3.2,0.2,1
2021-11-07 17:01:30.000,19,0.9,1.1,1
2021-11-07 18:01:30.000,9,0.0,0.0,0
2021-11-07 19:16:30.000,9,0.0,0.0,0
2021-11-07 20:01:30.000,6,0.0,0.0,0
2021-11-07 21:01:30.000,2,0.0,0.0,0
2021-11-07 22:01:30.000,0,0.0,0.0,0
2021-11-07 23:01:30.000,0,0.0,0.0,0
2021-11-08 00:01:30.000,0,0.0,0.0,0
2021-11-08 01:16:30.000,5,0.0,0.0,0
2021-11-08 02:16:30.000,7,0.0,0.0,0
2021-11-08 03:01:30.000,4,0.0,0.0,0
2021-11-08 04:01:30.000,2,0.0,0.0,0
2021-11-08 05:46:30.000,2,0.0,0.0,0
2021-11-08 06:46:30.000,20,24.8,4.3,4
2021-11-08 07:31:30.000,58,103.5,13.5,26
2021-11-08 08:01:30.000,41,6.4,1.2,2
2021-11-08 09:46:30.001,19,3.2,0.4,1
2021-11-08 10:01:30.001,20,4.2,0.8,1
2021-11-08 11:46:30.000,22,6.5,1.1,2
2021-11-08 12:31:30.000,21,12.4,1.0,2
2021-11-08 13:01:30.001,20,0.0,0.0,0
2021-11-08 14:46:30.000,33,41.8,5.8,11
2021-11-08 15:46:30.000,48,93.9,12.2,20
2021-11-08 16:31:30.001,52,53.5,7.3,14
2021-11-08 17:01:30.000,41,22.0,3.1,6
2021-11-08 18:01:30.000,15,0.0,0.0,0
2021-11-08 19:01:30.000,8,0.0,0.0,0
2021-11-08 20:01:30.000,5,0.0,0.0,0
2021-11-08 21:31:30.000,3,0.0,0.0,0
2021-11-08 22:01:30.000,0,0.0,0.0,0
2021-11-08 23:01:30.000,0,0.0,0.0,0
2021-11-09 00:01:30.000,0,0.0,0.0,0
2021-11-09 01:01:30.000,0,0.0,0.0,0
2021-11-09 02:01:30.000,2,0.0,0.0,0
2021-11-09 03:46:30.000,1,0.0,0.0,0
2021-11-09 04:01:30.000,0,0.0,0.0,0
2021-11-09 05:46:30.001,2,0.0,0.0,0
2021-11-09 06:46:30.000,19,13.1,3.7,5
2021-11-09 07:31:30.000,53,93.6,9.4,21
2021-11-09 08:01:30.000,36,9.8,1.7,4
2021-11-09 09:46:30.000,25,15.7,1.8,4
2021-11-09 10:01:30.000,23,7.5,1.5,3
2021-11-09 11:31:30.000,25,12.1,1.3,2
2021-11-09 12:01:30.000,25,9.4,1.9,3
2021-11-09 13:46:30.000,26,22.7,2.4,5
2021-11-09 14:46:30.000,38,65.0,9.5,17
2021-11-09 15:46:30.001,56,139.3,15.2,34
2021-11-09 16:01:30.000,58,110.2,14.5,24
2021-11-09 17:01:30.000,42,30.5,3.2,8
2021-11-09 18:01:30.000,19,2.5,0.4,1
2021-11-09 19:01:30.001,9,0.0,0.0,0
2021-11-09 20:16:30.000,7,0.0,0.0,0
2021-11-09 21:01:30.000,4,0.0,0.0,0
2021-11-09 22:01:30.000,2,0.0,0.0,0
2021-11-09 23:01:30.000,0,0.0,0.0,0
2021-11-10 00:01:30.000,0,0.0,0.0,0
2021-11-10 01:31:30.000,1,0.0,0.0,0
2021-11-10 02:46:30.001,4,0.0,0.0,0
2021-11-10 03:31:30.000,4,0.0,0.0,0
2021-11-10 04:01:30.000,2,0.0,0.0,0
2021-11-10 05:46:30.001,2,0.0,0.0,0
2021-11-10 06:46:30.000,17,7.7,3.2,3
2021-11-10 07:31:30.001,44,52.7,7.3,15
2021-11-10 08:01:30.001,28,6.3,0.6,2
2021-11-10 09:31:30.000,22,2.6,0.8,1
2021-11-10 10:46:30.000,27,13.1,2.3,4
2021-11-10 11:46:30.000,47,61.5,8.7,15
2021-11-10 12:01:30.000,44,55.3,6.8,14
2021-11-10 13:01:30.000,26,14.2,2.0,2
2021-11-10 14:31:30.000,33,28.9,3.2,6
2021-11-10 15:31:30.001,47,71.8,9.1,18
2021-11-10 16:46:30.000,49,41.1,7.0,12
2021-11-10 17:01:30.000,44,33.1,4.8,9
2021-11-10 18:01:30.000,25,2.3,0.4,1
2021-11-10 19:01:30.000,12,0.0,0.0,0
2021-11-10 20:01:30.000,8,0.0,0.0,0
2021-11-10 21:01:30.000,4,0.0,0.0,0
2021-11-10 22:01:30.000,4,0.0,0.0,0
2021-11-10 23:01:30.000,1,0.0,0.0,0
2021-11-11 00:01:30.000,0,0.0,0.0,0
2021-11-11 01:01:30.000,0,0.0,0.0,0
2021-11-11 02:01:30.000,0,0.0,0.0,0
2021-11-11 03:46:30.000,4,0.6,1.4,1
2021-11-11 04:01:30.000,1,0.0,0.0,0
2021-11-11 05:01:30.001,0,0.0,0.0,0
2021-11-11 06:01:30.000,0,0.0,0.0,0
2021-11-11 07:01:30.001,0,0.0,0.0,0
2021-11-11 08:31:30.000,2,0.0,0.0,0
2021-11-11 09:46:30.000,6,2.9,0.7,1
2021-11-11 10:46:30.000,9,1.7,0.1,1
2021-11-11 11:01:30.001,9,0.0,0.0,0
2021-11-11 12:31:30.000,9,0.0,0.0,0
2021-11-11 13:46:30.000,13,0.0,0.0,0
2021-11-11 14:16:30.000,14,0.0,0.0,0
2021-11-11 15:16:30.000,13,0.0,0.0,0
2021-11-11 16:16:30.000,15,3.2,0.3,1
2021-11-11 17:01:30.000,14,2.0,0.2,1
2021-11-11 18:01:30.000,11,0.0,0.0,0
2021-11-11 19:01:30.000,7,0.0,0.0,0
2021-11-11 20:01:30.000,6,0.0,0.0,0
2021-11-11 21:01:30.000,5,0.0,0.0,0
2021-11-11 22:01:30.000,4,0.0,0.0,0
2021-11-11 23:01:30.000,1,0.0,0.0,0
2021-11-12 00:01:30.000,2,0.0,0.0,0
2021-11-12 01:16:30.000,2,0.0,0.0,0
2021-11-12 02:46:30.000,9,0.6,1.5,1
2021-11-12 03:01:30.001,9,0.0,0.0,0
2021-11-12 04:16:30.000,1,0.0,0.0,0
2021-11-12 05:46:30.001,3,0.0,0.0,0
2021-11-12 06:46:30.000,11,2.1,0.3,1
2021-11-12 07:16:30.000,36,86.4,8.2,17
2021-11-12 08:01:30.000,20,2.8,0.5,1
2021-11-12 09:46:30.000,28,25.0,2.3,3
2021-11-12 10:31:30.000,32,34.1,2.7,4
2021-11-12 11:16:30.001,31,22.5,2.1,4
2021-11-12 12:01:30.000,29,21.2,2.1,4
2021-11-12 13:46:30.001,34,45.8,4.9,7
2021-11-12 14:46:30.000,48,143.7,11.1,26
2021-11-12 15:46:30.000,81,275.5,23.9,41
2021-11-12 16:01:30.000,80,203.3,17.3,35
2021-11-12 17:01:30.000,53,59.9,5.6,11
2021-11-12 18:01:30.000,32,11.6,1.4,3
2021-11-12 19:01:30.000,17,2.6,0.4,1
2021-11-12 20:01:30.000,11,6.1,0.4,1
2021-11-12 21:01:30.000,6,0.0,0.0,0
2021-11-12 22:01:30.001,6,0.0,0.0,0
2021-11-12 23:46:30.000,3,0.0,0.0,0
2021-11-13 00:01:30.001,1,0.0,0.0,0
2021-11-13 01:01:30.000,0,0.0,0.0,0
2021-11-13 02:46:30.001,3,0.0,0.0,0
2021-11-13 03:01:30.001,1,0.0,0.0,0
2021-11-13 04:16:30.001,1,0.0,0.0,0
2021-11-13 05:01:30.000,1,0.0,0.0,0
2021-11-13 06:01:30.000,1,0.0,0.0,0
2021-11-13 07:46:30.001,8,0.0,0.0,0
2021-11-13 08:46:30.000,9,0.0,0.0,0
2021-11-13 09:46:30.001,19,2.4,0.6,1
2021-11-13 10:31:30.001,22,0.0,0.0,0
2021-11-13 11:31:30.000,21,3.3,0.2,1
2021-11-13 12:01:30.000,18,0.0,0.0,0
2021-11-13 13:01:30.000,21,0.0,0.0,0
2021-11-13 14:31:30.000,26,13.7,2.0,3
2021-11-13 15:01:30.000,26,7.5,0.7,2
2021-11-13 16:31:30.000,27,13.3,2.0,5
2021-11-13 17:31:30.001,27,14.7,1.9,5
2021-11-13 18:01:30.001,22,0.0,0.0,0
2021-11-13 19:46:30.000,11,0.0,0.0,0
2021-11-13 20:01:30.000,8,2.1,0.2,1
2021-11-13 21:01:30.000,6,0.0,0.0,0
2021-11-13 22:01:30.000,4,0.0,0.0,0
2021-11-13 23:01:30.000,3,0.0,0.0,0
2021-11-14 00:01:30.000,1,0.0,0.0,0
2021-11-14 01:01:30.001,0,0.0,0.0,0
2021-11-14 02:01:30.000,0,0.0,0.0,0
2021-11-14 03:01:30.000,0,0.0,0.0,0
2021-11-14 04:01:30.000,0,0.0,0.0,0
2021-11-14 05:01:30.000,0,0.0,0.0,0
2021-11-14 06:01:30.001,0,0.0,0.0,0
2021-11-14 07:46:30.001,1,0.0,0.0,0
2021-11-14 08:46:30.000,4,1.8,0.0,1
2021-11-14 09:46:30.000,6,0.0,0.0,0
2021-11-14 10:31:30.000,8,0.0,0.0,0
2021-11-14 11:31:30.001,10,1.3,0.1,1
2021-11-14 12:01:30.000,8,0.0,0.0,0
2021-11-14 13:46:30.000,9,0.0,0.0,0
2021-11-14 14:01:30.001,9,0.0,0.0,0
2021-11-14 15:16:30.000,11,0.0,0.0,0
2021-11-14 16:46:30.000,54,14.0,8.1,1
2021-11-14 17:01:30.001,59,17.2,9.6,2
2021-11-14 18:01:30.000,17,0.0,0.0,0
2021-11-14 19:01:30.001,7,0.0,0.0,0
2021-11-14 20:31:30.000,12,1.5,0.7,1
2021-11-14 21:01:30.000,3,0.0,0.0,0
2021-11-14 22:01:30.000,0,0.0,0.0,0
2021-11-14 23:01:30.000,0,0.0,0.0,0
2021-11-15 00:01:30.000,0,0.0,0.0,0
2021-11-15 01:16:30.000,4,0.0,0.0,0
2021-11-15 02:01:30.001,3,0.0,0.0,0
2021-11-15 03:16:30.000,5,0.5,1.1,1
2021-11-15 04:16:30.000,1,0.0,0.0,0
2021-11-15 05:46:30.000,3,0.0,0.0,0
2021-11-15 06:46:30.000,18,11.7,5.6,4
2021-11-15 07:31:00.000,52,75.6,10.7,19
2021-11-15 08:01:30.000,30,7.6,2.2,2
2021-11-15 09:46:30.000,21,2.6,0.3,1
2021-11-15 10:46:30.000,23,0.0,0.0,0
2021-11-15 11:46:30.000,24,9.0,1.1,2
2021-11-15 12:01:30.000,23,3.5,0.3,1
2021-11-15 13:46:30.001,23,2.7,0.3,1
2021-11-15 14:46:30.251,33,34.7,3.3,8
2021-11-15 15:46:30.001,50,75.1,10.1,19
2021-11-15 16:01:30.000,53,51.7,7.1,13
2021-11-15 17:01:30.001,32,1.1,3.3,1
2021-11-15 18:01:30.000,18,2.2,0.3,1
2021-11-15 19:01:30.000,11,0.0,0.0,0
2021-11-15 20:01:30.000,8,0.0,0.0,0
2021-11-15 21:16:30.000,6,2.3,0.2,1
2021-11-15 22:31:30.000,2,0.0,0.0,0
2021-11-15 23:01:30.000,2,0.0,0.0,0
2021-11-16 00:16:30.001,1,0.0,0.0,0
2021-11-16 01:31:30.000,2,0.0,0.0,0
2021-11-16 02:16:30.001,6,2.6,0.8,1
2021-11-16 03:01:30.000,7,0.0,0.0,0
2021-11-16 04:16:30.001,5,0.0,0.0,0
2021-11-16 05:46:30.000,7,0.0,0.0,0
2021-11-16 06:46:30.000,23,31.1,9.7,8
2021-11-16 07:31:30.000,57,93.7,15.6,24
2021-11-16 08:01:30.000,41,16.7,7.8,6
2021-11-16 09:46:30.000,26,16.7,2.2,4
2021-11-16 10:01:30.000,26,7.2,0.5,2
2021-11-16 11:01:30.000,27,12.2,3.0,5
2021-11-16 12:01:30.000,25,3.8,0.2,1
2021-11-16 13:46:30.000,26,0.0,0.0,0
2021-11-16 14:46:30.000,37,49.8,7.0,13
2021-11-16 15:46:30.000,56,124.6,16.1,27
2021-11-16 16:01:30.001,59,105.4,17.1,26
2021-11-16 17:01:30.000,45,16.7,4.6,6
2021-11-16 18:01:30.000,19,0.0,0.0,0
2021-11-16 19:01:30.000,11,0.0,0.0,0
2021-11-16 20:01:30.000,7,0.0,0.0,0
2021-11-16 21:16:30.001,5,0.0,0.0,0
2021-11-16 22:01:30.000,2,0.0,0.0,0
2021-11-16 23:01:30.000,2,0.0,0.0,0
2021-11-17 00:01:30.000,0,0.0,0.0,0
2021-11-17 01:46:30.000,7,0.0,0.0,0
2021-11-17 02:16:30.000,10,0.0,0.0,0
2021-11-17 03:31:30.000,8,0.0,0.0,0
2021-11-17 04:01:30.000,7,0.0,0.0,0
2021-11-17 05:46:30.000,6,0.0,0.0,0
2021-11-17 06:46:30.000,20,17.7,4.4,6
2021-11-17 07:31:30.000,48,60.8,9.6,21
2021-11-17 08:01:30.000,29,9.5,0.9,3
2021-11-17 09:31:30.000,23,0.0,0.0,0
2021-11-17 10:46:30.001,27,7.7,1.3,3
2021-11-17 11:31:30.000,43,40.0,5.4,10
2021-11-17 12:01:30.001,34,3.1,1.7,2
2021-11-17 13:31:30.000,28,7.2,1.3,3
2021-11-17 14:16:30.000,29,12.2,1.2,4
2021-11-17 15:46:30.000,41,51.6,7.5,17
2021-11-17 16:31:30.000,42,28.0,3.4,7
2021-11-17 17:01:30.001,36,9.7,1.5,4
2021-11-17 18:01:30.000,18,0.0,0.0,0
2021-11-17 19:01:30.000,12,0.0,0.0,0
2021-11-17 20:01:30.000,9,0.0,0.0,0
2021-11-17 21:16:30.000,6,0.0,0.0,0
2021-11-17 22:16:30.001,7,0.0,0.0,0
2021-11-17 23:01:30.000,0,0.0,0.0,0
2021-11-18 00:46:30.000,2,0.0,0.0,0
2021-11-18 01:31:30.001,3,0.0,0.0,0
2021-11-18 02:31:30.000,6,0.0,0.0,0
2021-11-18 03:46:30.001,10,0.0,0.0,0
2021-11-18 04:01:30.001,10,0.0,0.0,0
2021-11-18 05:46:30.001,7,0.0,0.0,0
2021-11-18 06:46:30.000,22,17.6,5.8,7
2021-11-18 07:31:30.000,54,74.0,12.4,23
2021-11-18 08:01:30.000,38,6.8,3.4,3
2021-11-18 09:01:30.001,19,0.0,0.0,0
2021-11-18 09:16:30.000,20,2.6,0.5,1
2021-11-18 09:46:30.001,25,7.3,1.6,2
2021-11-18 10:01:30.000,25,7.1,1.4,2
2021-11-18 11:31:30.001,26,18.0,1.5,4
2021-11-18 12:46:30.001,28,13.9,1.8,3
2021-11-18 13:46:30.001,28,20.7,1.9,3
2021-11-18 14:46:30.000,41,71.0,7.3,15
2021-11-18 15:46:30.000,55,102.4,12.4,25
2021-11-18 16:01:30.000,58,89.6,9.7,19
2021-11-18 17:01:30.000,43,12.6,2.9,5
2021-11-18 18:01:30.001,20,0.0,0.0,0
2021-11-18 19:01:30.000,11,0.0,0.0,0
2021-11-18 20:01:30.000,7,0.0,0.0,0
2021-11-18 21:01:30.000,5,0.0,0.0,0
2021-11-18 22:01:30.000,3,0.0,0.0,0
2021-11-18 23:01:30.000,0,0.0,0.0,0
2021-11-19 00:01:30.000,0,0.0,0.0,0
2021-11-19 01:01:30.000,1,0.0,0.0,0
2021-11-19 02:31:30.001,2,0.0,0.0,0
2021-11-19 03:46:30.000,6,0.0,0.0,0
2021-11-19 04:01:30.000,7,0.0,0.0,0
2021-11-19 05:46:30.001,6,0.0,0.0,0
2021-11-19 06:46:30.000,21,11.0,5.3,5
2021-11-19 07:31:30.000,58,84.8,13.8,24
2021-11-19 08:01:30.000,39,6.9,1.4,3
2021-11-19 09:16:30.000,24,2.2,0.4,1
2021-11-19 10:01:30.000,25,6.8,0.9,2
2021-11-19 11:31:30.000,27,4.7,1.2,2
2021-11-19 12:01:30.001,23,0.0,0.0,0
2021-11-19 13:46:30.000,28,11.1,1.4,3
2021-11-19 14:46:30.001,38,46.8,6.0,13
2021-11-19 15:46:30.000,56,107.3,13.0,22
2021-11-19 16:01:30.001,57,106.8,11.4,24
2021-11-19 17:01:30.000,42,29.3,3.0,6
2021-11-19 18:01:30.000,27,9.6,1.4,3
2021-11-19 19:01:30.001,15,2.4,0.0,1
2021-11-19 20:01:30.000,11,0.0,0.0,0
2021-11-19 21:01:30.000,6,0.0,0.0,0
2021-11-19 22:16:30.000,5,0.0,0.0,0
2021-11-19 23:01:30.000,3,0.0,0.0,0
2021-11-20 00:01:30.000,1,0.0,0.0,0
2021-11-20 01:01:30.000,0,0.0,0.0,0
2021-11-20 02:01:30.000,0,0.0,0.0,0
2021-11-20 03:46:30.001,5,0.0,0.0,0
2021-11-20 04:01:30.000,3,0.0,0.0,0
2021-11-20 05:16:30.000,3,0.0,0.0,0
2021-11-20 06:46:30.000,4,0.0,0.0,0
2021-11-20 07:46:30.001,8,0.0,0.0,0
2021-11-20 08:46:30.304,11,0.0,0.0,0
2021-11-20 09:46:30.000,18,0.0,0.0,0
2021-11-20 10:46:30.000,25,9.1,1.6,3
2021-11-20 11:16:30.000,27,10.2,0.9,3
2021-11-20 12:01:30.001,21,0.0,0.0,0
2021-11-20 13:16:30.000,24,11.5,2.3,3
2021-11-20 14:31:30.000,28,13.0,2.6,4
2021-11-20 15:01:30.000,27,17.9,2.5,5
2021-11-20 16:46:30.000,28,13.2,1.7,3
2021-11-20 17:01:30.000,29,13.0,1.8,4
2021-11-20 18:01:30.000,19,2.8,0.4,1
2021-11-20 19:01:30.001,14,0.0,0.0,0
2021-11-20 20:01:30.000,8,0.0,0.0,0
2021-11-20 21:31:30.000,6,0.0,0.0,0
2021-11-20 22:01:30.000,5,0.0,0.0,0
2021-11-20 23:01:30.001,4,0.0,0.0,0
2021-11-21 00:01:30.000,3,0.0,0.0,0
2021-11-21 01:01:30.000,0,0.0,0.0,0
2021-11-21 02:16:30.001,1,0.0,0.0,0
2021-11-21 03:01:30.001,0,0.0,0.0,0
2021-11-21 04:46:30.000,1,0.0,0.0,0
2021-11-21 05:31:30.000,1,0.0,0.0,0
2021-11-21 06:16:30.000,1,0.0,0.0,0
2021-11-21 07:31:30.001,2,0.0,0.0,0
2021-11-21 08:31:30.000,6,0.0,0.0,0
2021-11-21 09:31:30.000,9,0.0,0.0,0
2021-11-21 10:46:30.000,11,0.0,0.0,0
2021-11-21 11:31:30.000,13,2.7,0.2,1
2021-11-21 12:01:30.000,10,0.0,0.0,0
2021-11-21 13:46:30.000,12,0.0,0.0,0
2021-11-21 14:16:30.000,13,0.0,0.0,0
2021-11-21 15:31:30.001,14,1.5,0.1,1
2021-11-21 16:46:30.001,18,8.1,6.2,1
2021-11-21 17:01:30.000,18,5.5,4.5,1
2021-11-21 18:01:30.000,15,9.2,2.5,3
2021-11-21 19:01:30.000,11,1.8,0.0,1
2021-11-21 20:01:30.000,9,0.0,0.0,0
2021-11-21 21:01:30.000,5,0.0,0.0,0
2021-11-21 22:31:30.001,4,0.0,0.0,0
2021-11-21 23:46:30.000,3,0.0,0.0,0
2021-11-22 00:01:30.000,2,0.0,0.0,0
2021-11-22 01:16:30.000,4,0.0,0.0,0
2021-11-22 02:31:30.001,7,0.0,0.0,0
2021-11-22 03:01:30.000,7,0.0,0.0,0
2021-11-22 04:01:30.001,5,0.0,0.0,0
2021-11-22 05:46:30.000,5,0.0,0.0,0
2021-11-22 06:46:30.000,22,19.9,6.3,6
2021-11-22 07:31:30.000,53,74.0,8.7,19
2021-11-22 08:01:30.000,32,34.3,5.3,2
2021-11-22 09:31:30.001,19,0.0,0.0,0
2021-11-22 10:46:30.001,20,3.3,0.4,1
2021-11-22 11:46:30.000,22,0.0,0.0,0
2021-11-22 12:01:30.000,22,0.0,0.0,0
2021-11-22 13:46:30.000,21,5.6,0.6,1
2021-11-22 14:46:30.001,34,35.5,5.4,9
2021-11-22 15:46:30.000,48,75.7,10.1,19
2021-11-22 16:01:30.000,51,49.4,5.2,11
2021-11-22 17:16:30.000,57,31.2,5.4,2
2021-11-22 18:01:30.000,46,8.9,4.4,3
2021-11-22 19:01:30.001,10,0.0,0.0,0
2021-11-22 20:01:30.000,7,0.0,0.0,0
2021-11-22 21:01:30.001,6,0.0,0.0,0
2021-11-22 22:01:30.000,3,0.0,0.0,0
2021-11-22 23:01:30.000,2,0.0,0.0,0
2021-11-23 00:16:30.000,5,0.0,0.0,0
2021-11-23 01:46:30.000,6,0.0,0.0,0
2021-11-23 02:01:30.000,8,0.0,0.0,0
2021-11-23 03:46:30.001,7,0.0,0.0,0
2021-11-23 04:01:30.000,8,0.0,0.0,0
2021-11-23 05:46:30.001,7,0.0,0.0,0
2021-11-23 06:46:30.000,23,9.9,4.8,5
2021-11-23 07:46:30.000,61,186.5,14.0,25
2021-11-23 08:01:30.000,60,122.8,9.0,17
2021-11-23 09:01:30.001,23,3.3,0.2,1
2021-11-23 10:01:30.000,22,0.0,0.0,0
2021-11-23 11:46:30.000,23,8.1,0.6,2
2021-11-23 12:01:30.000,24,2.5,0.3,1
2021-11-23 13:46:30.000,25,2.1,0.4,1
2021-11-23 14:46:30.000,36,42.5,5.7,11
2021-11-23 15:46:30.000,47,51.0,7.0,16
2021-11-23 16:31:30.000,50,33.1,5.8,11
2021-11-23 17:01:30.000,36,12.2,1.6,3
2021-11-23 18:01:30.000,19,0.0,0.0,0
2021-11-23 19:31:30.000,14,0.0,0.0,0
2021-11-23 20:16:30.000,9,0.0,0.0,0
2021-11-23 21:16:30.000,5,0.0,0.0,0
2021-11-23 22:01:30.001,3,0.0,0.0,0
2021-11-23 23:01:30.000,0,0.0,0.0,0
2021-11-24 00:31:30.001,1,0.0,0.0,0
2021-11-24 01:46:30.000,5,0.0,0.0,0
2021-11-24 02:46:30.000,12,0.0,0.0,0
2021-11-24 03:01:30.000,12,0.0,0.0,0
2021-11-24 04:01:30.000,10,0.0,0.0,0
2021-11-24 05:46:30.001,6,0.0,0.0,0
2021-11-24 06:46:30.001,19,0.0,0.0,0
2021-11-24 07:16:30.000,42,64.0,9.2,21
2021-11-24 08:01:30.001,24,0.0,0.0,0
2021-11-24 09:16:30.000,19,4.9,0.2,1
2021-11-24 09:31:30.007,20,0.0,0.0,0
2021-11-24 10:46:30.001,24,3.2,0.6,1
2021-11-24 11:31:30.000,41,41.5,6.2,11
2021-11-24 12:01:30.000,33,8.2,0.5,3
2021-11-24 13:01:30.000,25,4.9,1.0,2
2021-11-24 14:01:30.000,27,7.7,1.3,3
2021-11-24 15:46:30.000,37,18.6,2.8,6
2021-11-24 16:31:30.000,42,40.5,8.7,13
2021-11-24 17:01:30.000,37,16.6,2.6,5
2021-11-24 18:01:30.000,20,0.0,0.0,0
2021-11-24 19:01:30.001,11,0.0,0.0,0
2021-11-24 20:16:30.000,8,0.0,0.0,0
2021-11-24 21:01:30.000,5,2.6,0.2,1
2021-11-24 22:01:30.000,2,0.0,0.0,0
2021-11-24 23:01:30.000,2,0.0,0.0,0
2021-11-25 00:01:30.000,0,0.0,0.0,0
2021-11-25 01:31:30.000,4,0.0,0.0,0
2021-11-25 02:16:30.000,4,0.0,0.0,0
2021-11-25 03:31:30.000,6,0.0,0.0,0
2021-11-25 04:16:30.000,10,0.6,1.2,1
2021-11-25 05:46:30.000,7,0.0,0.0,0
2021-11-25 06:46:30.000,20,18.2,3.9,5
2021-11-25 07:16:30.000,48,89.9,11.5,22
2021-11-25 08:01:30.000,31,6.3,1.4,2
2021-11-25 09:46:30.000,23,0.0,0.0,0
2021-11-25 10:16:30.000,24,1.9,0.3,1
2021-11-25 11:46:30.001,25,0.0,0.0,0
2021-11-25 12:01:30.000,26,5.8,1.5,2
2021-11-25 13:46:30.000,26,2.3,0.4,1
2021-11-25 14:46:30.000,38,44.9,6.3,12
2021-11-25 15:46:30.000,47,51.8,6.2,13
2021-11-25 16:01:30.000,47,29.0,4.0,7
2021-11-25 17:01:30.001,36,8.0,1.1,2
2021-11-25 18:01:30.000,27,4.4,0.9,2
2021-11-25 19:01:30.000,14,0.0,0.0,0
2021-11-25 20:16:30.000,10,0.0,0.0,0
2021-11-25 21:01:30.000,8,0.0,0.0,0
2021-11-25 22:16:30.000,5,0.0,0.0,0
2021-11-25 23:01:30.000,1,0.0,0.0,0
2021-11-26 00:01:30.000,1,0.0,0.0,0
2021-11-26 01:46:30.000,2,0.0,0.0,0
2021-11-26 02:01:30.000,7,0.0,0.0,0
2021-11-26 03:31:30.000,8,0.0,0.0,0
2021-11-26 04:01:30.000,6,0.0,0.0,0
2021-11-26 05:46:30.000,6,0.0,0.0,0
2021-11-26 06:46:30.000,20,9.2,1.8,3
2021-11-26 07:16:30.000,42,81.3,9.9,21
2021-11-26 08:01:30.001,29,3.1,0.2,1
2021-11-26 09:01:30.000,22,0.0,0.0,0
2021-11-26 09:46:30.000,25,0.0,0.0,0
2021-11-26 10:46:30.000,26,3.1,0.5,1
2021-11-26 11:46:30.001,28,12.0,2.0,4
2021-11-26 12:01:30.000,27,4.5,0.4,2
2021-11-26 13:46:30.000,36,25.8,4.3,7
2021-11-26 14:46:30.000,58,85.1,11.3,26
2021-11-26 15:46:30.000,83,146.8,16.7,36
2021-11-26 16:01:30.000,82,104.2,13.7,28
2021-11-26 17:01:30.000,58,25.8,2.8,5
2021-11-26 18:01:30.000,49,8.4,4.4,4
2021-11-26 19:01:30.000,23,0.0,0.0,0
2021-11-26 20:01:30.000,13,0.0,0.0,0
2021-11-26 21:01:30.000,9,0.0,0.0,0
2021-11-26 22:01:30.000,7,0.0,0.0,0
2021-11-26 23:16:30.000,7,0.0,0.0,0
2021-11-27 00:01:30.001,4,0.0,0.0,0
2021-11-27 01:31:30.000,1,0.0,0.0,0
2021-11-27 02:46:30.001,2,0.0,0.0,0
2021-11-27 03:16:30.000,2,0.0,0.0,0
2021-11-27 04:46:30.000,4,0.0,0.0,0
2021-11-27 05:31:30.001,5,0.0,0.0,0
2021-11-27 06:46:30.001,6,0.0,0.0,0
2021-11-27 07:46:30.000,8,0.0,0.0,0
2021-11-27 08:46:30.000,13,0.0,0.0,0
2021-11-27 09:46:30.000,18,0.0,0.0,0
2021-11-27 10:46:30.000,24,0.0,0.0,0
2021-11-27 11:01:30.000,24,2.2,0.4,1
2021-11-27 12:01:30.000,20,0.0,0.0,0
2021-11-27 13:46:30.000,29,4.2,0.8,1
2021-11-27 14:01:30.000,31,10.0,1.4,3
2021-11-27 15:46:30.000,29,7.8,1.7,3
2021-11-27 16:31:30.000,31,17.4,2.0,5
2021-11-27 17:31:30.001,32,30.7,1.8,6
2021-11-27 18:01:30.000,28,26.8,1.6,7
2021-11-27 19:01:30.000,15,0.0,0.0,0
2021-11-27 20:01:30.000,10,0.0,0.0,0
2021-11-27 21:01:30.001,9,0.0,0.0,0
2021-11-27 22:01:30.000,6,0.0,0.0,0
2021-11-27 23:16:30.000,5,0.0,0.0,0
2021-11-28 00:01:30.000,4,0.0,0.0,0
2021-11-28 01:01:30.000,3,0.0,0.0,0
2021-11-28 02:46:30.000,2,0.0,0.0,0
2021-11-28 03:16:30.000,4,0.0,0.0,0
2021-11-28 04:31:30.000,5,0.0,0.0,0
2021-11-28 05:01:30.000,3,0.0,0.0,0
2021-11-28 06:31:30.001,2,0.0,0.0,0
2021-11-28 07:46:30.000,5,0.0,0.0,0
2021-11-28 08:46:30.000,8,0.0,0.0,0
2021-11-28 09:46:30.001,10,0.0,0.0,0
2021-11-28 10:46:30.001,12,0.0,0.0,0
2021-11-28 11:16:30.000,13,0.0,0.0,0
2021-11-28 12:01:30.000,11,0.0,0.0,0
2021-11-28 13:46:30.000,14,0.0,0.0,0
2021-11-28 14:01:30.001,14,0.0,0.0,0
2021-11-28 15:31:30.001,18,4.7,2.5,1
2021-11-28 16:31:30.000,21,8.8,5.9,1
2021-11-28 17:01:30.000,21,9.2,6.2,1
2021-11-28 18:01:30.000,15,2.6,3.8,1
2021-11-28 19:01:30.001,13,0.0,0.0,0
2021-11-28 20:01:30.000,10,0.0,0.0,0
2021-11-28 21:16:30.000,7,0.0,0.0,0
2021-11-28 22:16:30.000,6,0.0,0.0,0
2021-11-28 23:01:30.001,3,0.0,0.0,0
2021-11-29 00:46:30.000,2,0.0,0.0,0
2021-11-29 01:46:30.001,11,0.0,0.0,0
2021-11-29 02:01:30.000,11,0.0,0.0,0
2021-11-29 03:01:30.000,12,0.0,0.0,0
2021-11-29 04:01:30.000,8,0.0,0.0,0
2021-11-29 05:46:30.000,7,0.0,0.0,0
2021-11-29 06:46:30.000,23,12.9,5.5,5
2021-11-29 07:31:30.001,53,81.8,9.3,20
2021-11-29 08:01:30.000,32,5.1,0.2,1
2021-11-29 09:46:30.001,21,0.0,0.0,0
2021-11-29 10:16:30.000,21,3.3,0.3,1
2021-11-29 11:46:30.000,23,3.3,0.2,1
2021-11-29 12:01:30.000,23,0.0,0.0,0
2021-11-29 13:46:30.000,25,4.9,0.8,2
2021-11-29 14:46:30.001,35,23.3,3.3,8
2021-11-29 15:46:30.001,50,98.6,14.3,29
2021-11-29 16:01:30.001,51,35.8,5.7,8
2021-11-29 17:01:30.000,36,8.4,1.1,3
2021-11-29 18:01:30.000,20,4.8,0.8,2
2021-11-29 19:01:30.000,10,2.0,0.3,1
2021-11-29 20:01:30.000,7,0.0,0.0,0
2021-11-29 21:01:30.000,5,0.0,0.0,0
2021-11-29 22:01:30.000,4,0.0,0.0,0
2021-11-29 23:16:30.001,4,0.0,0.0,0
2021-11-30 00:01:30.001,1,0.0,0.0,0
2021-11-30 01:46:30.001,5,0.6,1.5,1
2021-11-30 02:46:30.000,9,0.0,0.0,0
2021-11-30 03:46:30.000,12,0.5,1.1,1
2021-11-30 04:01:30.001,10,0.0,0.0,0
2021-11-30 05:46:30.000,9,0.0,0.0,0
2021-11-30 06:46:30.001,23,6.1,1.5,2
2021-11-30 07:31:30.000,66,137.9,15.5,30
2021-11-30 08:01:30.000,50,27.9,3.4,6
2021-11-30 09:31:30.000,26,2.6,0.6,1
2021-11-30 10:46:30.000,27,2.8,0.3,1
2021-11-30 11:16:30.000,28,4.0,0.5,1
2021-11-30 12:01:30.001,28,0.0,0.0,0
2021-11-30 13:46:30.001,28,13.8,1.5,4
2021-11-30 14:46:30.000,40,60.3,9.1,15
2021-11-30 15:46:30.000,59,76.7,10.4,20
2021-11-30 16:01:30.000,61,80.8,10.2,18
2021-11-30 17:01:30.000,41,21.5,3.0,7
2021-11-30 18:01:30.001,20,0.0,0.0,0
2021-11-30 19:01:30.000,11,0.0,0.0,0
2021-11-30 20:01:30.001,9,0.0,0.0,0
2021-11-30 21:01:30.000,6,0.0,0.0,0
2021-11-30 22:01:30.000,4,0.0,0.0,0
2021-11-30 23:46:30.000,6,0.0,0.0,0
2021-12-01 00:46:30.001,5,0.0,0.0,0
2021-12-01 01:01:30.000,4,0.0,0.0,0
2021-12-01 02:01:30.000,8,0.0,0.0,0
2021-12-01 03:31:30.000,10,0.0,0.0,0
2021-12-01 04:01:30.001,10,0.0,0.0,0
2021-12-01 05:46:30.000,7,0.0,0.0,0
2021-12-01 06:46:30.000,21,3.7,1.6,2
2021-12-01 07:31:30.000,55,82.2,12.9,26
2021-12-01 08:01:30.000,32,8.6,1.4,3
2021-12-01 09:46:30.001,24,0.0,0.0,0
2021-12-01 10:31:30.000,34,12.1,2.4,4
2021-12-01 11:31:30.001,54,91.3,13.0,24
2021-12-01 12:01:30.000,45,16.4,2.2,4
2021-12-01 13:46:30.000,26,2.3,0.5,1
2021-12-01 14:46:30.000,32,15.3,2.4,5
2021-12-01 15:46:30.000,43,40.6,5.8,13
2021-12-01 16:01:30.000,42,31.9,4.8,10
2021-12-01 17:01:30.001,34,16.9,1.8,6
2021-12-01 18:01:30.000,20,0.0,0.0,0
2021-12-01 19:01:30.000,12,0.0,0.0,0
2021-12-01 20:01:30.000,10,0.0,0.0,0
2021-12-01 21:16:30.000,7,0.0,0.0,0
2021-12-01 22:01:30.000,5,0.0,0.0,0
2021-12-01 23:46:30.000,3,0.0,0.0,0
2021-12-02 00:46:30.001,4,0.0,0.0,0
2021-12-02 01:46:30.000,6,0.0,0.0,0
2021-12-02 02:16:30.000,11,0.0,0.0,0
2021-12-02 03:16:30.001,10,0.0,0.0,0
2021-12-02 04:01:30.000,7,0.0,0.0,0
2021-12-02 05:46:30.000,8,7.5,0.2,1
2021-12-02 06:46:30.000,23,10.5,4.8,4
2021-12-02 07:31:30.000,55,77.9,10.5,22
2021-12-02 08:01:30.000,37,15.4,2.4,5
2021-12-02 09:46:30.000,27,0.0,0.0,0
2021-12-02 10:01:30.000,27,0.0,0.0,0
2021-12-02 11:46:30.001,28,3.7,0.3,2
2021-12-02 12:16:30.000,27,0.0,0.0,0
2021-12-02 13:01:30.000,25,0.0,0.0,0
2021-12-02 14:46:30.000,39,51.9,7.2,12
2021-12-02 15:46:30.000,46,53.9,8.9,17
2021-12-02 16:01:30.001,45,44.3,7.0,16
2021-12-02 17:01:30.000,37,14.1,1.8,6
2021-12-02 18:01:30.000,25,16.5,1.2,3
2021-12-02 19:01:30.000,13,0.0,0.0,0
2021-12-02 20:01:30.000,9,0.0,0.0,0
2021-12-02 21:01:30.000,7,0.0,0.0,0
2021-12-02 22:01:30.001,4,0.0,0.0,0
2021-12-02 23:01:30.001,0,0.0,0.0,0
2021-12-03 00:01:30.000,0,0.0,0.0,0
2021-12-03 01:46:30.000,4,0.0,0.0,0
2021-12-03 02:31:30.000,8,0.0,0.0,0
2021-12-03 03:16:30.000,9,0.0,0.0,0
2021-12-03 04:01:30.000,8,0.0,0.0,0
2021-12-03 05:46:30.000,8,0.0,0.0,0
2021-12-03 06:46:30.000,21,19.9,2.5,3
2021-12-03 07:31:30.000,48,50.0,5.5,12
2021-12-03 08:01:30.000,30,10.1,1.1,3
2021-12-03 09:46:30.001,23,2.0,0.6,1
2021-12-03 10:31:30.000,26,16.5,1.5,4
2021-12-03 11:31:30.000,33,24.4,1.9,5
2021-12-06 09:46:30.000,20,0.0,0.0,0
2021-12-06 10:31:30.000,22,0.0,0.0,0
2021-12-06 11:01:30.000,23,0.0,0.0,0
2021-12-06 12:01:30.001,22,0.0,0.0,0
2021-12-06 13:31:30.000,24,6.7,0.5,2
2021-12-06 14:46:30.000,37,37.1,5.0,11
2021-12-06 15:46:30.000,54,79.4,7.9,19
2021-12-06 16:01:30.000,57,56.3,6.3,14
2021-12-06 17:01:30.000,32,0.0,0.0,0
2021-12-06 18:01:30.000,22,2.9,0.2,1
2021-12-06 19:01:30.000,14,0.0,0.0,0
2021-12-06 20:01:30.000,11,0.0,0.0,0
2021-12-06 21:01:30.000,8,0.0,0.0,0
2021-12-06 22:01:30.000,3,0.0,0.0,0
2021-12-06 23:01:30.000,2,0.0,0.0,0
2021-12-07 00:01:30.001,3,0.0,0.0,0
2021-12-07 01:31:30.000,2,0.0,0.0,0
2021-12-07 02:01:30.000,4,0.0,0.0,0
2021-12-07 03:46:30.000,10,0.7,0.7,1
2021-12-07 04:01:30.000,9,0.0,0.0,0
2021-12-07 05:46:30.000,7,0.0,0.0,0
2021-12-07 06:46:30.001,20,5.6,1.2,2
2021-12-07 07:31:30.000,52,72.4,10.2,20
2021-12-07 08:01:30.000,32,4.7,0.5,2
2021-12-07 09:31:30.001,24,0.0,0.0,0
2021-12-07 10:31:30.000,25,3.8,0.2,2
2021-12-07 11:01:30.000,26,0.0,0.0,0
2021-12-07 12:01:30.001,22,0.0,0.0,0
2021-12-07 13:31:30.000,23,0.0,0.0,0
2021-12-07 14:46:30.000,36,57.8,9.6,17
2021-12-07 15:46:30.000,49,70.9,9.6,19
2021-12-07 16:01:30.000,49,52.4,8.4,15
2021-12-07 17:01:30.000,34,10.7,1.2,4
2021-12-07 18:01:30.000,18,0.0,0.0,0
2021-12-07 19:01:30.000,12,0.0,0.0,0
2021-12-07 20:01:30.000,8,0.0,0.0,0
2021-12-07 21:01:30.000,5,0.0,0.0,0
2021-12-07 22:01:30.000,2,0.0,0.0,0
2021-12-07 23:16:30.000,2,0.0,0.0,0
2021-12-08 00:46:30.000,3,0.0,0.0,0
2021-12-08 01:46:30.000,8,0.0,0.0,0
2021-12-08 02:01:30.000,7,0.0,0.0,0
2021-12-08 03:31:30.000,12,0.0,0.0,0
2021-12-08 04:01:30.000,8,0.0,0.0,0
2021-12-08 05:46:30.000,6,0.0,0.0,0
2021-12-08 06:46:30.000,18,7.9,1.4,2
2021-12-08 07:16:30.000,39,60.7,7.2,17
2021-12-08 08:01:30.000,24,0.0,0.0,0
2021-12-08 09:46:30.000,23,14.8,0.7,3
2021-12-08 10:46:30.000,24,1.6,0.5,1
2021-12-08 11:31:30.000,42,41.7,6.5,11
2021-12-08 12:01:30.000,35,4.9,0.9,1
2021-12-08 13:46:30.001,29,20.5,1.3,2
2021-12-08 14:01:30.000,34,11.7,1.8,4
2021-12-08 15:46:30.000,39,32.9,4.0,11
2021-12-08 16:31:30.000,41,21.7,4.2,9
2021-12-08 17:01:30.000,37,18.7,2.5,7
2021-12-08 18:01:30.000,19,0.0,0.0,0
2021-12-08 19:01:30.000,11,2.2,0.3,1
2021-12-08 20:01:30.000,7,0.0,0.0,0
2021-12-08 21:01:30.000,6,0.0,0.0,0
2021-12-08 22:01:30.000,3,0.0,0.0,0
2021-12-08 23:01:30.000,1,0.0,0.0,0
2021-12-09 00:31:30.000,2,0.7,1.2,1
2021-12-09 01:46:30.001,4,0.0,0.0,0
2021-12-09 02:16:30.000,7,0.0,0.0,0
2021-12-09 03:31:30.000,10,0.0,0.0,0
2021-12-09 04:01:30.000,9,0.0,0.0,0
2021-12-09 05:46:30.001,7,0.0,0.0,0
2021-12-09 06:46:30.000,20,7.6,3.2,3
2021-12-09 07:31:30.000,45,42.6,7.3,12
2021-12-09 08:01:30.000,30,5.8,0.7,2
2021-12-09 09:46:30.001,25,0.0,0.0,0
2021-12-09 10:46:30.000,31,14.9,2.9,5
2021-12-09 11:46:30.000,40,33.0,5.6,7
2021-12-09 12:01:30.001,37,30.5,2.6,5
2021-12-09 13:01:30.000,27,15.3,1.5,2
2021-12-09 14:46:30.000,47,98.2,11.8,16
2021-12-09 15:46:30.000,71,224.7,16.9,37
2021-12-09 16:01:30.000,69,149.4,16.1,32
2021-12-09 17:01:30.001,39,8.1,1.3,3
2021-12-09 18:01:30.000,18,0.0,0.0,0
2021-12-09 19:01:30.000,11,0.0,0.0,0
2021-12-09 20:31:30.000,9,0.0,0.0,0
2021-12-09 21:01:30.000,5,0.0,0.0,0
2021-12-09 22:16:30.000,3,0.0,0.0,0
2021-12-09 23:46:30.000,1,0.0,0.0,0
2021-12-10 00:01:30.000,1,0.0,0.0,0
2021-12-10 01:46:30.000,6,0.0,0.0,0
2021-12-10 02:31:30.000,5,0.0,0.0,0
2021-12-10 03:31:30.001,8,0.0,0.0,0
2021-12-10 04:16:30.000,7,0.0,0.0,0
2021-12-10 05:31:30.001,6,0.0,0.0,0
2021-12-10 06:46:30.000,19,7.6,1.1,2
2021-12-10 07:31:30.000,43,45.1,6.2,14
2021-12-10 08:01:30.000,30,9.7,1.9,2
2021-12-10 09:46:30.000,27,4.1,0.8,2
2021-12-10 10:01:30.000,26,11.6,1.6,4
2021-12-10 11:16:30.000,31,8.7,1.9,3
2021-12-10 12:46:30.001,33,26.4,2.7,7
2021-12-10 13:46:30.001,44,37.6,5.8,10
2021-12-10 14:46:30.001,43,53.9,9.5,18
2021-12-10 15:46:30.001,65,70.0,8.0,18
2021-12-10 16:31:30.001,66,38.2,4.7,10
2021-12-10 17:01:30.001,55,13.0,2.2,5
2021-12-10 18:01:30.000,38,8.2,1.0,3
2021-12-10 19:01:30.000,38,3.5,2.2,1
2021-12-10 20:01:30.000,12,0.0,0.0,0
2021-12-10 21:01:30.000,11,0.0,0.0,0
2021-12-10 22:01:30.001,9,0.0,0.0,0
2021-12-10 23:01:30.000,6,0.0,0.0,0
2021-12-11 00:01:30.000,2,0.0,0.0,0
2021-12-11 01:46:30.000,2,0.0,0.0,0
2021-12-11 02:46:30.000,5,0.0,0.0,0
2021-12-11 03:31:30.001,8,0.0,0.0,0
2021-12-11 04:31:30.000,7,0.0,0.0,0
2021-12-11 05:01:30.000,5,0.0,0.0,0
2021-12-11 06:46:30.001,5,0.0,0.0,0
2021-12-11 07:46:30.000,7,0.0,0.0,0
2021-12-11 08:31:30.000,10,0.0,0.0,0
2021-12-11 09:46:30.000,18,3.8,0.5,1
2021-12-11 10:16:30.001,21,0.0,0.0,0
2021-12-11 11:01:30.000,21,0.0,0.0,0
2021-12-11 12:46:30.000,22,2.7,0.8,1
2021-12-11 13:46:30.000,27,7.9,1.1,3
2021-12-11 14:31:30.000,29,8.5,1.3,2
2021-12-11 15:16:30.000,31,16.4,1.7,5
2021-12-11 16:01:30.000,32,21.1,3.0,7
2021-12-11 17:01:30.000,29,14.7,1.8,5
2021-12-11 18:01:30.000,22,0.0,0.0,0
2021-12-11 19:01:30.000,13,1.1,0.3,1
2021-12-11 20:16:30.000,10,0.0,0.0,0
2021-12-11 21:01:30.000,7,0.0,0.0,0
2021-12-11 22:01:30.000,6,0.0,0.0,0
2021-12-11 23:01:30.001,5,0.0,0.0,0
2021-12-12 00:01:30.000,3,0.0,0.0,0
2021-12-12 01:16:30.000,2,0.0,0.0,0
2021-12-12 02:46:30.000,1,0.0,0.0,0
2021-12-12 03:31:30.000,2,0.0,0.0,0
2021-12-12 04:31:30.000,2,0.0,0.0,0
2021-12-12 05:01:30.000,2,0.0,0.0,0
2021-12-12 06:31:30.000,3,0.0,0.0,0
2021-12-12 07:46:30.000,4,0.0,0.0,0
2021-12-12 08:46:30.000,5,0.0,0.0,0
2021-12-12 09:31:30.000,8,0.0,0.0,0
2021-12-12 10:31:30.001,10,0.0,0.0,0
2021-12-12 11:16:30.000,12,0.0,0.0,0
2021-12-12 12:01:30.001,10,0.0,0.0,0
2021-12-12 13:46:30.000,12,1.8,0.1,1
2021-12-12 14:31:30.000,14,0.0,0.0,0
2021-12-12 15:46:30.001,15,0.0,0.0,0
2021-12-12 16:31:30.000,18,4.0,4.0,1
2021-12-12 17:01:30.000,18,4.9,3.8,1
2021-12-12 18:01:30.001,15,0.0,0.0,0
2021-12-12 19:16:30.000,13,0.0,0.0,0
2021-12-12 20:01:30.000,11,0.0,0.0,0
2021-12-12 21:01:30.000,7,0.0,0.0,0
2021-12-12 22:01:30.000,3,0.0,0.0,0
2021-12-12 23:01:30.001,1,0.0,0.0,0
2021-12-13 00:16:30.000,2,0.0,0.0,0
2021-12-13 01:46:30.000,3,0.0,0.0,0
2021-12-13 02:16:30.000,11,0.0,0.0,0
2021-12-13 03:01:30.000,9,0.0,0.0,0
2021-12-13 04:01:30.000,8,0.0,0.0,0
2021-12-13 05:46:30.000,7,0.0,0.0,0
2021-12-13 06:46:30.000,20,6.7,1.6,3
2021-12-13 07:31:30.001,45,47.4,5.8,13
2021-12-13 08:01:30.000,27,2.9,0.2,1
2021-12-13 09:16:30.000,20,0.0,0.0,0
